DISPUTE_ID,STATUS,SYS_CREATION_DATE,AMOUNT,TAX_AMOUNT,CREDIT_LEVEL_CODE,CHARGE_CODE,MEMO_TEXT,CATEGORY,CONFIDENCE_SCORE,REQUIRED_ACTION
1799026,O  ,1/23/2026 8:47,202.7,0.0,ACC,,Customer is a pensioner adviosed them i will credit the rejection fee however they will be liable for the subscription fee / contract fee ,Rejection Fee Dispute,1.0,Outcome pending – DB check required.
1799594,J  ,1/23/2026 13:38,202.7,0.0,ACC,,"Billing Template
Affected Number:0685121662
Alternative Number: 0685121662
Customers Name:  GLEN KEELE
ID Number:0012136019085
Billing Arrangement:345458815
FA ID Number:510471773
What have you tried: checked the profile
Additional Information: the customer dispute the rejection fee R202.70",Rejection Fee Dispute,1.0,Outcome pending – DB check required.
1799914,R  ,1/24/2026 12:45,5610.0,0.0,ACC,,"Good day
kindly assist with device subscription fee
system devided the device obligation fee to monthly installments
customer requested a once off payment
service number 0694344917",Rejection Fee Dispute,0.95,Outcome pending – DB check required.
1783711,J  ,12/21/2025 10:06,202.7,0.0,ACC,,"Billing Template
 
Affected Number:
0751303014
Alternative Number:
0751303014
Customers Name:
sifiso Nyathi
ID Number:
8406226236082
Billing Arrangement:(If Applicable)
344762521
FA ID Number:(If Applicable)
509776108
What have you tried:
customer is disputing the rejection fees charged on Dec because debit date was wrongfully put on the 20th while customer requested for the 25th",Rejection Fee Dispute,1.0,Outcome pending – DB check required.
1783746,J  ,12/23/2025 13:25,202.7,0.0,ACC,,"Billing case




Affected Number:
0834473327
Alternative Number:
0834473327
Customers Name:
BETHUEL  MANALANDILE  MATEZA
ID Number:
6101315749085
Billing Arrangement:(If Applicable)
334679898
FA ID Number:(If Applicable)
501331827
What have you tried:
Customer was charged a rejection fee of 202.70 and they have been trying to change their banking details but they were not saved 
 



Additional Information:
Payment Rejection fee R 202.70 
",Rejection Fee Dispute,0.97,Outcome pending – DB check required.
1784632,J  ,12/23/2025 15:52,899.7,0.0,ACC,,"View Case: 90795602

The customer has no usage and they state that they did not agree to any contract on their end, customer is also being credited for the failed debi order rejection fee. ",Rejection Fee Dispute,0.95,Outcome pending – DB check required.
1779225,R  ,12/14/2025 12:41,202.7,0.0,ACC,,"Billing Template

 

Affected Number:0676416544

 

Alternative Number:0788550498

 

Customers Name:Anele Maqubu

 

ID Number:82102825698

 

Billing Arrangement:341165374

 

FA ID Number:506219962
 

What have you tried: i checked on the cx bank sttement he has money
 

Additional Information: please assist with disputing the rejection fee of R202.70 since the customer had money in the account",Rejection Fee Dispute,1.0,Outcome pending – DB check required.
1781547,J  ,12/16/2025 10:15,202.7,0.0,ACC,,"affected number:505450373
contact number: 0681948905
ID: 7406240242083
FA: 509772358
BAR: 344758771
more info: The customer dispute the rejection fee as she is being charged a rejection of a rejection",Rejection Fee Dispute,1.0,Outcome pending – DB check required.
1806631,O  ,2/4/2026 13:56,1500.0,0.0,ACC,,"good day, 

kindly assist to credit the cleint the stated amount as client signed to pay 600pm but telkom charged him more as result he is incapabale to meet the obligation plus he is a pensioner 

FA 509137126
BAN 344122285

Regards",Rejection Fee Dispute,0.95,Outcome pending – DB check required.
1798927,J  ,1/22/2026 14:38,202.7,0.0,ACC,,"Billing Template
Affected Number:0704691156
Alternative Number: 0739820799
Customers Name:   Celiwe Nkosi
ID Number:8006241045086
Billing Arrangement:344773796
FA ID Number:509787382
What have you tried: checked the profile
Additional Information: the customer dispute the rejection fee R202.70",Rejection Fee Dispute,1.0,Outcome pending – DB check required.
1799793,J  ,1/24/2026 9:17,202.7,0.0,ACC,,"good day 

customer disputing the rejection fees 

the customer has been requesting to change debit order date 

the debit order was changed and yet she was charged rejection fees 

shes disputing the fees and wants to be credited 

Backout payment  202.70
",Rejection Fee Dispute,1.0,Outcome pending – DB check required.
1800208,J  ,1/26/2026 13:36,202.7,0.0,ACC,,"
cx states advised with debit for 25th not last day ,cx sates was debited on the wrong date .cx is disputing rejection fee.Cx sates was give the wrong amount at telkom store 

Incoming call contact tel. no. 0715839117
Notes:
Name:Amino Makhundulo Mtau
ID NO:7906155921084
338851683
503906479
",Rejection Fee Dispute,0.95,Outcome pending – DB check required.
1782679,J  ,12/18/2025 15:20,176.26,26.44,DEB,DCK,"Customer was not awere of additional amount on the account, customer is desputing the rejection fee",Rejection Fee Dispute,0.97,Outcome pending – DB check required.
1784886,J  ,12/24/2025 16:00,202.7,0.0,ACC,,Customer was charged for debit order rejection for November 2025 this customer had funds in their account ,Rejection Fee Dispute,0.97,Outcome pending – DB check required.
1783334,R  ,12/19/2025 9:51,1.0,0.0,ACC,,"Credit Limit	 
Affected Number:	 0682114839
Alternative Number:	 0302131133084
Customers Name:	Andiswa Fezi Ndlovu 
ID Number:	 0302131133084
Billing Arrangement: 345692870	 
FA ID Number: 510705827	 
Additional Information: Customer has a Telkom FlexOn 6 for R 249.00 that comes with a Device Subscription Fee of R 1,420.00 and their credit limit is R1000, So despite the Wireless Activation Fee of R 201.75, The customer's credit limit will be surpassed every month thus getting them suspended. Please assist and increase the customer's credit limit.",Rejection Fee Dispute,0.95,Outcome pending – DB check required.
1803460,J  ,1/29/2026 12:40,405.4,0.0,ACC,,"Good day

The customer was prematurely migrated and therefore the split billing did not fully cover the cost of the subscription fee.",Rejection Fee Dispute,0.95,Outcome pending – DB check required.
1776604,J  ,12/9/2025 11:24,202.7,0.0,ACC,,"Effective Number : 0659692484

Alternative number : 0721833169

Name : nokulunga dyantyi

ID number 9011251081087

FA ID NUMBER : 509656517

BAN ID NUMBER: 344642632

what have you tried: Customer would like to dispute rejection fee( R202.70) for the month of October 2025 she had enough funds to her account>
",Rejection Fee Dispute,1.0,Outcome pending – DB check required.
1782313,J  ,12/18/2025 9:05,202.7,0.0,ACC,,"

Billing case
 
Customer Query :
Customer was debited on the 15th  of November and they were charged a rejection fee of 202.70  but they had sufficient funds in the account 
Affected Number:
0691100998
Alternative Number:
0799701377
Customers Name:
Kulani Shantine Baloi
ID Number:
9312151156080
Billing Arrangement:
340951041
FA ID Number:
506005832
Additional Information:

Customer was charged a rejection fee 
Bank statement attached 
Payment Rejection fee 112006229 18 Nov 25 R 202.70








",Rejection Fee Dispute,0.97,Outcome pending – DB check required.
1787250,R  ,1/3/2026 9:43,202.7,0.0,ACC,,"Good day
Kindly assist with creditng the customer for debit rejection fee. There was enough amount to be debited on the account.
Bank statement attached",Rejection Fee Dispute,0.95,Outcome pending – DB check required.
1798805,J  ,1/22/2026 8:54,520.42,0.0,ACC,,Customer is a pensioner and has incurred 2 reconnection fees in his account advised i will help him with that however he will still be l;iable for the monthly fee also made him understand that he needs to pay every month to avoid suspension ,Rejection Fee Dispute,0.95,Outcome pending – DB check required.
1800316,R  ,1/26/2026 15:54,202.7,0.0,ACC,,"Good day
Customer disputes debit order rejection fee as enough money was in bamk account for December 2025. Please see bank statement attached and circled.
Cust ID:128164560
FA:504308585
Kind regards",Rejection Fee Dispute,0.99,Outcome pending – DB check required.
1804958,J  ,2/2/2026 12:55,202.7,0.0,ACC,,"affected number: 0699196213
9102041094082
Agnes Guenha
agosiame@gmail.com
0739897897
stand no46 
tayereng 1030 


Retention Attempt
Number in question :  0658982657
Current Plan :120GB LTE TopUp Deal
New Plan: 20Mbps LTE All Hours Deal (from 120GB LTE TopUp Deal)
Contract Age: 12 months , 18 days.
Monthly Fee : 339.00
Device Fee : 0.00
Reason for call / why they are cancelling :billing
Retain: yes
Cancellation Request Date :02/02/2026
Cancellation Effective Date:n\a
Outcome: service retain


Customer called to cancel contract, reason due to billing, says in Nov made manual payment before her payment date,  and then same month debit order collected, incurred unpaid dbeit order fees as a result and now billing is high ... requested they email statement to show payment so we log dispute .... advised though for future reference to pay 10-days prior for cash payments to avoid incorrect billing 
customr also queried if is able to upgrade to inlimited as current data plan does not last ... change sdone to  20Mbps LTE All Hours Deal (from 120GB LTE TopUp Deal) 

transaction on statement; 26/11/2025 Banking App External Payment: Guenha An Uncategorised -541.70 

reversed Backout payment 202.70 Period: 
12/1/2025-12/31/2025",Rejection Fee Dispute,0.95,Outcome pending – DB check required.
1805810,J  ,2/3/2026 10:20,224.74,0.0,ACC,,"Affected Number: 0815641844, 0694415815, 2100437507
Alternative Number: 0685322498
Customers Name: John Nhlabathi
ID Number: 6106015531089

What have you tried: Verified on the customer statement.
Additional Information: Customer's debit order failed due to insuffient funds but there were more than sufficient funds for the debit order.

Bank ID: 470010
Bank Account Number: ********0178
Debit Order Rejection Reason: Not provided for
Status: Rejected

Rejection Fee: R202.70 - Credited
Late Payment Interest: R22.04 - credited
Not the first offence.
Bank statement attached.",Rejection Fee Dispute,1.0,Outcome pending – DB check required.
1784884,J  ,12/24/2025 15:47,202.7,0.0,ACC,,"Customer was being charged extra on hr and it was error on our side because was charged double and the debit order got rejected, customer now charged the debit rejection amount which was not supposed to be charged.

customer to be credited the debit rejection fee amount of R202.70.",Rejection Fee Dispute,0.99,Outcome pending – DB check required.
1796979,J  ,1/17/2026 9:24,202.7,0.0,ACC,,The customer is disputing the rejection fee because they had enough funds when we came to debit on 20/12/2025.,Rejection Fee Dispute,0.99,Outcome pending – DB check required.
1797987,J  ,1/20/2026 19:01,202.7,0.0,ACC,,"
Affected Number:0679992579
 

Alternative Number:0679775919
 

Customers Name:Chante Mercia Okhuis


ID Number:9802210181087

 

Billing Arrangement:339666628
 

FA ID Number:504721422
 

What have you tried:Checked FA ID

 

Additional Information:Customer would like to disputes rejection fee",Rejection Fee Dispute,0.97,Outcome pending – DB check required.
1803888,R  ,2/2/2026 13:34,202.7,0.0,ACC,,Customer were charged rejection fee of R202.70 while Telkom did not debit on 15 Decembe 2025,Rejection Fee Dispute,1.0,Outcome pending – DB check required.
1787519,R  ,1/5/2026 9:53,202.7,0.0,ACC,,"Good day
Kindly assist with crediting debit rejection fee. Customer had enough to be debited on December. But she was charged R202.70.
Bank statement attached",Rejection Fee Dispute,0.99,Outcome pending – DB check required.
1798932,J  ,1/22/2026 15:27,202.7,0.0,ACC,,"customer was debited on the the 27th , and she states her debit date is the 25th 
Customer is disputing rejection fee 202.70

for retain purposes ratianed cx

508769459
343754257",Rejection Fee Dispute,0.97,Outcome pending – DB check required.
1786492,R  ,12/30/2025 11:08,202.7,0.0,ACC,,"Rejection Fee

Dispute Group: Subscription
Credit Reason: Subscription – FA 

Billing Template	 
Affected Number:	 0672351022
Alternative Number: 0636134084
 
Customers Name:	 TSHEPHO MABILO
ID Number: 9710085876089 
Billing Arrangement: 341414969	 
FA ID Number: 506466501	 
What have you tried:  i have checked on the customer's account what i saw was that the was no debit on the 24th 
Additional Information:   customer wants to know why he was not debited on the 24th of December so what i saw is that we tried to debit the customer on the 12/27/2025  and he didn't have funds so the customer said he had funds but money wasn't  taken on the 24th   so i have asked the customer to send me his bank statement, customer also said on the 27th he didn't have money",Rejection Fee Dispute,0.95,Outcome pending – DB check required.
1800348,J  ,1/27/2026 13:22,202.7,0.0,ACC,,"Customer was debited a day before their debit ate and the debit rejected and are charged a rejection fee 

Affected Number: 0698959271

 

Alternative Number:0827101918

 

Customers Name:SAMUKELO NALA

 

ID Number:9905125469081

 

Billing Arrangement:(If Applicable) 344806450

 

FA ID Number:(If Applicable) 509820036

 

What have you tried: Disputed the rejection fee and advised to be aware for future 

 

Additional Information",Rejection Fee Dispute,0.95,Outcome pending – DB check required.
1800367,J  ,1/28/2026 10:48,2619.96,0.0,ACC,,The customer says he is a new customer account is suspoended due to credit limit the customer says hhe  internet was connected on the 28 November but telkom is billing him from Oct2025 he would like telkom to check usage and credfit accountRetail Fibre BB Lite 50/25Mbps 09 Oct 25 - 08 Nov 25 R 617.48Retail fibre contract fee (Consumer) 09 Oct 25 - 08 Nov 25 R 71.52Retail Fibre BB Lite 50/25Mbps 09 Nov 25 - 08 Dec 25 R 617.48Retail fibre contract fee (Consumer) 09 Nov 25 - 08 Dec 25 R 71.52Retail Fibre BB Lite 50/25Mbps 09 Dec 25 - 08 Jan 26 R 617.48Retail fibre contract fee (Consumer) 09 Dec 25 - 08 Jan 26 R 71.52Retail Fibre BB Lite 50/25Mbps 09 Jan 26 - 08 Feb 26 R 617.48Retail fibre contract fee (Consumer) 09 Jan 26 - 08 Feb 26 R 71.52 please investigate and credit ,Rejection Fee Dispute,0.95,Outcome pending – DB check required.
1803984,R  ,1/30/2026 15:33,202.7,0.0,ACC,,"Good day
please assist with debit order rejection fee as therer was funds in the customers acc
regards
hassen",Rejection Fee Dispute,0.99,Outcome pending – DB check required.
1795500,R  ,1/15/2026 13:09,204.0,0.0,ACC,,"Good day

Please assist with disputing Activation fee and subscription fee as customer is on LTE and need all network plan so that the connection is more stable customer did application on 09.01.2025 and customer bought MI-FI router that came with 7.5GB /7.5 data on sim card 0692766479 customer used it and disoverd that it disconnects randomly as he is using that data when driving as he is a driver by profession customer  canceled 0751019637 12.5GB LTE TopUp Deal and didnt use that data and the sim at all
Amount to dispute R105 subscription and R99 for Activation fee

Regards
Zolani Siphamla",Rejection Fee Dispute,0.95,Outcome pending – DB check required.
1806404,O  ,2/4/2026 9:38,202.7,0.0,ACC,,"Kindly refund customer for the rejection fee that was charged to the customer, but there was money in the account ",Rejection Fee Dispute,0.95,Outcome pending – DB check required.
1782681,R  ,12/18/2025 15:45,202.7,0.0,ACC,,"Good day
Kindly assist with a refund of R202.70 rejection fee  . Customer is disputing that she had funds in her bank account on the last day of the month which is her debit date. ID and bank statement attched.
Affected number :0602085911
Customer ID: 200998980
FA ID:509138850
BA:344124009
",Rejection Fee Dispute,1.0,Outcome pending – DB check required.
1779216,J  ,12/14/2025 9:55,405.4,0.0,ACC,,"Customer credited for rejection fee 
The agent change the debit from EFT to debit 
Customer didnt ask about the debit Date 
Customer was debited on the incorrect date and was charge the rejection fee 

View Case: 90305070",Rejection Fee Dispute,0.95,Outcome pending – DB check required.
1798061,J  ,1/19/2026 21:56,202.7,0.0,ACC,,"customer had enough funds on the 30th of August, and would like to dispute the rejection fee of R202.70",Rejection Fee Dispute,1.0,Outcome pending – DB check required.
1798980,R  ,1/22/2026 11:29,202.7,0.0,ACC,,"Good day
Kindly assist with creditting the debit rejection fees. Customer had enough to be debited.
Please reinstate the debit order.
Customer is always complaining about Telkom not debiting whilst she has enough to be debited and her lines being suspended.
She is also threatening to cancel all her contracts. Please assist",Rejection Fee Dispute,0.97,Outcome pending – DB check required.
1803858,R  ,1/31/2026 10:50,1.0,0.0,ACC,,"Good day 
Kindly assist as customer was debited on the 271225 and the debit order was returned however there was money in customers account.
she was then charged for the R202.70 in the month of january .
she is now requesting a refund on that amount.
attached is the proof of debit ",Rejection Fee Dispute,0.97,Outcome pending – DB check required.
1806039,R  ,2/3/2026 13:11,202.7,0.0,ACC,,"Good day 

Hope all is well 

Kindly assist with disputing debit order rejection fee as there was money available in customer's account.

Kindly see attached statement.",Rejection Fee Dispute,0.99,Outcome pending – DB check required.
1791139,J  ,1/8/2026 16:51,405.7,0.0,ACC,,"Customer initially asked for the debit order to be on the 15th advised it has been changed advised also moving forward they will be laible for the penalty charges this account is fairly new 
2 rejection fees ",Rejection Fee Dispute,0.97,Outcome pending – DB check required.
1793799,J  ,1/14/2026 13:19,700.0,0.0,ACC,,"E-mail received from customer.  Not willing to pay any rejection fees.  Please investigate. Payment Rejection fee 162620310 23 Dec 25 R 202.70Late payment Interest 344543356 
01 Jan 26 R 1.67",Rejection Fee Dispute,0.99,Outcome pending – DB check required.
1777101,R  ,12/10/2025 13:13,202.7,0.0,ACC,," Good day
Kindly assist with a refund of R202.70 rejection fee  . Customer is disputing that he had funds in his bank account on the 25th which is his debit date. ID and bank statement attched.
Affected number :0815453774
Customer ID:134213481 
FA ID:506083947
BA:341029359
",Rejection Fee Dispute,1.0,Outcome pending – DB check required.
1790567,R  ,1/8/2026 17:26,202.7,0.0,ACC,,"Hi team,

please kindly assist in investigating customers bill, customer was charged rejection amount twice on november invoice and december invoice. where is he only rejected once. kindly waive off the rejection of R202.70 
",Rejection Fee Dispute,0.97,Outcome pending – DB check required.
1790573,J  ,1/9/2026 9:51,202.7,0.0,ACC,,"Billing Template

 
Affected Number:0813597209
Alternative Number:0658331140
Customers Name:Neo Tlhagwane
ID Number:9709010609086
Billing Arrangement:343615109
FA ID Number:508630350
What have you tried: checked customers FA 
Additional Information: customers was double debited, the other debit was debited by collections so customer wanted to dispute debit order rejection fee

",Rejection Fee Dispute,0.97,Outcome pending – DB check required.
1790664,J  ,1/14/2026 8:14,202.7,0.0,ACC,,Please credit the customer account as a good will gesture amount of R202.70 as the customer account had an issue where he was charged once off for device. ,Rejection Fee Dispute,0.97,Outcome pending – DB check required.
1796786,R  ,1/16/2026 18:55,202.0,0.0,ACC,,the custoimer was charged a debit rejection fee but she did pay the contract in store.,Rejection Fee Dispute,0.95,Outcome pending – DB check required.
1798454,J  ,1/21/2026 10:39,202.7,0.0,ACC,,"Customer is disputing R202.70 rejection fee as customer requested cancellation of service, service terminated on Cancel Service 10/24/2025 10:44:11 AM

Regards",Rejection Fee Dispute,1.0,Outcome pending – DB check required.
1806541,O  ,2/4/2026 12:01,601.0,0.0,ACC,,"Good day,

Please kindly assist with the customer's account



Customer made a payment on the 22/12/2025 amount of R788.00 and Telkom tried to debit on the 31/12/2025 amount of R399.00

and the customer was charged debit order rejection fee although the payment was already reflecting on the system so now on cuatomer's FA  there's a Pending charge of R399.00


Kindly wave off  R399 so that the customer's account can be up to date so that it doesn't affect the credit limit.



Kindly remove the R399 so that the customer's account can be up to date.",Rejection Fee Dispute,0.97,Outcome pending – DB check required.
1791850,R  ,1/12/2026 12:01,202.7,0.0,ACC,,"Good Day kindly assist with dispute of R202.70 , Customer requested to change banking details and it was changed hence no funds were available in Old account for payment to go off
However she made a manuel payment which reflects.
Thank you and Kind Regards .",Rejection Fee Dispute,0.97,Outcome pending – DB check required.
1792154,J  ,1/14/2026 14:26,202.7,0.0,ACC,,"
Alternative Number:0835161077

Customers Name:NOLWAZI MLAMBO

ID Number:7108160585083

Billing Arrangement:(If Applicable)339447691

FA ID Number:(If Applicable)504502486

What have you tried:  Customer would like to dispute rejection fee (R202.70) for the month of June 2025 customer had enough fund to her account.",Rejection Fee Dispute,1.0,Outcome pending – DB check required.
1791464,R  ,1/9/2026 15:03,2055.81,0.0,ACC,,"



Search

FA_ID
 	









Successful Collected
Partially collected

Collected Amount	
R 2055,81
      
Search_FA      
509775756
Last Successful Date	
2025-12-19
  FA_Number 
509775756
 	Arrears	
R 2055,81
Cus_Names   
Zizipho Vapi
Total Due	
R 3012,32
   
Last Debit Order Rejection Date	
2025-11-01

Rejection Reason	
NOT PROVIDED FOR (EQUIVALENT TO R/D ON A CHEQUE)
All Collections Transactions For The last Three Months
Group	Amount	Action_Date	Status	Latest_Status_Description	Lastest_Status_Effective_Date
Nudebt Debicheck Telkom	2055,81	2025-12-19	Successful	Successful	2025/12/20 00:00:00",Rejection Fee Dispute,0.95,Outcome pending – DB check required.
1799230,J  ,1/23/2026 8:20,501.0,0.0,ACC,,Credit debit order levy R202.70 + Interest R9.88. See previous cases. Duplicate credit given. Rental + Penalty fee credit arranged but did not credit the rest. ,Rejection Fee Dispute,0.97,Outcome pending – DB check required.
1803187,J  ,1/28/2026 17:38,202.7,0.0,ACC,,"Affected Number: 0601614837
 
Alternative Number:0601614837
 
Customers Name:THANDOKUHLE KUNENE
 
ID Number:9302171133086
 
Billing Arrangement:345624282
 
FA ID Number:510637239
 
What have you tried:Customer wanted to change the debit order date on December and was advised that the debit order date was changed however the changes were made on January. Customer then missed a debit order because of the debit date. Customer to dispute the rejection fee that is charged on their invoice.",Rejection Fee Dispute,0.99,Outcome pending – DB check required.
1791210,J  ,1/9/2026 10:13,409.0,0.0,ACC,,"Good day
Please assist as customer has been charged rejection fees on 07/12/2025. There was funds in the account. 

Bank Statement attchaed 

Kind Regards
S",Rejection Fee Dispute,0.99,Outcome pending – DB check required.
1794341,J  ,1/15/2026 9:26,462.91,0.0,ACC,,"Customers Name:
 Zoliswa Sokwanqa
ID Number:
 7211130449081
Billing Arrangement:(If Applicable)
 345453908
FA ID Number:(If Applicable)
 510466866
What have you tried:
 As per case number 90737894 customer has been incorrectly charged penalty fees as the customers debit date was incorrectly saved as the last day of the month instead of the 15th now its been correctly updated and customer needs to be disputed for the penalty of 202.70 as well as the reconnection fee of 260.21 as per the case number 90737894
The total to be disputed is -462.91

",Rejection Fee Dispute,0.95,Outcome pending – DB check required.
1803698,R  ,1/30/2026 8:32,643.8,0.0,ACC,,"FTR JAN:Called 0692109329 spoke to MPENDULO SHOZI as per cust  there was no money  at the bank ,advised of rejection fee and interest, EDC payment  pending -logged 75 as per cust req- Bongi  0415050013.",Rejection Fee Dispute,0.95,Outcome pending – DB check required.
1804740,R  ,2/1/2026 12:34,202.7,0.0,ACC,,"The customer was due for a debit order amount of R259 on 31 December 2025 and had a balance of R909.32 in his bank account to which the debit  was not successful, resulting  in a R202.70 to be deducted on 31/01/2026
Please see the attached Bank Statement as reference",Rejection Fee Dispute,0.97,Outcome pending – DB check required.
1799960,R  ,1/24/2026 16:34,202.7,0.0,ACC,,"Billing Template	 
Affected Number:	0693738822
Alternative Number:0782596268 
Customers Name:	neliisiwe jili
ID Number:9606260447086	 
Billing Arrangement:343922997
FA ID Number:508938140 
What have you tried: I went to check the customer's account saw that Telkom went to debit the customer on the 27th of December while else invoice saying she will be debited on the 24th hence why she is disputing the back out fee  
Additional Information: customer says she had money in December but she was not debited on the 24th so now owing R 644.05 so i have advised her that she must send through her bank statement so that we can dispute the 202.70",Rejection Fee Dispute,0.95,Outcome pending – DB check required.
1782233,J  ,12/18/2025 8:20,468.95,0.0,ACC,,Rejection fees and late payment interest fees credited ,Rejection Fee Dispute,0.97,Outcome pending – DB check required.
1791573,J  ,1/10/2026 13:20,176.26,26.44,DEB,DCK,"Affected Number: 0699157259 & 0682620663
Alternative Number: 0676559444
Customers Name: NTWANANO MTHOMBENI
ID Number: 9305295534089
Billing Arrangement: 344136423
FA ID Number: 509151264
What have you tried: Advised the customer that the rejection fee will be waivered this time only out of goodwill, but for future references, he should make manual payments 10-15 working days prior the debit order date.
Additional Information: Customer made a manual payment 5 days before his debit order date and his debit order date, his bank account was debited again resulting in a failed debit order as the funds under his account were not sufficient to cover the debit order. This has led to payment rejection fee to be charged due to this. He advised that he was no aware of such information.

Advised the customer that the charges will only be credited now, but should this happen again, he will only be liable to pay the charges included.

Charges to be waivered: R202.70",Rejection Fee Dispute,0.99,Outcome pending – DB check required.
1798190,J  ,1/21/2026 11:07,260.0,0.0,ACC,,"S HUISAMEN
Customer upgraded the account and were advised the credit will be applied. She called and upgraded the speed on the 27/11/2025, was advised she will recieve a call in order to test the speed whether will be compatable. It was compatable but has recieved that speed in January 2026, and wants the credit for the month of Dec 2025.

B510007049
Cust called in, having issues with slow internet speed
Cust subscribed to: 200/100 MBPS
speed test results before refreshing the line
Download: 40 mbps
Upload:16.4 mbps
Cust not at home, cannot refresh the line. nzimans5

Subscription & usage for B510007049 Telkom Endless Fibre R 955.00Subscription services
Description Period
Retail Fibre BB 100/100Mbps 18 Nov 25 - 17 Dec 25 R 883.48Retail fibre contract fee (Consumer) 18 Nov 25 - 17 Dec 25 R 71.52Subtotal R 955.00Subscription & usage for TIN1518851 Telkom Endless Fibre R 814.82Subscription services
Description Period
TI-Mailbox 18 Nov 25 - 17 Dec 25 R 15.82Telkom Uncapped (40-100Mbps) 18 Nov 25 - 17 Dec 25 R 799.00

Subscription & usage for B510007049 Telkom Endless Fibre R 1,089.00Subscription services
Description Period
Retail Fibre BB 200/100Mbps 18 Dec 25 - 17 Jan 26 R 1,017.48Retail fibre contract fee (Consumer) 18 Dec 25 - 17 Jan 26 R 71.52Subtotal R 1,089.00Subscription & usage for TIN1518851 Telkom Endless Fibre R 999.00Subscription services
Description Period
Telkom Uncapped (100-200Mbps) 18 Dec 25 - 17 Jan 26 R 999.00


Change(Broadband,Internet) ,Closed,11/26/2025,2696239581A,2696239582A,Telkom Endless Fibre
Customer Request
Telkom Endless Fibre200/100 mbps

Telkom Endless Fibre 100/100Mbps R909.00 R965.00 R56.00
R1225-965=R260",Rejection Fee Dispute,0.95,Outcome pending – DB check required.
1803854,R  ,1/31/2026 9:27,176.26,26.44,DEB,DCK,"/Customer has been charged the backout fee of R202.70 for a missed debited order for 29/11/2025.
Customer has funds available for the debited order to be debited from his account",Rejection Fee Dispute,0.97,Outcome pending – DB check required.
1781487,J  ,12/16/2025 7:43,202.7,0.0,ACC,,"
The customer never had a active mandate which affected her bill

Rejection Fee was credited",Rejection Fee Dispute,0.95,Outcome pending – DB check required.
1778351,J  ,12/12/2025 10:27,608.1,0.0,ACC,,i have passed a credit of 608.10 for 3x rej fees of 202.70 as cust pays before d/order goes off however d/order still goes off and she is being charged rej fees,Rejection Fee Dispute,0.95,Outcome pending – DB check required.
1798181,R  ,1/20/2026 19:13,202.7,0.0,ACC,,"Good day 

Please assist in waving rejection fees for December as customer says he did not receive any communication that the debt will go off early.
Kind regards Jadine ",Rejection Fee Dispute,0.97,Outcome pending – DB check required.
1798611,J  ,1/21/2026 21:22,202.7,0.0,ACC,,"Affected Number:

0659551649

Alternative Number:

0846659082

Customers Name:

 THERANCE KHAMBULI

ID Number:

 9912065660083

Billing Arrangement:(If Applicable)

 344656680

FA ID Number:(If Applicable)

509670418

What have you tried:Checked FA ID

 
Additional Information:Customer disputes rejection fee for December 
as he had funds of his telkom account on December
",Rejection Fee Dispute,0.95,Outcome pending – DB check required.
1806421,O  ,2/4/2026 13:17,608.1,0.0,ACC,,"Good day,

Please assist. Customer's account was not debited for 3 months even though there was money available to deduct. Customer has been making manual payments the whole time through the Telkom App. Customer was then charged penalty rejection fee. Please investigate and advise.

Customer is disputing this amount and would like to be credited please.",Rejection Fee Dispute,0.95,Outcome pending – DB check required.
1787144,J  ,1/2/2026 14:02,207.72,0.0,ACC,,The customer wants to dispute the rejection fee because they were incorrectly charged.,Rejection Fee Dispute,0.99,Outcome pending – DB check required.
1787953,J  ,1/7/2026 11:18,202.7,0.0,ACC,,Customer is disputing the Rejection fee for the 29/11/2025 since she was debited on the wrong date.,Rejection Fee Dispute,0.99,Outcome pending – DB check required.
1776418,J  ,12/8/2025 15:55,405.4,0.0,ACC,,Customer sent an ICASA that she was charged rejection fee on the April invoice whereas she had called in and requested to cancel the prime video service in January 2025. Customer also complained about rejection she was charged in September for afailed debit order. Customer had requested to change debit order date in August but was not advised that changes will be effective from the following month. As goodwill getsure and ebnefit of the doubt credits for two rejection fees will be arranged. 2027*2=R405.4,Rejection Fee Dispute,0.99,Outcome pending – DB check required.
1777057,R  ,12/10/2025 10:52,202.7,0.0,ACC,,"Affected Number:  0643445711

Alternative Number:  0682256900

Customers Name:  BUHLEBUYEZAZUMA 

ID Number: 0405165460081

Billing Arrangement:(If Applicable) 344992026

FA ID Number:(If Applicable)  510005232

What have you tried: Dispute rejection fee

Additional information:  Customer change banking details on the month of November 2025 from TYME BANK to CAPITEC BANK on the CAPITEC BANK Telkom was going to debit in December 2025 the last debit was going to be in NOVEMBER 2025 to the TYME BANK account customer left enough  funds to debit on TYME BANK account.",Rejection Fee Dispute,0.95,Outcome pending – DB check required.
1791208,R  ,1/9/2026 9:50,202.7,0.0,ACC,,"Good day.

Please assist with wavering penalty fee as the debit order did go off on the the 24th December 2025 and the was a failed debit order on the 27th December which results in the customer being charged a debit order rejection fee of R202.70.

Kind regards
Sinentlantla",Rejection Fee Dispute,1.0,Outcome pending – DB check required.
1791209,R  ,1/9/2026 9:51,207.35,0.0,ACC,,"Good day
Please assist with disputing R207.35 on customers account ,last month telkom did not debit from their account on the 25TH of December which he had enough money
Until last day of the month( which he then went to pay the money manualy at Pick N Pay)  and usaully it always deduct from their account  and now he is refusing to pay the rejection fee.",Rejection Fee Dispute,0.95,Outcome pending – DB check required.
1793657,J  ,1/13/2026 16:33,202.7,0.0,ACC,,"Billing Case
 
Affected Number:
 0692541341
Alternative Number:
 0699974134
Customers Name:
Matseleng Hildah Raphakgadi
ID Number:
 8111060705081
Billing Arrangement:(If Applicable)
 335517220
FA ID Number:(If Applicable)
 502069426
What have you tried:
 crm
Additional Information:
 customer is disputing the rejection fee that telkom did not debit

customer was debited on the wrong account
customer states that she s no longer using the nedban account and she changed it to fnb

POP sent to TM SOC Billing:
yes",Rejection Fee Dispute,0.99,Outcome pending – DB check required.
1794038,J  ,1/14/2026 15:09,202.7,0.0,ACC,,"Billing Case

 

Affected Number:0684216180

 

Alternative Number:0767222066

 

Customers Name:MALEFANE MPHANYA

 

ID Number:9911145193081

 

Billing Arrangement:344668247

 

FA ID Number:509681985

 

What have you tried:Customer is stating that they had funds on His account on the 27/12/2025 therefore is disputing the rejection penalty fee R202.70
 

Additional Information:Penalty fee of R202.70 dispute. bank statement provided

 

POP sent to TM SOC Billing:

e.g. Yes or No",Rejection Fee Dispute,1.0,Outcome pending – DB check required.
1783378,R  ,12/19/2025 10:58,405.4,0.0,ACC,,"Good day,

Please kindly assist with client bill
ID:1367574439 & ID:1345896296
on this invoice the client is bill R202.70 extra 
however the debit went through and we did check
the statement 

pleaes kindly assist with the billing
and adjustments on client bill 

Kind regards 
",Rejection Fee Dispute,0.97,Outcome pending – DB check required.
1784112,J  ,12/22/2025 13:51,550.25,0.0,ACC,,"Good day 

please assit as customer was contact for insurance and said to the call centre agent she is a pensioner and cant afford the insurance

customer is not willing to pay this amount of R550.25 THAT WAS ADDED to the billed

thank you


",Rejection Fee Dispute,0.95,Outcome pending – DB check required.
1795497,J  ,1/15/2026 13:04,176.26,26.44,DEB,DCK,"Customer made a manual payment, customer was still debited, customer is desputing rejection fee
",Rejection Fee Dispute,0.95,Outcome pending – DB check required.
1800164,J  ,1/26/2026 12:57,810.8,0.0,ACC,,"Please assits to credit account for Debit Order rejection fees, customer advised that he was not informed when he signed up for Fibre of any extra cost. 

customer will be inform accordingly for the rejection fees and going forward no credits to be passed for rejected payments.",Rejection Fee Dispute,0.99,Outcome pending – DB check required.
1800374,J  ,1/28/2026 12:17,202.7,0.0,ACC,,"SBONGISENI MBOLA
0606153627
9609230571084
343872041
508887157
customer is disputing the rejection fee that was charged for failing fo",Rejection Fee Dispute,0.99,Outcome pending – DB check required.
1789152,J  ,1/6/2026 14:29,1013.5,0.0,ACC,,"customer is disputing the debit order rejection fees billed on the account.

The customer advised that at the time of account activation, they requested the debit order date to be the 1st of the month. However, the store agent did not advise that the 1st was not available and instead captured the 15th as the debit order date without the customer’s knowledge or consent.

As a result, the customer has been making manual payments since then. Despite this, the account has continued to be billed for debit order rejection fees from August 2025 to December 2025, calculated as follows:

Debit order rejection fee: R202.70 × 5 months

Total amount disputed: R1,013.50

The customer complaint and supporting communication confirming the requested debit order date have been attached for reference.",Rejection Fee Dispute,1.0,Outcome pending – DB check required.
1786701,R  ,12/31/2025 9:24,202.7,0.0,ACC,,"Affected Number: 0814499087	 
Alternative Number: 0749532280	 
Customers Name:	Ntokozo Mazibuko 
ID Number:9812290531085	 
Billing Arrangement:345607578	 
FA ID Number:	510620535 
What have you tried: the customer disputes the 202.70 whereby the customer was double debited on their account on the 31/10/2025	 
Additional Information: Please check on the transaction that took place on the 31/10/2025	",Rejection Fee Dispute,0.95,Outcome pending – DB check required.
1786796,R  ,12/31/2025 14:13,202.7,0.0,ACC,,"account was paid manually on the wrong account. debit order got rejected, funds were transfered to the correct account, please credit rejection fee.

We are not privellaged to credit customer in store according to CRM, please assist.",Rejection Fee Dispute,0.95,Outcome pending – DB check required.
1791228,J  ,1/9/2026 10:16,202.7,0.0,ACC,,reversed amount 202.70 as customer opened account and was not aware of the penalties,Rejection Fee Dispute,0.95,Outcome pending – DB check required.
1790367,J  ,1/8/2026 11:15,176.26,26.44,DEB,DCK,"Customer was not awere they were going to be debited on 29 November, customer is desputing rejection fee",Rejection Fee Dispute,0.95,Outcome pending – DB check required.
1806633,J  ,2/4/2026 13:53,202.7,0.0,ACC,,"affected number: 0614921558
phakamile ngubane
8102040787083
phakamilengubane@gmail.com
0823969904
510271 FISHING RD, EDENDALE, 3217

Customer called to cancel contract, reason customer pays by EFT , incurred rejection fees though paid ... informed to avoid rejection fees to pay days prior her payment datse to allow paymetnt to reflect in time otherwide paying on the same day system will also try to debit .. customer was unaware .. looked into FA cash payments would reflect a day before end of the month ... advised how to manage billing in future ...in an effort to retain  reversed subscrp 
Backout payment 202.70 Period:1/1/2026-1/31/2026
Backout payment 202.70 Period:12/1/2025-12/31/2025
Backout payment 202.70 Period: 11/1/2025-11/30/2025
Late payment Interest 6.97 Period:1/1/2026-1/31/202",Rejection Fee Dispute,0.99,Outcome pending – DB check required.
1784686,J  ,12/24/2025 8:24,202.7,0.0,ACC,,"
cx is disputing rejection fee amount as he was not told about the activation fee ",Rejection Fee Dispute,0.95,Outcome pending – DB check required.
1803257,J  ,1/29/2026 9:38,202.7,0.0,ACC,,"Affected Number:0683245374

 

Alternative Number: 0712816552
 
 

Customers Name:bonginkosi mathe

 

ID Number: 7507175699088

 

Billing Arrangement: 343887019

 

FA ID Number: 508902131

 

What have you tried: Checked on the bank statement debit order bounce on the 29 November but customer had fund available on his bank account.

 

Additional Information:Customer called stating in he made payment via portal on the 27 December but he been charge rejection fee.

The customer to disputing Payment Rejection fee 111980238 02 Dec 25 R 202.70Late payment Interest 343887019 01 Jan 26 R 4.86* Subtotal R 207.56
 

",Rejection Fee Dispute,0.97,Outcome pending – DB check required.
1786087,J  ,12/29/2025 11:01,202.7,0.0,ACC,,"Customer is disputing the amount he was charged for as R202,70 for rejection fee since he was paying the account via eft ",Rejection Fee Dispute,0.95,Outcome pending – DB check required.
1786675,R  ,12/30/2025 18:28,606.0,0.0,ACC,,"please credit the for debit order rejection as he always pays via eft as he panics that debit order wont go off, advised him to pay 15days prior to debit if he is comfortable to pay via easy pay",Rejection Fee Dispute,0.95,Outcome pending – DB check required.
1787417,R  ,1/4/2026 13:53,202.7,0.0,ACC,,"Good day

Customer was charged for a debit order rejection fee in December for a debit order that did not go off on the end of October 2025.
Customer sent Bank statement as prove that he left money in the account.
Customer decided to cancel his contracts because of the billing charges.
Kindly assist",Rejection Fee Dispute,0.97,Outcome pending – DB check required.
1795914,J  ,1/20/2026 15:48,202.7,0.0,ACC,,"Billing Template	 
Affected Number: 0678068070	 
Alternative Number:0753360998	 
Customers Name:	Chanelle Caue
ID Number:0010260123087	 
Billing Arrangement:(345648609)	 
FA ID Number:(510661566)	 
What have you tried: Checked the customers account	 
Additional Information:	The customer was billed an amount of R-16,640.70 and the there was a justified dispute of the R-16,640.70 now the customer was charged a R202.70 for an amount that they were incorrectly charged",Rejection Fee Dispute,0.97,Outcome pending – DB check required.
1800248,J  ,1/27/2026 10:51,202.7,0.0,ACC,,"Good day 

Could you please assist with the following.

Customer changed debit order date from 15th to month end, however in December the debit order still went off on the 15th and customers salary was not paid in for December 2025.

On January 2026 customer was charged Rejection fee of R202.70 and customer is disputing the amount as customer did make Telkom aware that the salary date has changed.

Could you please assist with crediting the customer accordingly.

Customer name: Christo  De Bruyn 
Customer ID: 179002061
FA ID: 506134142
BA ID: 341079554

Your assistance in this matter is much appreciated.

Kind regards
Elzan",Rejection Fee Dispute,1.0,Outcome pending – DB check required.
1781639,R  ,12/16/2025 13:02,202.7,0.0,ACC,,"good day 

kindly assist with waving off the debit rejection fee that the customer has been charged with because she has not been informed when she came to change her banking details that the new account numberwont be active immidiately but rather end of the following month . lack of awareness has cost the customer to have a bill she did not budget for . the problem has  happened on the last day of october which resulted into a customer having a bill of R1150.70",Rejection Fee Dispute,0.95,Outcome pending – DB check required.
1779030,J  ,12/13/2025 9:44,202.7,0.0,ACC,,"
The customer never had a active mandate which affected her bill

Rejection Fee was credited
",Rejection Fee Dispute,0.95,Outcome pending – DB check required.
1776847,J  ,12/10/2025 16:30,10.55,0.0,ACC,,Customer was charged with the late payment interest and yet had money in account and a dispute was done to remove the payment rejection fee and the ref is 90669790,Rejection Fee Dispute,0.95,Outcome pending – DB check required.
1803298,J  ,1/29/2026 10:07,202.7,0.0,ACC,,The cx would like to dispute 202.70 for a rejection fee that she was charged for while she has enough funds on the 29 of Nov 2025.,Rejection Fee Dispute,0.97,Outcome pending – DB check required.
1786641,R  ,12/30/2025 15:26,608.1,0.0,ACC,,"Good day 

Please kindly assist with an enquiry the customer has with their account, Customer has been charged with rejection fees which she had money in her account but was not debited instead it showed insufficient funds on those days.
the 5th of July 2025, the 5th of August 2025 and the 5th of September 2025.
Kindly refund and credit the customers account.
Proof has been provided on the bank statement attached.",Rejection Fee Dispute,0.97,Outcome pending – DB check required.
1789070,R  ,1/6/2026 10:57,202.7,0.0,ACC,,"Good day 

Kindly assist with dispiuting the late payment charge of R202.70  the customer had money on her account and it was not debited. Bank statement attached.

Kind regards",Rejection Fee Dispute,0.97,Outcome pending – DB check required.
1787916,J  ,1/5/2026 20:21,202.7,0.0,ACC,,"Affected Number:0676798896
Alternative Number:0813368624
Customers Name: RASHILA JUGDAWOOH
ID Number: 7003230241082
Billing Arrangement:334911952
FA ID Number:501563881
What have you tried: Checked the customers financial statement
The customer was cherged twice for the debit order
rejection fee, but was only credited once.

Additional Information: The customer requested for the banking details
to be changed, however she was not assisted.
",Rejection Fee Dispute,0.97,Outcome pending – DB check required.
1789042,R  ,1/6/2026 10:04,202.7,0.0,ACC,,"customer says he had funds in his account but telkom did not debit
customer disputes the R202.70 BECAUSE HE HAD FUNDS IN HIS ACCOUNT 

customer was suppose to be debitted on the 24th of dec because his debit date was on the 25th and the 25th was on a holiday
customer was debited on the 17th od dec instead

customer disputes the rejection
",Rejection Fee Dispute,0.97,Outcome pending – DB check required.
1796375,R  ,1/16/2026 13:49,2645.09,0.0,ACC,,"Good day.

Please assist with allocating payment that was debited by Naedo.




FA number	Amount Paid 	Payment Method	Payment date 	Reference number used	POP provided
 503976859	2645.09 	Debit order 	 2025-12-19	 N/A	YES

 


Search
    FA_ID   	




		



Successful Collected
Full collected
		Collected Amount	      
Search_FA      		Last Successful Date	
  FA_Number 	 	Arrears	
Cus_Names   		Total Due	
	   	Last Debit Order Rejection Date	
		Rejection Reason	
All Collections Transactions For The last Three Months
Group	Amount	Action_Date	Status	Latest_Status_Description	Lastest_Status_Effective_Date
Nudebt Debicheck Telkom	1133,61	2025-12-31	Failed	Insufficient Funds - The account does not have sufficient funds available to process the transaction. (Unsuccessful Debit)	2026/01/01 00:00:00
Nudebt Debicheck Telkom	2645,09	2025-12-19	Successful	Successful	2025/12/24 00:00:00

",Rejection Fee Dispute,0.95,Outcome pending – DB check required.
1803721,J  ,1/30/2026 9:30,202.7,0.0,ACC,,"Good day
Customer has been charged for the rejection fees, said there was money on her bank account. Bank statement recieved and the money was there on her bank account. Attached under attachments

Account subscriptions & once-off R 202.70Once-off charges
Description Service/No Reference Date/Period
Payment Rejection fee 132753180 01 Nov 25 R 202.70

Billing Case	Service fee
Affected Number:	0679919967
Alternative Number:	0679919967
Customers Name:	Nomfundo Mchunu
ID Number:	9406150359081
Billing Arrangement:(If Applicable)	339552629
FA ID Number:(If Applicable)	504607423
What have you tried:	I advised customer to send the bank statement and the money was there on her bank account but then it was rejected.
Additional Information:	
POP sent to TM SOC Billing:	e.g. Yes or No
",Rejection Fee Dispute,0.99,Outcome pending – DB check required.
1805790,J  ,2/3/2026 9:37,257.61,0.0,ACC,,"From: Tshepang Malebane (T) <Malebat@telkom.co.za> 
Sent: Tuesday, February 3, 2026 9:29 AM
To: Nthabiseng Phasha (N) <PhashaMN@telkom.co.za>; Lunga Malang (L) <MalangL@telkom.co.za>; Moses Mokhethi (M) <MokheMP1@telkom.co.za>; Thabang Mothapo (T) <MothapTJ@telkom.co.za>; Shamain Twala (S) <TwalaSN@telkom.co.za>
Cc: Andine Naidoo (SA) <NaidoSA1@telkom.co.za>; Tshegofatso Kgafela (T) <KgafelT@telkom.co.za>; Neo Basuthu <neo.basuthu@startek.com>; Vusi Myeni (VE) <MyeniVE1@telkom.co.za>; Jesica Ragunanun (J) <NairJE@telkom.co.za>; Sajeda Hoosen (S) <HoosenS3@telkom.co.za>; Winifred Motsele (W) <motselw@telkom.co.za>
Subject: RE: 510494715/345481757

Good day all 

I trust all is well.

I’ve contacted the customer and advised the query will be escalated to the relevant department 

I passed the credit of R 257.61 for the rejection fee and late payment fee charged 

@Shamain Twala (S) Please kindly assist 

Kind Regards
Tshepang Malebane
TM SOC Billing
(Mobile: 081 180
(Mail: Malebat@telkom.co.za
",Rejection Fee Dispute,0.95,Outcome pending – DB check required.
1787415,R  ,1/4/2026 12:21,202.7,0.0,ACC,,"
Please see assist with R202.70  customer call in change bank deatils however the agent did not actice the account .


Kind regards
Sakeyna ",Rejection Fee Dispute,0.97,Outcome pending – DB check required.
1805580,R  ,2/3/2026 17:27,202.7,0.0,ACC,,"Good day

Please assist with removing rejection fee from customers FA and crediting their account.
Customer was debited on the 31st of December 938.00, the money was then revered back into the bank account but there was sufficient funds available.",Rejection Fee Dispute,0.95,Outcome pending – DB check required.
1781557,R  ,12/16/2025 12:23,202.7,0.0,ACC,,"Good day 
Please assist with disputing R202.70 as customers account has not been debited 

Regards
Joshua",Rejection Fee Dispute,0.97,Outcome pending – DB check required.
1782169,J  ,12/17/2025 17:31,462.91,0.0,ACC,,customer called to dispute the debit order rejection fees of R202.70 they were not aware of the charges as well as the recconectio fee of R260.21 so they are isputing the charges on the account as they accumulate every month ,Rejection Fee Dispute,1.0,Outcome pending – DB check required.
1787409,R  ,1/4/2026 10:53,209.63,0.0,ACC,,"Good day

May you please be so kind to credit customer with an amount of 209.63 which is charged to customer for debit order rejection fee

the agent who was assisting the customer did not put the correct banking details therefore it is not custumers fault 

your assistance will be very much appriciated 

Thanks",Rejection Fee Dispute,0.97,Outcome pending – DB check required.
1787835,J  ,1/5/2026 14:32,202.7,0.0,ACC,,customer was debited on the 27th of december 2025 and they had funds but was charged the rejection fee on the current invoice,Rejection Fee Dispute,0.95,Outcome pending – DB check required.
1776185,J  ,12/8/2025 10:19,202.7,0.0,ACC,,Customer missed a payment for the first time she was not advised of the 10 days rule using my discretion since this is a first payment i will credit the rejection fee ,Rejection Fee Dispute,0.95,Outcome pending – DB check required.
1790171,R  ,1/8/2026 7:31,202.7,0.0,ACC,,"Billing Case


Affected Number:
0659281739
Alternative Number:
0659281739
Customers Name:
Nthabiseng Shongwe
ID Number:
9501120823081
Billing Arrangement:(If Applicable)
344069431
FA ID Number:(If Applicable)
509084561
Additional Information:
Customer is disputing the rejection fee because they were supposed to be debited on the 24th however they were not debited and there were funds on their account then they made a payment via easypay on the 26th and when they got debited on the 27th  the payment bounced on the 30th ",Rejection Fee Dispute,0.99,Outcome pending – DB check required.
1791155,J  ,1/8/2026 18:24,202.7,0.0,ACC,,"Ismaeel Miller
0789785636
8809035071089
343537749
508553131
0789785636
customer is disputing the rejection fee charge because telkom debited his account early on the 29-11-2025  instead of the last day",Rejection Fee Dispute,0.99,Outcome pending – DB check required.
1792124,R  ,1/13/2026 15:05,202.7,0.0,ACC,,"The customer was charged an amount of R202.70 on the January 2026 invoice.

Credit amount of R202.70 arranged, as a goodwill gesture. ",Rejection Fee Dispute,0.97,Outcome pending – DB check required.
1792130,J  ,1/13/2026 16:23,202.7,0.0,ACC,,"Affected number:0699602807
Customer name:ZANDA  JELE
ID number:9704220624082
FAID:510607519
BAID:345594562

customer requested to change the debit order date to the 5th  on the 2nd of December and i advised debit order for December will run on the 5th of Jan but it ran the end of december. Customer disputing rejection fee for that",Rejection Fee Dispute,0.95,Outcome pending – DB check required.
1796341,J  ,1/16/2026 11:07,260.21,0.0,ACC,,"customer is disputing the debit rejection fees on their account,customer sent 
a bank statement that shows that they had money on the 31 december 2025 
Payment date has been updated to 20th eac month
the amount is 
Backout payment R202.70 
Reconnection Fees R260.21
Late payment Interest - 6.72",Rejection Fee Dispute,1.0,Outcome pending – DB check required.
1786091,J  ,12/29/2025 12:48,202.7,0.0,ACC,,"
 
Billing Case
 
Affected Number:
 0679167853, 0681016841, 0699203620
Alternative Number:
 0731300058
Customers Name:
 TERRENCE MATHE
ID Number:
 9208055272082
Billing Arrangement:(If Applicable)
 339172355
FA ID Number:(If Applicable)
 504227151
What have you tried:
 The customer was charged multiple rejection fees due to banking details not being changed after he requested. Please to notes on case 90056703 for more context. The customer has 4 backouts and only 3 rejection fees were credited. This dispute is for the 4th rejection fee charge. 
Additional Information:
 
",Rejection Fee Dispute,0.97,Outcome pending – DB check required.
1787404,J  ,1/4/2026 9:51,202.7,0.0,ACC,,"Affected Number: 0703407793
Alternative Number: 
Customers Name:BAXOLELE MPAHLANKULU
ID Number:9405165748080
Billing Arrangement: 345323107
FA ID Number: 510336064
What have you tried:  the customer is disputing the 202.70 as she had enough funds on the account
Additional Information:  the POP states the customer had enough amount 
",Rejection Fee Dispute,0.95,Outcome pending – DB check required.
1789319,J  ,1/7/2026 9:37,202.7,0.0,ACC,,"customer is disputing the 202.70 that they were charged as penalty fee because when they took out the contract, they were only advised that they can make the payment any day before the debit date hence they made the payment on the 26th
advised customer that next time they should make the payment 10 days before their debit date.",Rejection Fee Dispute,0.95,Outcome pending – DB check required.
1797470,J  ,1/19/2026 11:52,202.7,0.0,ACC,," Affected Number:	 0681236631
Alternative Number:	 27838622541
Customers Name:	 KOKETSO MERE
ID Number:	 9901160300083
Billing Arrangement: 341515502	 
FA ID Number: 506567013 

Additional Information:	Query : Customer changed dates last month and we still debited on the old date, then came on the same month we came to debit on the new date.

What I did : explained to the customer that they are 2 months behind due to the fact that they were being debited on the fifth.
Customer understands why we debited twice in the same month. How ever she is disputing the rejection because they didn't explain to her what will happen and so she didn't have funds in the account because the TDS didn't explain all this to her",Rejection Fee Dispute,0.95,Outcome pending – DB check required.
1804982,J  ,2/2/2026 12:36,202.7,0.0,ACC,,"The cx would like to dispute a rejection fee of R202.70 that he was charged for a payment that didnt go through 11/4/2025 while she done the payment 
",Rejection Fee Dispute,1.0,Outcome pending – DB check required.
1805575,R  ,2/3/2026 15:03,202.7,0.0,ACC,,"Good day.

Please assist with crediting customer with the rejection fee.

A debit order was done, however on the statement it shows the was insufficient funds.

Customer had more than the actual debit amount.

However,later customer was billed a rejection fee for that.

Please find attached bank statement for your preusal.

Regards
Yonela.",Rejection Fee Dispute,0.95,Outcome pending – DB check required.
1803702,J  ,1/30/2026 8:38,202.7,0.0,ACC,,Customer was debited for the invoice of the 27/12/2026 however on the FA statement it shows as a backout out of R654.99. I advised her to send me the bank statement so that i can have a look. I confirmed that she was succefuly debited on her bank account. She is now disputing the debit rejection fees on R202.70,Rejection Fee Dispute,1.0,Outcome pending – DB check required.
1776275,J  ,12/8/2025 12:49,202.7,0.0,ACC,,DEBIT ORDER REJECTION FEE WAS BILLED AS CUST PAID CASH,Rejection Fee Dispute,0.97,Outcome pending – DB check required.
1776319,J  ,12/8/2025 13:34,202.7,0.0,ACC,,"Affected Number: 0752728483
Alternative Number: 0698637564

Customers Name: Lance Lionel Kayster 
ID Number: 8906285094082

Billing Arrangement: 343641439
FA ID Number: 508656680


Customer called to dispute the R202.70 stating that he paid the amount early coz he was changing his banks and he wasn't told that he has to pay the 10 days before the debit order day, so now he is charged penalty fees. also asked that we send him debicheck mandate.
",Rejection Fee Dispute,0.99,Outcome pending – DB check required.
1774527,J  ,12/7/2025 11:06,202.7,0.0,ACC,,"good day 

kindly assist as client was charged for a rejection fee , however client had funds in his account please see attached bankstatement
kind regards ",Rejection Fee Dispute,0.95,Outcome pending – DB check required.
1804632,R  ,1/31/2026 12:51,202.7,0.0,ACC,,"Good day 

Kindly assist with disputing a rejection fee, customer was debited on the wrong debit date which led to the rejection fee. Customer had funds in his account and was debited on the correct date yet a rejection fee was added. Kindly assist with creditting the rejection fee on customer's Telkom account.

Thank you.",Rejection Fee Dispute,0.95,Outcome pending – DB check required.
1778133,J  ,12/11/2025 14:32,202.7,0.0,ACC,,"GORDON KALVIN LOTHIAN
5106225017086
506729510
341678127
0659584989

The customer is disputing a rejection fee charge of R202.70 on the November invoice. The customer went to the store to add new banking details as there was fraud occurring on the old account but was told they need to wait for three months to add the details. The customer made a manual payment but was still debited on the old account. Please refer to the CRM note for more context.",Rejection Fee Dispute,0.99,Outcome pending – DB check required.
1803313,R  ,1/29/2026 10:19,202.7,0.0,ACC,,"Date was incorrect Telkom is debting on the last day of the month instead of the 15th, customer is paying rejection fees due to incorrect date.
On BA it shows the 15th but according to FA + SMS Telkom is debting on the last day.
Customer had beened contacting billing department due to the issue.",Rejection Fee Dispute,0.97,Outcome pending – DB check required.
1803403,J  ,1/29/2026 11:25,202.7,0.0,ACC,,"Good day 

Please assist with passing a credit of R202.70 as the client made a manual payment of R259 on 3rd December and 31 December however the R202.70 rejection fee was still added to the customer's January invoice. 

Affected number: 0784018572
Customer name: Theresa Cogill
FA ID: 505920756
Customer ID: 104740258

Regards
Cintron Adams",Rejection Fee Dispute,1.0,Outcome pending – DB check required.
1806092,R  ,2/3/2026 15:29,202.7,0.0,ACC,,"Affected number:0614255297
Alternative number:0817287501
Customer name:Khethiwe  Hazel Ntanda
ID number:8910100667080
FAID:501418421
BAID:334766492

Customer assist, customer received an sms the month of December regarding the debit order, it had an option to accept or decline to be debited on the 29th and customer declined.
Customer is disputing the rejection fee.",Rejection Fee Dispute,0.99,Outcome pending – DB check required.
1778566,R  ,12/12/2025 15:48,209.71,0.0,ACC,,"Billing Template
Affected Number:0681599533
Alternative Number:0823492343
Customers Name: THANDI NOMVULA SKHOSANA
ID NUMBER: 8903190949088
Billing Arrangement: 344518262
FA ID Number:509532304
What have you tried: Customer called in saying that she can't pay the 202.70 plus 7.01 ,I will dispute the 202.70 that the customer was charged on his invoice of 12/3/2025 , as the issuer was on our side as the was a  Backout on 11/1/2025 of an amount of R620.00 there was  Event Billing Usage and also he was refunded as she says that she can't pay the costs I will dispute the Late payment Interest and Backout payment
Additional Information: Please assist the customer by the 202.70 and 7.01 ",Rejection Fee Dispute,0.95,Outcome pending – DB check required.
1798561,R  ,1/21/2026 13:02,202.7,0.0,ACC,,"Good day 

kindly assist with removing rejection fee of 202.70 .Customer was debited on the 29th of november 2025 however the debit date that was agreed on was for last day of the month.Customer gets paid on the 31st not 29th.

Bankstatement attached.",Rejection Fee Dispute,0.97,Outcome pending – DB check required.
1799118,J  ,1/22/2026 14:22,202.7,0.0,ACC,,"The cx calls in requesting to dispute R202.70 that she  was charged for for a payment that bounce back on the 27th of DEC while she done the payment that reflected on the 27th of december
",Rejection Fee Dispute,0.97,Outcome pending – DB check required.
1801604,J  ,1/27/2026 14:24,202.7,0.0,ACC,,"Good day

Please assist the customer with disputing the rejection fee they charged for missed payment but there was available funds from 2025.12.25 to 2025.12.28

best regards 

Abongil",Rejection Fee Dispute,0.99,Outcome pending – DB check required.
1801618,J  ,1/28/2026 10:18,212.18,0.0,ACC,,"

Billing case
 
Customer Query :
Customer was charged a rejection fee but they changed their debit date 
Affected Number:
0671561617
Alternative Number:
0792678913
Customers Name:
Nompumelelo Grammar Mbatha
ID Number:
8012120322083
Billing Arrangement:
345099865
FA ID Number:
510112972
Additional Information:

212.18









",Rejection Fee Dispute,0.95,Outcome pending – DB check required.
1777970,J  ,12/11/2025 12:35,202.7,0.0,ACC,,Credit Debit order levies R202.70 + Interest R21.80 for Goodwill credit. ,Rejection Fee Dispute,0.97,Outcome pending – DB check required.
1778687,R  ,12/12/2025 10:28,202.7,0.0,ACC,,"Good day
please kindly assist and dispute the amount of R202.70 that the customer has been charged on December invoice.
the customer did a manual/cash payment on the 27th of October while the debit order date is the last day of the month.

Regards",Rejection Fee Dispute,0.97,Outcome pending – DB check required.
1782640,J  ,12/18/2025 14:27,202.7,0.0,ACC,,Please credit customer debit order rejection fee due to incorrect charge on the account.,Rejection Fee Dispute,0.97,Outcome pending – DB check required.
1783545,J  ,12/19/2025 14:57,202.7,0.0,ACC,,"Billing Template
 
Affected Number:
0685926267
Alternative Number:
0827328854
Customers Name:
LONDIWE HLATSHWAYO
ID Number:
8505290588086
Billing Arrangement:(If Applicable)
334448930
FA ID Number:(If Applicable)
501100859
Additional Information:
The customer was billed for a rejection fee. 202.70 but she was never debited on her debit date but there was enough money on her account

What did you do:
Attached the bank statement.",Rejection Fee Dispute,0.97,Outcome pending – DB check required.
1784147,J  ,12/23/2025 14:47,208.6,0.0,ACC,,Good Day Pleas epass amount of R 202.70 debit order rejction fees and R 5.90 late payment fees.,Rejection Fee Dispute,0.95,Outcome pending – DB check required.
1786466,J  ,12/30/2025 10:03,500.0,0.0,ACC,,"good day 

the customer was charged for a SmartBroadband Wireless Fixed Unlimited All Hours 12 Nov 25 

the customer initiated an order to migrate to 50/25 telkom core fibre lite on the 11/11/2025

the customer was therefore billed Retail Fibre BB Lite 50/25Mbps 12 Nov 25 - 11 Dec 25 R 617.48Retail fibre contract fee (Consumer) 12 Nov 25 - 11 Dec 25 R 71.52


So the charge on the Dec bill was for Nov and Dec 

The services were activated 12 Nov so the calling plan should have been charged rather thajn the old services 

Service fee- the voice services
559 smart broadband wireless  – 59 closer boilt on= 500 should be credit on account.
",Rejection Fee Dispute,0.95,Outcome pending – DB check required.
1787152,R  ,1/2/2026 15:00,219.0,0.0,ACC,,"Good day
Kindly assist to claw back rejection fee charges. Payment bounced back and there were sufficient functs in the account.
Contact:0716803901",Rejection Fee Dispute,0.95,Outcome pending – DB check required.
1787469,J  ,1/5/2026 8:17,202.7,0.0,ACC,,"Account has been charged r202.70 for payment rejection and the account has been cancelled, credited the account ",Rejection Fee Dispute,1.0,Outcome pending – DB check required.
1787573,R  ,1/5/2026 11:43,202.7,0.0,ACC,,"Good day
Kindly assist with credititng debit rejection fee. There was enough amount to be debited but Telkom did not debit.",Rejection Fee Dispute,0.95,Outcome pending – DB check required.
1787014,R  ,1/2/2026 9:13,202.7,0.0,ACC,,Customer would like  to dispute the R202.70 as a rejection,Rejection Fee Dispute,0.99,Outcome pending – DB check required.
1804522,R  ,1/30/2026 18:07,202.7,0.0,ACC,,"Good Day 

Customer is desputing the debit order rejection fee. Can you assist and check the issue. Please contact the customer for the bank statement as i am uanble to upload it on crm here on this case. ",Rejection Fee Dispute,0.97,Outcome pending – DB check required.
1785126,J  ,12/28/2025 9:29,202.7,0.0,ACC,,"Billing Case
 
Affected Number:
0750529088
Alternative Number:
0750529088
Customers Name:
NOLUTHANDO PRUDENCE DLAMINI
ID Number:
0506250310089
Billing Arrangement:(If Applicable)
345368842
FA ID Number:(If Applicable)
510381799
What have you tried:
Customer would like the rejection fee to be waived of as she never asked for the debit date of the last day of the month 
Additional Information:
Customer is disputing the charges that were added on invoice of December  
POP sent to TM SOC Billing:

",Rejection Fee Dispute,0.95,Outcome pending – DB check required.
1795905,J  ,1/20/2026 14:02,202.7,0.0,ACC,,rejection fee,Rejection Fee Dispute,0.95,Outcome pending – DB check required.
1795948,J  ,1/21/2026 14:34,176.26,26.44,DEB,DCK,"Affected Number: 0815503323
Alternative Number:0639201593
Customers Name: SIBONGISENI LUNGISANI SIGWAZA
ID Number: 9505045729083
Billing Arrangement:344530950
FA ID Number: 509545076
What have you tried: the cx was charged  rejection fee  for a failed debit in december 27 /2025, the customer's statement shows she had enough funds on the bank to cover the R219 debit , cx is disputing the rejection fee
Additional Information:
Agent ID: sibekot2",Rejection Fee Dispute,1.0,Outcome pending – DB check required.
1799823,J  ,1/26/2026 9:49,260.21,0.0,ACC,,"customer changed the payment date in Novermber but then payment date was changed in December so he was supposed to start making the payment on the 15 of the month this January but he was still being debited on the 5 of the month and he was charged the debit rejection fee of R260.21


",Rejection Fee Dispute,0.97,Outcome pending – DB check required.
1801592,J  ,1/27/2026 10:59,202.7,0.0,ACC,,"Good day 

I trust you are wel.

Kindly be advised that the customer is disputing the rejection fee as she was being debited on the incorrect bank account
FA acc 510608910
amount R202.70",Rejection Fee Dispute,1.0,Outcome pending – DB check required.
1782534,J  ,12/18/2025 12:46,162.0,0.0,ACC,,"0325512622  customer requested cancellation in october ..as she could not make calls. she came to the store several times,and called the call centre as well however to no avail. please assist with arranging credit as she is a pensioner.",Rejection Fee Dispute,0.95,Outcome pending – DB check required.
1791047,J  ,1/8/2026 14:22,202.7,0.0,ACC,,"The rejection fee reflected in October 2025 has been credited, as the customer made a payment of R833.90 on 30 September 2025.

Following a virtual meeting held via Microsoft Teams, Gopolang recommended that this specific rejection fee be credited, given that the customer had settled the account on the debit date.",Rejection Fee Dispute,0.95,Outcome pending – DB check required.
1785023,R  ,12/27/2025 9:24,405.57,0.0,ACC,,"Good Day

Billing Case
 
Affected Number:
0787806261
Alternative

 Number:
0750634484
Customers Name:
PHUMILE KHUMALO
ID Number:
9209210439087
Billing Arrangement:(If Applicable)
 
FA ID Number:(If Applicable)
506558934
What have you tried:
Got customer 6 month bank statement 
Additional Information:
Customer request account debit order rejection fee dispute customer account had money on their debit date but was billed with backout both October and November 25th debit dates 
POP sent to TM SOC Billing:
Yes ",Rejection Fee Dispute,0.97,Outcome pending – DB check required.
1786625,J  ,12/30/2025 15:07,202.7,0.0,ACC,,"
Customer called in to dispute the charges on the account 
Customer was charged for 2 fiber lines on the account 

Customer requested for on of the services to cancelled but the lines were not cancelled as per request 

services number B310108822
Cease(Broadband,Equipment,Fixed Voice Product,Internet) 
Order REF number 2716830721A date 12/17/2025
This was only done after customer was provided with new line 

Provide(Telkom Stream Connect) 
new line services number  B310187922 
Order REF number 2657186555A date 10/12/2025
Noktes 
Customer Request
Telkom Stream Connect@ 25/25mbps


Calculations 
Monthly services fee for Telkom Endless Fibre
1244   -   485 
=759

The amou nt ot  be credited back is 759
Plus debit rejection fees 202.70",Rejection Fee Dispute,0.99,Outcome pending – DB check required.
1790274,J  ,1/8/2026 9:39,202.7,0.0,ACC,,"Customer would like telkom to dispute rejection fee of 202.70
Customer had funds on account",Rejection Fee Dispute,0.97,Outcome pending – DB check required.
1791050,J  ,1/8/2026 14:31,202.7,0.0,ACC,,"Elda Joanne Gopaul
Customer said has been over charged or the fibre. Customer has been charged for the debit order rejection fees, she said she never consent for the debit order, i checked on EasuDebit and there is no mandate done. 

Account subscriptions & once-off R 202.70Once-off charges
Description Service/No Reference Date/Period
Payment Rejection fee 182120186 03 Dec 25 R 202.70

Mandates
 
Refresh
Field Chooser
Exportv
Drag a column header here to group by that column
Service Type	
Group	
Mandate Type	
Contract Reference	
Collection Day	
First Collection Date	
Instalment Occurrence	
Collection Frequency	
Mandate Status	
Initiation Date	
Mandate Reference Number	
Authentication Date	
Debit Classification	
Debtor Name	
Branch Code	
Account Type	
Account Number	
Debtor ID Number	
Debtor Contact (E)	
Debtor Contact (M)	
Amount	
Max Collection Amount	
Tracking Allowed	
Adjustment Type	(Ascending)
Adjustment Frequency	
Adjustment Amount	
Initial Amount	
User Created	
Date Created	
Client Reference	
Client Internal Reference	
 	
No data to display",Rejection Fee Dispute,1.0,Outcome pending – DB check required.
1791090,R  ,1/8/2026 15:48,1.0,0.0,ACC,,"Good day

Please kindly assist with credit for the customer,she had requesed her bank details for capitec.
Payment rejection fee.

Regards",Rejection Fee Dispute,0.95,Outcome pending – DB check required.
1791131,R  ,1/8/2026 16:48,202.0,0.0,ACC,,"Good day
Please assist, client made payment on the 23rd Dec 2025
however the debit rejection fee was still billed for December.
Customer is unaware of why the charge was added, please advise",Rejection Fee Dispute,0.95,Outcome pending – DB check required.
1799583,J  ,1/23/2026 13:57,202.7,0.0,ACC,,"Affected Number:	 0659111846
Alternative Number:	0659111846 
Customers Name:	 Mr. Toto Konco
ID Number:	7501235360088 
Billing Arrangement:  334607286
FA ID Number:  501259215
What have you tried: I confirmed that he called to change his debit date and the system was down 
Additional Information: Customer is disputing rejection fee of R202.70 as his debit bankcouldnot be changed due to a system error 	",Rejection Fee Dispute,1.0,Outcome pending – DB check required.
1800892,R  ,1/27/2026 12:54,202.7,0.0,ACC,,Customer is disputing a rejection fee which was wrongfully charged on his account since there was money in his account when he was debited on the 27th of December ,Rejection Fee Dispute,0.95,Outcome pending – DB check required.
1804925,J  ,2/2/2026 10:37,202.7,0.0,ACC,,"Bongumusa Khumalo
Customer was charged for a debit order rejection fees, while said there was money on his bank account. Advised customer to send the bank statement as the agent never attached it.  There were enough funds on his account.

Account subscriptions & once-off R 272.27Once-off charges
Description Service/No Reference Date/Period
Payment Rejection fee 143182214 02 Dec 25 R 202.70Late payment Interest 345653165 01 Jan 26 R 4.57* Once-off Internet Bundle 0676272266 R 65.00Subtotal R 272.27

29/11/2025 Banking App Immediate Payment: Rent Rent -1 000.00 -1.00 1 933.71
29/11/2025 Banking App Immediate Payment: Cs Ndlazi Digital Payments -110.00 -1.00 1 822.71
29/11/2025 Eft Debit Order Insufficient Funds (R398.00): Telkommobi 
(51066612201185)
29/11/2025 Eft Debit Order Insufficient Funds Fee Fees -6.00 1 816.71
29/11/2025 Banking App Transfer Received from Khumalo: Transfer Transfer 400.00 2 216.71
30/11/2025 Pick n Pay Pinetown (Card 5342) Groceries -44.00 2 172.71


",Rejection Fee Dispute,1.0,Outcome pending – DB check required.
1782651,J  ,12/18/2025 14:51,202.7,0.0,ACC,,"Affected Number:0682785995
Alternative Number:0842783184
Customers Name:PORTIA NGCOBO

ID Number:9409170273084

Billing Arrangement:344095313

FA ID Number:509110375
What have you tried:Checked on customer FA and BA account hasd been charged with debit 
order rejection fee for R202.70.
Additional Information:Customer was debited on the 1st of November instead of last 
day of October , debit order then rejected , rejection fee to be disputed since
customer was not debited on her contractual aggrement date.
POP sent to TM SOC Billing: No
",Rejection Fee Dispute,1.0,Outcome pending – DB check required.
1783797,J  ,12/20/2025 12:14,176.26,26.44,DEB,DCK,"-customer opened contract in Sep,1sr debit was in Oct and had requested to be on the 25th but agent did it to be last dy of the month
-reffered to intractions as she called in November to know what was happening and fixthe issues
-disputing the R202.70",Rejection Fee Dispute,0.97,Outcome pending – DB check required.
1800196,J  ,1/26/2026 13:18,210.93,0.0,ACC,,"
Customer enquiring on the account, advised that we have been debiting on the account and not getting funds hence her bill is high. customer states that she never signed up for a debit order and the banking details on the sytem are not hers
FIRST NATIONAL BANK
62020679752
Current
Customer disputing extra charges on the bill
Rejection fee and late payment fee",Rejection Fee Dispute,0.95,Outcome pending – DB check required.
1778817,J  ,12/12/2025 14:52,202.7,0.0,ACC,,"Customer would like to dispute rejection fee of 202.70

customer had funds on her account ",Rejection Fee Dispute,0.97,Outcome pending – DB check required.
1784314,R  ,12/23/2025 8:22,202.7,0.0,ACC,,The customer was not aware of the rejection fee that she has to pay it because payed the money before month end,Rejection Fee Dispute,0.95,Outcome pending – DB check required.
1798903,R  ,1/22/2026 11:06,202.7,0.0,ACC,,Customer id disputing a debit rejection fee for december because  he had nomey in his accouunt ,Rejection Fee Dispute,0.95,Outcome pending – DB check required.
1787768,J  ,1/5/2026 15:41,405.4,0.0,ACC,,"LINDO Marcia Masiya
Customer wanted to make the payment arrangement, advised it is for three months, but has to pay the 40%,  is renquiring about the debit order rejections, said there was money on account, and she went to a TDS to enquire and was advised it has been rectified. Advised customer to send the bank statement as proof of that there was money on her account. She will send the statement later. Bank statement recieved.

I chekced and there was insufficient funds on the account, i logg a dispute of rejection fees be cleared, as customer thought the bill is R409 that she was goinfg to be debited of. 

Reconnection Fees 29 Nov 25 R 260.21
Payment Rejection fee 270986941 02 Dec 25 R 202.70Late payment Interest 345629071 09 Dec 25 R 18.59* Subtotal R 221.29

Payment Rejection fee 270986941 02 Nov 25 R 202.70Late payment Interest 345629071 09 Nov 25 R 6.05* Subtotal R 208.75

Total=R665.6",Rejection Fee Dispute,1.0,Outcome pending – DB check required.
1791304,R  ,1/9/2026 11:21,663.0,0.0,ACC,,"Good day 

Kindly assist customer has been debited incorrecly for the month of December, Telkom has stopped debiting customers account 
Now customer has been debited R663, instead on R461 with rejection fees. 

Customer does not understand the balance of R663 hiw it came about, it not showing on the bill. 
FA: 505755365
BA: 340700574

Thank You ",Rejection Fee Dispute,0.97,Outcome pending – DB check required.
1791683,J  ,1/12/2026 9:03,176.26,26.44,DEB,DCK,"Customer had already made the payment, customer was still debited, customer is desputing rejection fee",Rejection Fee Dispute,0.95,Outcome pending – DB check required.
1797138,J  ,1/17/2026 14:28,202.7,0.0,ACC,,"
Affected Number:
0698368918
Alternative Number:
0633986479
Customers Name:
Wendy Gafeni
ID Number:
9405070660081
Billing Arrangement:(If Applicable)
344331240
FA ID Number:(If Applicable)
509345789
What have you tried:
Checked CRM and cx was charged backout fee, cx backous happened in November. Checked Bank statement and cx had sufficient funds at the time of debit.
Additional Information:
  Cx wanted to dispute rejection fee of R202.70 as it was not supposed to be charged.
POP sent to TM SOC Billing:
N/A",Rejection Fee Dispute,1.0,Outcome pending – DB check required.
1798350,R  ,1/21/2026 14:43,202.7,0.0,ACC,,"Good day

Please assist with waving R202.70 rejection fee as client made payment manually before his debit order date and still got charged a rejection fee, now client is without service as he needs it for work and his unable to work now.
He spoke to someone in billing and they confirmed that client won't be without service.
Please contact client on 0726806911 with solution option as he needs his service active for work.",Rejection Fee Dispute,1.0,Outcome pending – DB check required.
1798359,J  ,1/21/2026 19:01,202.7,0.0,ACC,,"
 

Affected Number:0693812154

Alternative Number:0617482188

Customers Name:Protas Mkhombeni Shinga

ID Number:8909245852086

Billing Arrangement:344702736

FA ID Number:509716331

What have you tried:Checked FA ID

 

Additional Information:Customer disputes rejection fee as he wasn't debited on his debit order date.",Rejection Fee Dispute,0.97,Outcome pending – DB check required.
1776299,R  ,12/8/2025 13:23,202.7,0.0,ACC,,rejection fees incorrectly charged ,Rejection Fee Dispute,0.97,Outcome pending – DB check required.
1792636,J  ,1/14/2026 8:58,690.26,0.0,ACC,,"The customer called in requesting unsuspension on her line.

The customer mentioned that her account is paid up fully as per her knowledge. The customer was incorrectly advised by an agent and dvised the customer to pay her account 2-3 days prior to her billing date. 

I advised her that there have been back outs on the customer's account due to miscommunication from Telkom. The customer has been paying her account 2-3 days and there have been back oouts on the system , which have been causing suspensions on the customers account. 

The customer was charged R883.69 on her November invoice , which was including a reconnection fee along side a payment rejection fee. The she was also charged R624.57 on December invoice , whcih was including a payment rejection fee. 

260.21 + 202.70 + 11.78 + 202.70 + 12.87
= 690.26. ",Rejection Fee Dispute,0.97,Outcome pending – DB check required.
1779066,J  ,12/13/2025 11:05,260.21,0.0,ACC,,"customer paid in advance to cover the outstanding as she is a pensioner, 

however is still being charged even though she settle the whole amount,

customer was misinformed with the information as she paid in that amount in advance so please assist wtih crediting the R260.21 charged 

FA:510484962",Rejection Fee Dispute,0.95,Outcome pending – DB check required.
1782302,J  ,12/18/2025 8:50,202.7,0.0,ACC,,"Customer is disputing the rejection fee as she was not advised that a manual payment was to be made 10-15 working days prior.

Charges to be credited.",Rejection Fee Dispute,1.0,Outcome pending – DB check required.
1797879,J  ,1/19/2026 16:02,202.7,0.0,ACC,,"Customer miissed a debit order in December, then Telkom debited again on the 31/12/25 & they got the money.
On her January invoice, customer was billed R928.11 & R202.70 on that amount is for debit order rejection fees.

It's the customer's first debit order rejection .",Rejection Fee Dispute,1.0,Outcome pending – DB check required.
1798817,R  ,1/22/2026 9:17,405.4,0.0,ACC,,"Good day,

Please asisst with payment rejection fee. Customer says Telkom never debited his account even though there is money available. Customer is disputing these charges and would like for it to be waivered/ Also can a ne mandate also be reinstated.

Please investigate and advise.

Warm regards",Rejection Fee Dispute,0.95,Outcome pending – DB check required.
1799991,R  ,1/25/2026 11:58,800.0,0.0,ACC,,"9906115338088
AwukelaniNkuna
905 SECTION F 
GIYANI UNIT F 0826 
GIYANE 
LIMPOPO 

affected :2100593779
ban :345628936

customer request to be credited  for both insurance charges
which he never agreed on past three months
now its cancelled
but i was charged
and the rejection fees
charged
cause it because of the charges for the insrance he never asked for

contcat :0788770261",Rejection Fee Dispute,0.97,Outcome pending – DB check required.
1803014,J  ,1/28/2026 13:28,220.67,0.0,ACC,,"View Case: 91516540

Rejection fee and late payment fee",Rejection Fee Dispute,0.95,Outcome pending – DB check required.
1787012,R  ,1/2/2026 8:59,202.7,0.0,ACC,,Customer was debited more in October and reversed amount because of event billing and was charged a rejection fee. ,Rejection Fee Dispute,0.95,Outcome pending – DB check required.
1789112,R  ,1/6/2026 13:30,202.7,0.0,ACC,,"Affected Number:0680338584

 

Alternative Number:0814016907

 

Customers Name:Terrence Molokomme

 

ID Number:9404015830081

 

Billing Arrangement:344585122

 

FA ID Number:509599231
 

What have you tried:i checked on the cx statement they was money in the account

 

Additional Information:cx would like to didspute the rejection fee of R202.70",Rejection Fee Dispute,1.0,Outcome pending – DB check required.
1796231,J  ,1/16/2026 9:46,202.7,0.0,ACC,,"Customer requesting to dispute 202.70 paym,ent rejection fee as she had requested her account to be debited on the last day of the month from begining of her contract not the 25th bust she was still being debited on the wrong date ",Rejection Fee Dispute,0.99,Outcome pending – DB check required.
1794445,J  ,1/16/2026 11:25,202.7,0.0,ACC,,"Customer is disputing the rejection fee . 

The customer had enought money on their account to be debited on the 29th of Nov . 

FA : 510532132",Rejection Fee Dispute,0.99,Outcome pending – DB check required.
1794482,J  ,1/17/2026 8:32,202.7,0.0,ACC,,rejection fee,Rejection Fee Dispute,0.95,Outcome pending – DB check required.
1795877,J  ,1/19/2026 16:15,208.75,0.0,ACC,,"Customer disputing service fee changed 
advised customer that will credit the account as the date is the 25th of everymonth but still got debited on the 10th of jabuary 2026
to credit Backout payment R202.70
Late payment Interest R6.05
amouting credited R208,75",Rejection Fee Dispute,0.88,Outcome pending – DB check required.
1795935,J  ,1/21/2026 11:49,202.7,0.0,ACC,,"CC:91472953: Debit order rejection fee of R202.70 arranged as the customers banking details was only 
change on the 20/1/2026 Elsa 0118928689
please credit the customer for debit order rejection as he askied for the bank details to be changed and it was not done",Rejection Fee Dispute,1.0,Outcome pending – DB check required.
1799056,J  ,1/22/2026 12:57,202.7,0.0,ACC,,"
Affected Number:0703070600

 

Alternative Number:0847739789

 

Customers Name:Jade Susan Green

 

ID Number:9110040151084

 

Billing Arrangement:345621897

 

FA ID Number:510634854

 

What have you tried:Checked on customer account and the payment was made and reflecting 
                    advised customer to make manual payments 10 days before their debit date 

 

Additional Information:Rejection fee dispute ",Rejection Fee Dispute,0.95,Outcome pending – DB check required.
1783709,R  ,12/20/2025 18:25,405.4,0.0,ACC,,"Good day team

Please assist with customer account, customer only owing a debit order rejection fee. Customer had already paid account up however account was up to date when debit was attempted. please credit debit order rejection fees.

FA: 506373820
BAN: 341319520
CMID: 172250772",Rejection Fee Dispute,0.99,Outcome pending – DB check required.
1786581,R  ,12/30/2025 14:39,202.7,0.0,ACC,,"Good day 

Kindly assist with dispiuting the late payment charge of R202.70 that the customer was charged meanwhile he payed last month
bank statement attached 

Kind regards",Rejection Fee Dispute,0.97,Outcome pending – DB check required.
1789124,J  ,1/6/2026 13:12,52.88,0.0,ACC,,"View Case: 89015878
Rejection fee: R405.40 
The system credit of R176.26 processed in December was excluding tax hence they was a balance remaining of R52.88.
A credit of R26.44*2  tax for rejection fee charges has been arranged.",Rejection Fee Dispute,0.95,Outcome pending – DB check required.
1789280,R  ,1/7/2026 10:04,202.7,0.0,ACC,,"Good day, kindly credt customers account as he had enough funds in his account, and on the bank statement its reflects as rejection  bsnk statement attache",Rejection Fee Dispute,0.95,Outcome pending – DB check required.
1794301,R  ,1/15/2026 10:46,1175.0,0.0,ACC,,"Good day 

Kindly assist with reconnecting customers line as the debit order went through and wave R202.70 as the account had funds but debit order didn't go through. Bank statement attached on CRM.",Rejection Fee Dispute,0.97,Outcome pending – DB check required.
1776584,J  ,12/9/2025 9:53,202.7,0.0,ACC,,"Customer Disputing the Rejection fee of R202.70 , customer forwaded the Statement proving that they had funds in their account .",Rejection Fee Dispute,1.0,Outcome pending – DB check required.
1777442,J  ,12/12/2025 12:27,202.7,0.0,ACC,,"
Affected Number:
0682876854
Alternative Number:
0725911705
Customers Name:
Refilwe Mokoena
ID Number:
9205090175080
Billing Arrangement:(If Applicable)
345308199
FA ID Number:(If Applicable)
510321156
What have you tried:
Checked CRM and cx was charged backout fee on two accounts for two debits; cx backout/s happened in November. Checked Bank statement and cx had sufficient funds at the time of debit/s.
Additional Information:
  Cx wanted to dispute rejection fee of R202.70 as it was not supposed to be charged.
POP sent to TM SOC Billing:
N/A
 ",Rejection Fee Dispute,1.0,Outcome pending – DB check required.
1806072,J  ,2/3/2026 14:57,202.7,0.0,ACC,,"Customer would like to dispute rejection fee of 202.70

Telkom  didnt debit his account ",Rejection Fee Dispute,0.97,Outcome pending – DB check required.
1794511,O  ,1/18/2026 12:46,2684.0,0.0,ACC,,"Good Day 
Can you please assist with this case .
Please waive termination penalties and subscription fee for affected service number 0704904668 .
The service was activat on 27 November 2025 and the customer returned the on the 19 November 2025.
CPA was done the customer returned the device it was book on vision the job card TCA008741
Please waive the termination penaltie chagers R2,047.00


Device Cyclone CY4 Router 
IMEI :357655300040540
OLD CASE 90327258
CUSTOMER NAME :Moalose Lethata 
CUSTOMER ID 9508265615081
",Rejection Fee Dispute,0.95,Outcome pending – DB check required.
1794513,R  ,1/18/2026 14:21,202.7,0.0,ACC,,Hi kindly assist with a dispute on this account amount of R202.70 telkom didnt go to account,Rejection Fee Dispute,0.97,Outcome pending – DB check required.
1777189,J  ,12/10/2025 14:30,464.5,0.0,ACC,,"Customer got charged debit rejection fees of R202.70 for the month of October and November whilst they had made manual payments 10 days before their debit date for both the months.
",Rejection Fee Dispute,1.0,Outcome pending – DB check required.
1776656,R  ,12/9/2025 11:36,205.0,0.0,ACC,,Customer dispute rejection fee was debitted on 26th debit date is last day of the month,Rejection Fee Dispute,0.95,Outcome pending – DB check required.
1781937,R  ,12/17/2025 12:44,881.7,0.0,ACC,,"Payment arrangement. 
  
Customer Query : 
Customer would like a payment arrangement. 
Affected Number: 
  0680869096
Alternative Number: 
  0789104187
Customers Name: 
  Nthabiseng Sithole
ID Number: 
  9509180622087
Billing Arrangement: 
  340792386
FA ID Number: 
  505847177
Status of account: 
Active and the account is in collection. 
Amount in Collection: 
  R881.70
Additional Information: 
Customer did not agree on the plan, Customer can only afford to pay R294.90inclusive of the subscription fee. 
Customer agreed on the plan (30/30/40): 
e.g. Yes or No 

 ",Rejection Fee Dispute,0.95,Outcome pending – DB check required.
1783698,R  ,12/20/2025 10:07,210.0,0.0,ACC,,"Good morning.
Refering to Case 90378985
Customer debit date is Last day of month. Telkom try to debit customer on 25 Oct 25, and now customer is charged rejection fee  which she paid.
I will attaced all documents for you to see her Debit dates
Avs
Contract
R210 pop she paid
Debit mandate from her bank app. Customer asking her credit back R210 she paid
",Rejection Fee Dispute,0.97,Outcome pending – DB check required.
1784375,J  ,12/23/2025 12:58,1.0,0.0,ACC,,"Billing Template:

Affected Number: 0820512232

Alternative Number: 0845003392

Customers Name: Michael Rathebe

ID Number: 7907135608080

Billing Arrangement: 333989168

FA ID Number: 500655355

What have you tried: Checked the customer's invoices, checked FA, Checked BA.

Notes: CX SAYS HER CONTRACT ENDED 5 YEARS AGO BUT SHE IS STILL BEING BILLED, THE CONTRACT DEBIT IS MORE THAN 3 YEARS OLD.

CX WAS BILLED ON A MONTH TO MONTH WITHOUT HER KNOWLEDGE

Cx wants to waive off all the charges, including the rejection fees.
",Rejection Fee Dispute,0.97,Outcome pending – DB check required.
1800190,R  ,1/26/2026 13:07,1.0,0.0,ACC,,"Billing Template	 
Affected Number: 0614257717/0614253385 
Alternative Number: 0614253385
Customers Name:	 Walter Ndlovu
ID Number: 7704025487083	 
Billing Arrangement: 335040887 	 
FA ID Number:  501692820
What have you tried: Tried to check if the cx had money in their acc of which they did 	 
Additional Information: Customer would like to dispute the rejection fees that were charged on his acc.",Rejection Fee Dispute,1.0,Outcome pending – DB check required.
1787206,R  ,1/2/2026 20:37,0.01,0.0,ACC,,"Customer would like a payment arrangement.

Affected Number:0671905524

 

Alternative Number:0695307652

 

Customers Name:Ms. Vissalavathie Pillay

 

ID Number:5706300105084

 

Billing Arrangement:334500050

 

FA ID Number:501151979

 

Status of account:

Suspended, and the account is in collection.

Amount in Collection:R5,394.22 

 

Additional Information:


Customer can only afford to pay R1500 inclusive of the subscription fee.

Customer agreed didn't agree on the plan (30/30/40) and requested a longer pariod.


 ",Rejection Fee Dispute,0.95,Outcome pending – DB check required.
1789003,J  ,1/6/2026 10:10,176.26,26.44,DEB,DCK,"Customer was not expecting to be debited on the 29, customer is desputing rejection fee",Rejection Fee Dispute,0.95,Outcome pending – DB check required.
1799809,R  ,1/24/2026 13:12,202.7,0.0,ACC,,"Good day 

Please assist with the dispute for the customer charged 202.70 but have available funds

regards 

Abongile",Rejection Fee Dispute,0.95,Outcome pending – DB check required.
1787168,J  ,1/3/2026 10:46,202.7,0.0,ACC,,"Spoke to LESETJA  SEKWAILA, cell number 0729195991 _ Customer is disputing the account for credits to be passed onto the account, for service fee, for payment rejection fee, cost R202.70, charged on the Dec 2025 invoice, as the debt collectors already debited from the customer's bank account, on behalf of Telkom  a high amount of R2,326.00, reflected on customer's FA with Telkom on the 04/12/2025, as a once-off, courtesy and waring to the customer how to avoid being charged for service fees, going forward ",Rejection Fee Dispute,0.99,Outcome pending – DB check required.
1798955,R  ,1/23/2026 8:19,202.7,0.0,ACC,,"Customer were charged with payment rejectionfee for the month of December but on the 25th that are customers debit date there were no debit order done by Telkom therefore customer made payment on 27th. Now customer are being charged for rejection fee of R202.70.

Please credit customer aacordingly with R202.70",Rejection Fee Dispute,1.0,Outcome pending – DB check required.
1798961,R  ,1/23/2026 10:34,202.7,0.0,ACC,,"Good day

Please assist with a rejection fee query, client's debit was arranged for the 15th of December. Funds was available but debit did not go off, client advised that debit did go off later in the month however client was charged for rejection fees. Can we arrange for credits to pass for R202.70.

Attached is bank statement to verify the infomation.

Customer’s name: Tracy-Lee Steinberg

ID number: 8301230111084

Affected number: 0691006740

Contact number: 0788315392

Billing arrangement: 341429044

Financial Account: 506480576

Amount to be credited: R202.70

Kind Regards
Juwin",Rejection Fee Dispute,1.0,Outcome pending – DB check required.
1781832,R  ,12/17/2025 11:34,202.7,0.0,ACC,,"Good day 
Please assist with crediting the customers account with payment rejection fees as customer has not signed up to be debited on the 15th of each month. 
Customer signed to be debited on the last day of each month.
Ipac was logged to resolve the correction for the debit date to be corrected to the last day of the month. 
Ipac: 10589447 
Affected FA: 510608753
Affected BA: 345595796",Rejection Fee Dispute,0.97,Outcome pending – DB check required.
1783255,J  ,12/18/2025 17:55,202.7,0.0,ACC,,Customer was not debit and he was charged the rejection fee,Rejection Fee Dispute,0.95,Outcome pending – DB check required.
1787440,J  ,1/4/2026 14:31,202.7,0.0,ACC,,Customer was charged a rejection fee while they requested to change the debit date but they are still debited on the 31st ,Rejection Fee Dispute,0.95,Outcome pending – DB check required.
1787533,J  ,1/5/2026 10:18,202.7,0.0,ACC,,"Billing Case
 
Affected Number:
 0697783357
Alternative Number:
 0837497644
Customers Name:
 NOMBUSO NGCONGO
ID Number:
 8510102172087
Billing Arrangement:(If Applicable)
 343747470
FA ID Number:(If Applicable)
 508762672
What have you tried:
 The customer wants to dispute the penalty fee charges of R202.70 for missing the debit order of 11/29/2025 as the customer did have funds in his account. Kindly assist to dispute",Rejection Fee Dispute,0.97,Outcome pending – DB check required.
1797169,J  ,1/17/2026 16:49,202.7,0.0,ACC,,"Good day
Kindly asssist with creditting a debit rejection fee. Customer says he had enough amount to be debited but he was charged debit rejection fee ",Rejection Fee Dispute,0.95,Outcome pending – DB check required.
1789295,J  ,1/7/2026 13:42,202.7,0.0,ACC,,customer was charged a rejcetion fee of 202.70 when he did have money in his account and it was debited and it rejected ,Rejection Fee Dispute,0.95,Outcome pending – DB check required.
1798198,R  ,1/20/2026 10:28,1.0,0.0,ACC,,"Affected Number:	 0681236631 
Alternative Number:	 0843310857 
Customers Name:	 SANCHIAVAN DER MERWE 
ID Number:	 8705040006088 
Billing Arrangement: 336588090 
ID Number: 502741394

These are the end dates of the carried over devices for the customer which will be billed until March 2026 ,so this matter will affect the customer until then and please note that the customer lines are suspended
0843310857Commitment period End date2/8/2026 10:02 AM Huawei Nova Y62 Plus 128GB Sapphire Blue

0813845554Commitment period End date2/8/2026 10:02 AM Samsung Galaxy A32 128GB Black Samsung Galaxy Watch Active2 R830 Black Samsung Galaxy Watch Active2 R830 Black

this will be the total amount R 1,418 without the rejection fee being included .
Kindly please assist with increasing the customer the credfit limit .",Rejection Fee Dispute,0.95,Outcome pending – DB check required.
1797555,J  ,1/21/2026 13:37,259.81,0.0,ACC,,"V SHUNMUGAM
Customer migrated to fibre, has been discontinued for the past 15 days. Was told he will recieve a call frim someone from Technical but till to date no call recieved. He is requeting the 15 dys out od service be credited.

739.63-202.70=R536.93
Jan 2026 has 31 days
R536.93/31 days= R17.32
R17.32*15 days out of service=R259.804
",Rejection Fee Dispute,0.85,Outcome pending – DB check required.
1799812,R  ,1/24/2026 16:23,202.7,0.0,ACC,,"good day

kindly assist with debit order rejection dispute as customer had funds available in her account in December however she has been charged R202.70 as the debit never went off ",Rejection Fee Dispute,0.99,Outcome pending – DB check required.
1797216,J  ,1/18/2026 11:50,18720.0,0.0,ACC,,"Good day 

Could you please assist with the following.

On the 06th of February 2025 customer requested an upgrade on SN 0694451526 to TVC2427576 - Huawei Pura 70 256GB Pink + 20GB TM Data Once-Off + R99 Once-Off Activation Fee on Telkom FlexOn 4 @ R699 x 36 Months, order 2424755587A. On the 11th of April 2025 customer brought in the device as the device was freezing and not switching off or on. Device was booked in Job Card TRJ197761. Device was repaired by SSS Cape Town, and fault description was SW/HW No Trouble Found and SW Application Problem. Device was returned to the store on the 25th of April 2025 and customer collected the device on the 29th of April 2025. Customer advised that she no longer wants the device as the device is more at the repair centre and she has no joy of the device. Customer states that she would like to be credited device subscription fee since the device was freezing even though it has been at the repair centre 3 times and she would like to cancel the contract as she is paying for a device that she is unable to use. 

Memo attached

Customer name: Nomvuyo Rubuxa
Customer ID: 139492351
FA ID: 505008643
BA ID: 339953849

Your assistance in this matter is much appreciated.

Kind regards
Elzan",Rejection Fee Dispute,0.95,Outcome pending – DB check required.
1797324,J  ,1/19/2026 9:39,202.7,0.0,ACC,,client was billed wrongfully for a Payment Rejection fee 194164276 30 Dec 25 R 202.70,Rejection Fee Dispute,0.97,Outcome pending – DB check required.
1797436,J  ,1/19/2026 12:03,3.79,0.0,ACC,,"\why the lines are suspended advised the customer that the account have a past due amount of R500.78  total balance is R1,045.97 due date 06/01/2026 

the customer he is disputing the Backout payment amount of R202.70 and Late payment Interest of R3.79 because when agreed on a debit order with us he requested  the date of the 5th of every month and in NOV debited his account on the 11/29/2025 ",Rejection Fee Dispute,0.97,Outcome pending – DB check required.
1798096,J  ,1/20/2026 9:12,405.62,0.0,ACC,,"HEIDIE OBORN
27731906088
Customer states that she called im couple months before and requested to add new banking details, customer was advised that the new account is not older than 3 months and will not be able to be loaded. Customer than stated that the old acount is closed so Telkom will not get any funds and requested that the debit order getsa cancelled and she will continue to pay cash ref 00582182. Customer disputing charges for rejection fee for Dec and Jan Innvoice",Rejection Fee Dispute,0.95,Outcome pending – DB check required.
1776951,J  ,12/9/2025 18:12,202.7,0.0,ACC,,"affected number: 0676694200
SHAQEELAH KING
9704110798087
shaqeelah11@gmail.com
0621347464
30 CROWLEY ST, BLANCO, 

customer called to cancel contract, reason was overcharged in March ... probed what happened customer says submitted bank statement at branch, had funds in account then but incurred unpaid debit order fees resulted in high billing ... also did not understand why was charged for the other months .... advised was suspended from using the service but billing doe snot stop ... advised to send me bank statement from March to-date so we can log disputes in that regard 

>>>>>
customer sent bank statement shows had funds available at the time of debit order, it did not collect on the system shows returned unpaid as such incurred unpaid debit order fees .. reversing charge Backout payment  202.70 Period:4/1/2025-4/30/2025

Late payment Interest 0.41 Period: Period:

same applied in May Backout payment 202.70 and Late payment Interest 20.47 Period: 6/1/2025-6/30/2025

Late payment Interest 25.73 Period:7/1/2025-7/31/2025

Late payment Interest 27.51 Period: 8/1/2025-8/31/2025

Late payment Interest 25.79 Period: 9/1/2025-9/30/2025

also Oct funds werw available but deduction returned unpaid Backout payment 202.70 and Late payment Interest 4.51 Period: 11/1/2025-11/30/2025",Rejection Fee Dispute,0.95,Outcome pending – DB check required.
1791019,J  ,1/8/2026 13:43,233.08,0.0,ACC,,"
Billing Template
Affected Number:0750358593
Alternative Number: 0710501010
Customers Name: NOSIPHO MNYANDU
ID Number:0112010375080
Billing Arrangement:345386835
FA ID Number:510399793
What have you tried: checked the profile
Additional Information: the customer disputes the rejection fee R202.70

The rejection fee of R202.70 of June (30/12/2025)",Rejection Fee Dispute,1.0,Outcome pending – DB check required.
1791940,J  ,1/12/2026 15:18,176.26,26.44,DEB,DCK,"Customer was not awere of amount that was going to be debited, customer made a manual payment ,  customer is desputing rejection fee",Rejection Fee Dispute,0.95,Outcome pending – DB check required.
1798803,J  ,1/22/2026 8:49,202.7,0.0,ACC,,"Affected Number:0694614725
Alternative Number:0722542987
Customers Name:Nobuhle Myeni
ID Number:9112290387087
Billing Arrangement:341306756
FA ID Number:506361241
What have you tried:Checked on both customer account was charged with rejection fees.
 .
Additional Information:Customer was debited on the 27th of December instead of the 
25th of December . She states she never received any communication about debit order 
that it would go off on 27th so debit orders rejected.
POP sent to TM SOC Billing:Yes

 ",Rejection Fee Dispute,0.97,Outcome pending – DB check required.
1786817,J  ,1/2/2026 10:32,202.7,0.0,ACC,,"Customer Name:BONGOLETHUSODLADLA
affected Number:0692030362
Alternative N.O:0717784607
FAID:509691257
ID N.O:0005295850084
Query:
- Bill
 
Resolution:
 -Bill explained
 -Additional usages explained
 -Rejection fee explained
Custmer is disputing the Backout payment fee as he had enough funds on his account and bank statement is attached on CRM ",Rejection Fee Dispute,0.95,Outcome pending – DB check required.
1786849,J  ,1/5/2026 9:18,205.71,0.0,ACC,,"Billing Template
 
Affected Number:
0658611233
Alternative Number:
0746710684
Customers Name:
Thato Matshabisa
ID Number:
9009241348087
Billing Arrangement:(If Applicable)
343763832
FA ID Number:(If Applicable)
508779034
What have you tried:
customer is disputing the rejection fee due to it being charged for wrongful charge of subscriptions
Additional Information:
customer is disputing rejection fee",Rejection Fee Dispute,0.99,Outcome pending – DB check required.
1786893,R  ,1/6/2026 13:32,176.26,26.44,DEB,DCK,"Affected Number:0680338584

 

Alternative Number:0814016907

 

Customers Name:Terrence Molokomme

 

ID Number:9404015830081

 

Billing Arrangement:344585122

 

FA ID Number:509599231
 

What have you tried:i checked on the cx statement they was money in the account

 

Additional Information:cx would like to didspute the rejection fee of R202.70",Rejection Fee Dispute,1.0,Outcome pending – DB check required.
1799841,R  ,1/26/2026 16:48,202.7,0.0,ACC,,"Good day 

Pleas assist with Rejection fees of R202.70 charge on account client made payment and account in clear and amount of R202.70 being charge but acount paid and hs new billing account ",Rejection Fee Dispute,1.0,Outcome pending – DB check required.
1801587,R  ,1/27/2026 10:14,202.7,0.0,ACC,,"Good day. 

Kindly assist by looking into the customers attached bank statement and finiancal account, customer was charged a rejection fee of R202.70 
but there were sufficuent funds in the customers bank account on the 27th December 2025. Kinldy assit by crediting the customer.

Thank you.",Rejection Fee Dispute,1.0,Outcome pending – DB check required.
1787388,J  ,1/3/2026 19:49,202.7,0.0,ACC,,REJECTION FEE,Rejection Fee Dispute,0.95,Outcome pending – DB check required.
1798335,R  ,1/21/2026 11:30,202.7,0.0,ACC,,"Good Day 

Please find the above. This is a query from the customer

This morning at 6h14 am & 6h15am Telkom attempted to deduct R5000 on each occasion .
My non-payment issue was resolved as per sms received yesterday. 
Contradictory I received 2 other SMSes yesterday stating a demand of payment for 2 different amounts of which I am not familiar with . viz R6345.70 &
This problem could have occurred by someone attempting to commit fraud from Telkom or mixing up accounts with another subscriber info as I once received a statement referring to me as ""Don Moodley"" a while back .
Can this matter be resolved as a matter of urgency preventing further attempts to deduct money from my account .
Also ensuring that the R50 service charge from ABSA is reimbursed into my account for unpaid , unscheduled debit order from Telkom's attempt this morning 
Also ensuring I am NOT charged R202.70 from Telkom's end for unpaid debit order !!",Rejection Fee Dispute,0.97,Outcome pending – DB check required.
1800853,J  ,1/26/2026 17:04,202.7,0.0,ACC,,"Billing Template
 
Affected Number:0658414495
Alternative Number:0710477513
Customers Name:Lwando Duli
ID Number:8810226005084
Billing Arrangement:345641489
FA ID Number:510654446
What have you tried:cx wanted to dispute the 202.70 that was charge when he had funds on his account
Additional Information:",Rejection Fee Dispute,0.95,Outcome pending – DB check required.
1776199,R  ,12/8/2025 10:34,202.7,0.0,ACC,,"Good day,

Please refer to case -89117278

Customer billed for for rejection fee, contract was cancelled due to network.

CREDIT MEMORANDUM
Date:                         19/09/2025
Customer name:                 Lunga Cebu        
Channel:                         TDS
CC Name:                     Migarda - Nonkqubela
Linked agent (selling or processing, cause of issue):    Nosiyanda Notshizela
Linked manager:             Khaleel Takay
BA and FAID:                         BA: 341631504 /FA: 506682887
Order Number for Activation:                2605925826A
Order Number for Cancellation:            2614335227A
Incident Number if Applicable:            N/A
Job Number if Applicable: (device collection)     TOC014845 
Case Number:                        89091765            
Reason for credit request:                Device returned 

Investigation status: Customer applied for a router contract at the store, but customer came back the next day advising that the router is not connecting it keeps on buffering and not working properly, View Case: 88557117 was escalated to SOC and customer still can not connect. Please assist customer.
",Rejection Fee Dispute,0.95,Outcome pending – DB check required.
1778822,R  ,12/12/2025 15:51,202.7,0.0,ACC,,"Good day , kindly assist with disputing debit order rejection fee of R202.70
 as it was charged but Telkom never tried to debit customers account as per bankstatement attached . He made a manuel payment 

Thank you and kind regards 
Zoe ",Rejection Fee Dispute,1.0,Outcome pending – DB check required.
1803544,J  ,1/29/2026 14:15,413.68,0.0,ACC,,"Custonmer was billed for sim she did not recieve, case 89691141 was credited but was billed rejection as the debit was rejection therefoer disput as she satate she did not have service that needed to be debited by telkom.",Rejection Fee Dispute,0.85,Outcome pending – DB check required.
1804012,J  ,2/1/2026 10:40,202.7,0.0,ACC,,customer was wrongfully charged a rejection fee,Rejection Fee Dispute,0.95,Outcome pending – DB check required.
1804013,R  ,2/1/2026 10:49,202.7,0.0,ACC,,"good morning

the customer is disputing the R202.70 as her debit date is on the 25 of each and telkom never came in his account to debit the only came on the 31st
",Rejection Fee Dispute,0.97,Outcome pending – DB check required.
1786931,J  ,1/7/2026 16:38,202.7,0.0,ACC,,"Customer is disputing the rejection fee because he had money in his account but he wasn't debited.

31/10/2025 Eft Debit Order (2761878200): Telkommobi 
(51010900801183)
Other 
Communication
-868.51 -3.00 1 297.58
31/10/2025 Interest Received Interest 2.44 1 300.02",Rejection Fee Dispute,0.99,Outcome pending – DB check required.
1783279,J  ,12/18/2025 18:32,3080.78,0.0,ACC,,"CC:90391521: Called 0732324300 no answer 1st account  charged  installation fee  resulting  iin  payment backouts ,Account credited with  recon fee  780.63 -260.21= 520.42  and payment rejection fee  reversed-1013.50,  interest  =522.33, Total = R2056.25 -Bongi  0415050013.
good day customer will like to dispute amount of R5003.79 because of reconnetion fess and amount she didnt agree upon them 
her contact number is  0732324300

Regards
HM MOKHARA
",Rejection Fee Dispute,0.95,Outcome pending – DB check required.
1783617,J  ,12/19/2025 18:05,202.7,0.0,ACC,,"BA: 341479683
FA: 506531213

Customer would like to dispute debit rejection penalty for debit that failed to go through in November. Customer updated debit date in October. System did not apply change and debited usin the old debit date. R202.70 credited.",Rejection Fee Dispute,0.97,Outcome pending – DB check required.
1787719,J  ,1/5/2026 12:26,202.7,0.0,ACC,,"View Case: 90904581
Agent from sale direct captured the wrong details on the system however they approved mandate was processed  on the correct account.
Rejection fee charges have been waived.",Rejection Fee Dispute,0.95,Outcome pending – DB check required.
1789057,R  ,1/6/2026 10:37,230.34,0.0,ACC,,"Good day 
Customer called in 12/1/2025 to change banking details from FNB to Discovery Bank and Customer was advised that the banking details will be effective the same month of December but the debit order went through to Nedbank account  which customer no longer use.
I adhere to to credit the customer the rejection fee ",Rejection Fee Dispute,0.95,Outcome pending – DB check required.
1789311,R  ,1/7/2026 11:25,429.12,0.0,ACC,,customer called saying he upgraded his speed from 200-100mbps to 300-150mbps but he was billed the additional clawback of R429.12 so the customer dispute to pay the amount of R1767.40 because they added the clawback plus the contract fee the customer was told that he is going to pay R1299.01 so i credited the account with R429.12 as he was charged the clawback fee,Rejection Fee Dispute,0.95,Outcome pending – DB check required.
1803256,R  ,1/29/2026 14:05,202.7,0.0,ACC,,"Good Day 

Customer is querying the debit order rejection fee added. Customer says he had money in the account during that time. Can you check and assist with this issue. ",Rejection Fee Dispute,0.97,Outcome pending – DB check required.
1777424,J  ,12/12/2025 8:19,202.7,0.0,ACC,,"Lerato  Funani
0848608537
9303215906081
0679809806
customer is disputing the rejection fee charge because telkom debited on the 25 for november 2025 but customers debit order date date is the last day of the month",Rejection Fee Dispute,0.99,Outcome pending – DB check required.
1783444,R  ,12/19/2025 12:15,202.7,0.0,ACC,,Please note customer is diputing the rejection fee because he wass informed incorrrectly that if he pay manually the wont be any penalties. now I have explained to him and he is fully aware but still he wants to be credited back the 202.70,Rejection Fee Dispute,0.97,Outcome pending – DB check required.
1790400,J  ,1/9/2026 10:35,202.7,0.0,ACC,,"Good day,
Kindly assist with crediting customer with debit order rejection fees charged as her bank account has not been debited consistantly on the last day of the month which is her debit order date. Customer has not been debited for the months of November and December and would like for the issue to be resolved.
Regards",Rejection Fee Dispute,0.99,Outcome pending – DB check required.
1791218,R  ,1/9/2026 10:00,484.0,0.0,ACC,,"Good day 

Customer ID:124901355,Miss Katlego Meagi,Consumer
FA:510352561

Kindly assist the customer states that Telkom did not debit on the agreed date hense the missed payment therefore states that they cant be liable for the debit order rejection ",Rejection Fee Dispute,0.95,Outcome pending – DB check required.
1777264,R  ,12/10/2025 17:00,202.7,0.0,ACC,,"Hi there

Please pass credit for rejection fee as payment is reflecting on the 15.11.2025 on due date.

Thanks
Nastassja",Rejection Fee Dispute,0.97,Outcome pending – DB check required.
1783406,R  ,12/19/2025 12:22,202.7,0.0,ACC,,"Good day 

Can you kindly please assist with the dispute of R202.70 penalty fee that the customer is charged on the invoice.
Customer had enough funds on her account, bankstatement attached. please refer to case number 90217523 that is closed.
Customer contact details: 0828931351",Rejection Fee Dispute,0.97,Outcome pending – DB check required.
1802848,R  ,1/28/2026 9:30,50.0,0.0,ACC,,log 75 to restore acc. bal r25 for telkom pensioner. No other contact info. Jerome,Rejection Fee Dispute,0.95,Outcome pending – DB check required.
1803268,R  ,1/29/2026 10:41,1.0,0.0,ACC,," 
Credit Limit
 
Affected Number:
0614230334
Alternative Number:
0614230334
Customers Name:
NICOLE KLEINSMIDT
ID Number:
8303310253083
Billing Arrangement:(If Applicable)
335051177
FA ID Number:(If Applicable)
501703110
What have you tried:
 Current Balance:1,459.71
Current Unbilled Usage:211.49
Current Pending One Time Charges:1,342.7
Current Credit Limit:1,900
Additional Information:
 The customer had upgraded her contract and now her lines are suspended ,however even without the unbilled usage and the pending rejection fee charge the customer would still exceed their credit limit in the further and their lines would still be suspended. ",Rejection Fee Dispute,0.95,Outcome pending – DB check required.
1783918,R  ,12/21/2025 15:05,202.7,0.0,ACC,,"Good day

Please assist urgently as the following customer was charged a rejection fee of R202.0 but no debit order was done on the 25/11/2025.
Customer states that she wants a credit for the rejection fees, as telkom did not debit the account.

Kind Regards
Sholin",Rejection Fee Dispute,0.99,Outcome pending – DB check required.
1781458,J  ,12/15/2025 17:37,202.7,0.0,ACC,,"Good Day

Please assist with disputing 202.70 customer had funds in her account.
Kindly find the attached bank statement.

Kind Regard
M",Rejection Fee Dispute,0.95,Outcome pending – DB check required.
1782093,R  ,12/17/2025 15:27,202.7,0.0,ACC,,"Good day,Kindly assist with disputing the debit order rejection fee as the customer had enough funds in the account.",Rejection Fee Dispute,0.99,Outcome pending – DB check required.
1785247,R  ,1/5/2026 17:27,202.7,0.0,ACC,,"Good day
 kindly assist the customer is disputing the R202.70 as she had enough money to be debited on the last day of the month but Telkom never attempted on billing her account statement has been attached
kind regards",Rejection Fee Dispute,0.97,Outcome pending – DB check required.
1790348,J  ,1/8/2026 10:56,202.7,0.0,ACC,,"CX SAYS HE MADE A MANUAL PAYMENT YET HE WAS STILL DEBITED, CX WANTS TO DISPUTE THE REJECTION FEE",Rejection Fee Dispute,0.99,Outcome pending – DB check required.
1801560,R  ,1/28/2026 13:28,577.42,0.0,ACC,,"customer is disputing debit order rejection fees, customer is saying that she always has money in her account and debit order did not go through and has been charged debit order rejection fees due to Telkom fault, not deducting on time. Please assist and contact customer 0726205866",Rejection Fee Dispute,0.99,Outcome pending – DB check required.
1783839,R  ,12/20/2025 12:43,202.7,0.0,ACC,,"Good day 

Hope all is well

Kindly assist with dispute of R202.70 because debit order went off 

Docs attached ",Rejection Fee Dispute,0.97,Outcome pending – DB check required.
1791882,J  ,1/12/2026 12:35,202.7,0.0,ACC,,"Customer would like to diapute rejection fee of 202.70
Customer had funds on account",Rejection Fee Dispute,0.97,Outcome pending – DB check required.
1803207,J  ,1/29/2026 8:00,202.7,0.0,ACC,,"The customer has no active mandate which affected her bill

Rejection Fee had to be credited.
",Rejection Fee Dispute,0.95,Outcome pending – DB check required.
1804016,O  ,2/2/2026 9:26,202.7,0.0,ACC,,"Good day 
Please credit R202.70 for debit rejection, Client had funds available in Januaryand December but cTelkom did not debit. Bank statament under ""attachments"" 
FA 503999697",Rejection Fee Dispute,0.97,Outcome pending – DB check required.
1785018,R  ,12/27/2025 9:09,202.7,0.0,ACC,,"Please investigate and credit customer accordingly if necessary, customer claim that she was never told by call centre that she would be liable for debit order rejection fees if the debit rejects at any stage.",Rejection Fee Dispute,0.99,Outcome pending – DB check required.
1789013,R  ,1/6/2026 9:36,202.7,0.0,ACC,,"customer requested to change debit date months ago, it was not done 
in novermber customer was charged debit rejection fees becouse we debited on the day she requested to change
debit date was changed in november from the last day of the month to 5th amount of R202.70 was credited with team learder order SINDI KHABA",Rejection Fee Dispute,1.0,Outcome pending – DB check required.
1789267,J  ,1/7/2026 8:55,332.0,0.0,ACC,,Customer was charged the subscription fee of R655 without the monthly discount of R166 credited the customer for 2 months ,Rejection Fee Dispute,0.95,Outcome pending – DB check required.
1803506,R  ,1/29/2026 13:03,202.7,0.0,ACC,,"Can you please assist with Rejection Fee amount of R202.70 for the 29 Nov 2025, client deposited money in account to as there was enough funds for the deduction to go off. 

Please assit to credit

FA: 506133159

Alt no: 0676642974",Rejection Fee Dispute,0.99,Outcome pending – DB check required.
1804565,J  ,1/31/2026 8:49,202.7,0.0,ACC,,client was billed for a Payment Rejection fee 191771679 02 Dec 25 R 202.70 and was told about a rejection fee,Rejection Fee Dispute,0.97,Outcome pending – DB check required.
1804714,R  ,2/1/2026 10:21,202.7,0.0,ACC,,"Good day

Please assist with a rejection fee query for the debit of the end of November, the debit order was not successful but there was fund available to the clients account.
I have attached a bank statement to verify the infomation, please assist with a dispute for the rejection fee.

Name: BONISWA GCABE
FA: 504222236
BA: 339167440
Amount to be credited: R202.70

Kind Regards
Juwin",Rejection Fee Dispute,0.99,Outcome pending – DB check required.
1805755,O  ,2/3/2026 8:23,202.7,0.0,ACC,,"Can you please assist to credit the amount of R202.70 for the rejection fee on the 29 Nov 2025, the last day fell over the weekend therefore client funds only went into is account on the 1 Dec 2025

FA: 510416324
Alt no: 0814955207",Rejection Fee Dispute,0.99,Outcome pending – DB check required.
1776034,R  ,12/7/2025 13:09,1.0,0.0,ACC,,"Good Day 

Please assist in increasing the Credit Limit on this customer. The customer has upgraded to two new devices and he has a lower credit limit. Please also assist in disputing the rejection fee on 202.70

196504893,  Mervyn Collins,Consumer",Rejection Fee Dispute,1.0,Outcome pending – DB check required.
1776473,J  ,12/8/2025 17:39,547.61,0.0,ACC,,"Chadwick Khovani
Customer internet is not working. I checked and has been charged twice for one fibre on an invoice for Sept 2025. R335 times two=R670 and he paid for it. But also charged on the nect invoice for the rejection fees of R202.70. 

Subscription & usage for B450011965 Telkom Easy Connect R 335.00Subscription services
Description Period
Telkom Easy Connect Fibre 20/10Mbps 09 Nov 25 - 08 Dec 25 R 335.00Discount for VT Fibre Installation 02 Sep 25 -R 2,875.00Fibre Activation 02 Sep 25 R 575.00Fibre Installation 02 Sep 25 R 2,300.00Subtotal R 335.00Account subscriptions & once-off R 212.61Once-off charges
Description Service/No Reference Date/Period
Payment Rejection fee 265717176 04 Nov 25 R 202.70Late payment Interest 345569444 09 Nov 25 R 9.91*

Subscription & usage for B450011965 Telkom Easy Connect R 670.00Subscription services
Description Period
Telkom Easy Connect Fibre 20/10Mbps 09 Sep 25 - 08 Oct 25 R 335.00Telkom Easy Connect Fibre 20/10Mbps 09 Oct 25 - 08 Nov 25 R 335.00Subtotal R 670.00

09 Sep 2025 Balance brought forward R 0.00Subtotal R 0.0009 Oct 2025 Invoice for October A396341558 R 670.00Subscription & usage
B450011965 Telkom Easy Connect R 670.00Total due R 670.00Pay on or Before 01 Nov 2025 R 670.00

R335+R212.61=R547.61",Rejection Fee Dispute,1.0,Outcome pending – DB check required.
1794258,J  ,1/15/2026 17:54,202.7,0.0,ACC,,rejection fee incorrectly charged,Rejection Fee Dispute,0.95,Outcome pending – DB check required.
1798765,J  ,1/21/2026 18:26,674.45,0.0,ACC,,"View Case: 91414355
0693295631-no usages number was chnged to 8ta 1/16/2026
22.5GB LTE TopUp BO=135*2
SIM and Connection Fee=201.75
Backout payment=202.70",Rejection Fee Dispute,0.85,Outcome pending – DB check required.
1802767,J  ,1/28/2026 8:46,202.7,0.0,ACC,,REJECTION FEE,Rejection Fee Dispute,0.95,Outcome pending – DB check required.
1802773,J  ,1/28/2026 10:22,202.7,0.0,ACC,,"Affected Number: 0684481930

 

Alternative Number:0768606289

 

Customers Name: Matome John Seko

 

ID Number: 9605275376082

 

Billing Arrangement:340903707

 

FA ID Number: 505958498

 

What have you tried: customer called last year to change debit date
fromthe 20th to last day of the month
customer is disputing the rejection fees from August to January.
",Rejection Fee Dispute,1.0,Outcome pending – DB check required.
1804765,R  ,2/1/2026 14:49,1.0,0.0,ACC,,"Good day 

Customer was debited and there was a backout however the client had available funds in their accout. Customer requests a refund of R202.70
",Rejection Fee Dispute,0.97,Outcome pending – DB check required.
1792657,R  ,1/14/2026 14:33,608.1,0.0,ACC,,"good day
kindly assist with rectifying customer debit order. customer acfcounbt to be debited on 20th of each month however, when debit order happens it immediately comes back as insufficient even though the customer has funds available. customer then gets charged debit order rejection fee due to debit being unsuccessful however customer has the available funds.

Regards",Rejection Fee Dispute,0.97,Outcome pending – DB check required.
1803553,J  ,1/29/2026 14:42,1500.0,0.0,ACC,,"Customer sent an ICASA complaint disputing his account being suspended and charged rejection fees, whilst he was paying account monthly. Customer stated his account fell into collection and was intractued by Nudebt to make payments to a specif account between May 2025 and September 2025. The payment were on account:334301113 and later transferred to account:344917709. As a goodwill gesture a credit of R202.7*3=R608.01 and Late payment: Interest: R14.86+19.94+17.88+R26.05+R15.88+R11.14+R10.07=R115.82 will be arranged on the account
May: Debit order was rejected. A rejection fee of R202.70 was charged on the June invoice.
June: A funds transfer of R729.00 was received.
June: Debit order was rejected again. A rejection fee of R202.70 was charged on the July invoice.
July: A funds transfer of R829.00 was received.

September: Debit order was rejected.
September: A funds transfer of R729.00 was received.
Due to the failed debit order in September, a rejection fee of R202.70 was charged on the November invoice.",Rejection Fee Dispute,1.0,Outcome pending – DB check required.
1792041,J  ,1/12/2026 17:19,202.21,0.0,ACC,,"customer was charged rejection fees on their account while they had money into their account,customer did send statement for proof please see the attached statement on NGcrm
 assist in disputing the 202.70 on the account accodingly
",Rejection Fee Dispute,1.0,Outcome pending – DB check required.
1803839,R  ,1/30/2026 13:09,677.0,0.0,ACC,,"Good day 
Customer ID:113884487,Ms. Tsholofelo Makhubela,Consumer
FA:510702920

Customer has made a payment on the 21st of Feb, then nudebt sent a message requesting the customer to make a payment of R677.00 of which the amount had already been paid. Customer requests that nudebt stops sending her smses and also requests that Nudebt stops going into her account on the date that she has never agreed on, and keeps attempting to debting, customer went on to state that the charges that the bank will charge for rejection fees nudebt should be held liable for all the charges.",Rejection Fee Dispute,0.97,Outcome pending – DB check required.
1804923,O  ,2/2/2026 10:35,409.2,0.0,ACC,,"Good day

I trust you are well.

Kindly assist with a credit for this client as she is disputing the rejection fees.

Client had funds in her account when the debit order went off but it was returned for some reason. Client is extremely upset and wants to refunded for the extra charges.",Rejection Fee Dispute,1.0,Outcome pending – DB check required.
1805127,R  ,2/2/2026 15:48,202.7,0.0,ACC,,"Good day,
Please assist customer was charged R202.70 for a debit order rejection but as per the statement it shows that there was money on the account on the 11/29/2025 of her capitec account. Please assit with credit statement isd attached on profile
Regards",Rejection Fee Dispute,0.99,Outcome pending – DB check required.
1791081,J  ,1/8/2026 15:28,210.34,0.0,ACC,,"ANATHI MADOTYENI
Customer said has received an sms that she should pay R1000, said there was money on her account. The balance on her account it is  R729.80. Customer has been paying R315, but through a debit order. Debit order limit is on R315 and customer said it was not her fault on a note of a debit order limite, limit updated and put on a 0.00. This is her first debit orde rejection and said there was money on her bank account.

Account subscriptions & once-off R 210.34Once-off charges
Description Service/No Reference Date/Period
Payment Rejection fee 225534541 30 Dec 25 R 202.70Late payment Interest 344774523 04 Jan 26 R 7.64*

Bank account to be debited with R 315.00 on 26 Jan 2026 (Note 2)
Note 1 : Payment Rejected- Not provided for
Note 2 : You remain responsible for the total amount due. Your debit order is insufficientand the shortfall ( R 729.80 )
needs to be paid by 26 Jan 26",Rejection Fee Dispute,0.97,Outcome pending – DB check required.
1793984,R  ,1/14/2026 13:31,202.7,0.0,ACC,,"Good Day @CRM 
Kindly assist with debit order rejection dispute of R202.70 
Customer made a payment before her debit order date, and the payment reflected on the system, however telkom still tried to deduct from her account.
Which caused the debit order to bounce, which made her invoice for January more than what its supposed to be.

POP attached as well as proof that the monies was on the system before deduction date.

Thank you ",Rejection Fee Dispute,0.99,Outcome pending – DB check required.
1800927,R  ,1/27/2026 9:38,202.0,0.0,ACC,,"Good day

May you please assist , customer disputes the debit order rejection fee that has been added to his current invice, he says he was billed on the 29th of Nov instead last day & that resulted to the rejection, he disputes this penalty cause he was not charged on correct day",Rejection Fee Dispute,0.97,Outcome pending – DB check required.
1801538,R  ,1/27/2026 16:09,153.13,0.0,ACC,,"Good day
Kindly assist customer's account has been suspended yet there was a payment of R513.13 on the 01/11/2025. Now it shows as if it was back out.
FA 510532055
Kindly credit the debit rejection fees. Customer had enough to be debited but her account was charged",Rejection Fee Dispute,0.97,Outcome pending – DB check required.
1803391,R  ,1/29/2026 10:42,202.7,0.0,ACC,,"Good day 

Please assist customer is disputing, the charges for R202.70 rejection fee as she did have money in her account.. 
Bank statement attached 

Thank you ",Rejection Fee Dispute,1.0,Outcome pending – DB check required.
1804843,J  ,2/2/2026 9:37,202.7,0.0,ACC,,"customer was charged a rejectio fee due to December payments, however there were funds available in the account bank statement is attached on crm. the payment just shows as insufficiant wheeas funds were there. Kindly assist with waving off the rejection fee of 202.70",Rejection Fee Dispute,0.97,Outcome pending – DB check required.
1805068,R  ,2/2/2026 14:27,1067.43,0.0,ACC,,Customers account was debited on 30/01/2026 for an amount of R1067.43. This amount was not returned to the customer and shows as a backout on our side. Kindly check i have attached a bank statement. Customer is also beingt charged R202.70 for this failed debit order. kindly credit for fail debit order as well,Rejection Fee Dispute,0.97,Outcome pending – DB check required.
1806689,J  ,2/4/2026 15:20,202.7,0.0,ACC,,"Affected Number:0601634620

 

Alternative Number:0817355633

 

Customers Name:NTOKOZO KHETHELO MINENHLE SOKO

 

ID Number:0011145316086

 

Billing Arrangement:345517020

 

FA ID Number:510529978

 

What have you tried:Checked FA ID

 

Additional Information:Customer disputes rejection fee
as debit order date was incorrectly set.

",Rejection Fee Dispute,0.97,Outcome pending – DB check required.
1783311,J  ,12/19/2025 9:08,202.7,0.0,ACC,,"Mr,  Herschelle Williams
CUSTOMER WOULD LIKE TO DISPUTE THE CHARGES OF DEBIT ORDER REJECTION FEES THAT HE NEVER RECEIVED ANY DEBIT ORDER ON HIS SIDE ON 31-10-2025 ONLY GOT DEBITED ON 01-11-2025 AND WHICH WAS SUCCESSFUL AND PLEASE ASSIST TO DISPUTE THE CHARGES R202.70",Rejection Fee Dispute,1.0,Outcome pending – DB check required.
1786558,J  ,12/30/2025 13:43,202.7,0.0,ACC,,"customer was billed for late payment interest on the December billing invoice for when telkom debited their account on the 25th of November and it was ruled as a reject,
but the customer did have money on their account 5 435.55 so customer is not liable to pay for the rejection fee 202.7",Rejection Fee Dispute,0.95,Outcome pending – DB check required.
1789187,R  ,1/6/2026 16:38,202.7,0.0,ACC,,"Good day
Please assist with disputing R202.70 on customers account he had money on his account but was not debited 
so the customer refusing to pay",Rejection Fee Dispute,0.97,Outcome pending – DB check required.
1803691,J  ,1/30/2026 8:31,260.21,0.0,ACC,,"THABISOGIGABA customer paid account in full August and 
cancelled servives in Sep 2025 cease(Broadband,Internet) 9/5/2025 2624288078A
Reconnection Fees - 260.21
Backout payment 202.70 x 4 = 810.80
Late payment Interest 13.90 + 14.64 = 28.54
Fibre R665",Rejection Fee Dispute,0.95,Outcome pending – DB check required.
1789118,J  ,1/6/2026 12:37,202.7,0.0,ACC,,"
Please be advised that the customer is disputing the rejection fee charged for a bounced debit order dated 29 November 2025, which was declined due to an alleged insufficient balance.

The customer has provided bank statement proof confirming that sufficient funds were available for Telkom to successfully debit the amount of R169.00 on the said date.

In light of the evidence provided, the customer is to be credited an amount of R202.70 for the rejection fee.

Customer Name: Terri Ann Reddy
FA: 510543690

The bank statement has been attached for reference.",Rejection Fee Dispute,1.0,Outcome pending – DB check required.
1798019,J  ,1/21/2026 17:17,202.7,0.0,ACC,,wanted to dispute the R202.70 ,Rejection Fee Dispute,0.99,Outcome pending – DB check required.
1786167,J  ,12/29/2025 11:02,202.7,0.0,ACC,,"Cx requested for the banking to b changed and nothing was done and the customer telkom keeps on charging her the debit rejection fee becasue the banking were not save on the system.

Customer to be disputed the pmt rejection fee and it was not the customer fault, cx now in Dec did the manual pmt and the debit order went off and tried to debit the account, reversing the debit reject fee amount.
R202.70.",Rejection Fee Dispute,0.99,Outcome pending – DB check required.
1789047,J  ,1/6/2026 10:16,176.26,26.44,DEB,DCK,"The customer is disputing the rejection as he contacted the Telkom Mobile Retentions via 081 180 for termination both contracts, and case:89690978 was logged the same day the customer called. 
0681495498: 10/22/2025 9:43:11 AM: hashuls
0814132312: 11/28/2025 2:32:49 AM: hashuls

The customer was never advised that 0814132312 was cancelled in November,28,2025 and he is now being billed for usage of Oct.

Advised the customer to pay the R107.00 as there is usage, and rejection fee will be credited.",Rejection Fee Dispute,0.97,Outcome pending – DB check required.
1792282,J  ,1/14/2026 8:27,202.7,0.0,ACC,,Customer not supposed to be billed R202.70.,Rejection Fee Dispute,0.88,Outcome pending – DB check required.
1795643,J  ,1/15/2026 16:00,202.7,0.0,ACC,,Customer incurred a rejection fee this is a new customer and she needs the debiot order to be onb the 15 of every month advised she will be liable ,Rejection Fee Dispute,0.95,Outcome pending – DB check required.
1798056,J  ,1/19/2026 18:45,202.7,0.0,ACC,,"Affected Number: 0814814426,0659327686,0767052698

 

Alternative Number: 0767052698

 

Customers Name: Leornard Phiri

 

ID Number: 8706265652085

 

Billing Arrangement: 334320467

 

FA ID Number: 500972397

 

What have you tried: customer had a backout when the funds were there on the acc, the accc number corresponds with the one on the bank statement 

 
Additional Information: customer would like the rejection fee disputed ",Rejection Fee Dispute,0.95,Outcome pending – DB check required.
1776311,J  ,12/8/2025 13:28,405.4,0.0,ACC,,"Good Day 

kindly assist with crediting the customer account.
as customer was credited the amount of R-745.52
customer was than charged debit order rejection fees because of the backout.
he reveresed the amount as he was advised that was his final bill

BAN:345444731
FA:510457689
credit amount - R405.40",Rejection Fee Dispute,0.99,Outcome pending – DB check required.
1779079,J  ,12/13/2025 11:39,202.7,0.0,ACC,,"Affected Number:0814612564
 
Alternative Number:0814612564
 
Customers Name:Kelly Jooste
 
ID Number:9605280127082
 
Billing Arrangement:(If Applicable)339071211
 
FA ID Number:(If Applicable)504126007
 
What have you tried:checked on the cx did make a payment but was also debited again by telkom at an incorrect date
 
Additional Information:cx is disputing the debit order rejection fee.",Rejection Fee Dispute,0.97,Outcome pending – DB check required.
1782595,J  ,12/18/2025 13:43,415.31,0.0,ACC,,"customer requested debit change on the account on the 06/03/2025 but it was not changed by an agent and chose to transfer the customer on the Sales 
advised adjust and credit the Backout payment R202.70 for December and for October Backout payment R202.70 and the Late payment Interest R9.91 making it the total of R415,31",Rejection Fee Dispute,0.97,Outcome pending – DB check required.
1782835,J  ,12/24/2025 9:44,408.64,0.0,ACC,,"Billing case









Affected Number:
0813363809
Alternative Number:
0724268000
Customers Name:
Londalani  Lydia  Ndou
ID Number:
8411100965087
Billing Arrangement:(If Applicable)
339706007
FA ID Number:(If Applicable)
504760801
What have you tried:
Customer was charged a rejection fee but they had sufficient funds in the account
Customer was charged for the month of September and november


Additional Information:

Bank statement attached 
",Rejection Fee Dispute,0.95,Outcome pending – DB check required.
1789086,R  ,1/6/2026 11:04,405.4,0.0,ACC,,"Good day
please kindly assist and dispute order rejection fee amount of R405.40 for the month of November and December 2025 invoice customer had funds on his bank account but i was not debited.
Bank statements attached.

Regards",Rejection Fee Dispute,0.95,Outcome pending – DB check required.
1789473,J  ,1/7/2026 15:55,202.7,0.0,ACC,,"Affected Number:
 B620009532
Alternative Number:
 0817717708
Customers Name:
 DINEO TLHAPI
ID Number:
 6712121147080
Billing Arrangement:(If Applicable)
 343763138
FA ID Number:(If Applicable)
 508778340
What have you tried:
 Customer states that she was not aware of the 10 working days before debit date and I did escalate to the TL about this penalty fee of missing the debit order of the 24th of DEC due to customer having already paid manually within 10 days of the debit order. The TL advised that due to goodwill they will credit the customer the 202.70 due to goodwill as its their first offence",Rejection Fee Dispute,0.95,Outcome pending – DB check required.
1776361,R  ,12/9/2025 14:13,1.0,0.0,ACC,,"Good day 
please assist with refund customer debit order rejection fee as there was funds in account , however debit order rejected 
i have attached a proof on crm ",Rejection Fee Dispute,0.99,Outcome pending – DB check required.
1799514,R  ,1/24/2026 16:10,391.4,0.0,ACC,,"Good day 

FA: 509694901
Customer: 102955387, Sophie Liholo,Consumer

Kindly assist the customer states that they had requested to cancel their contract in August 2025 ,and had paid the total obligation which they were informed off however the customer is being charged debit order rejection fees every month and is yet again require to pay recurring amounts whereas in their knowledge the contract has been cancelled off ",Rejection Fee Dispute,0.99,Outcome pending – DB check required.
1806555,O  ,2/4/2026 12:24,260.21,0.0,ACC,,"Good day

please assit in credit account as this customer services was never off and get charge for reconection fee

however cusromer complain abount device insurance that was never agree 
 only R550 was credit and not the full amount please assit as customer call the call centre but noone can explain about this bill

customer is pensioner and cant pay this amint of land line services

thank you",Rejection Fee Dispute,0.95,Outcome pending – DB check required.
1795264,J  ,1/15/2026 12:47,202.7,0.0,ACC,,"customer called in to dispute a service fee as they needed to change the debit date from last day to the 15th 
agent dis not change debit date to the correct debit date 

9/17/2025 1:03 PM

agent did not change the debit date 
incorrectly upodated the debiot date 

Debit order details updated as per Instructions.  
Next debit date is 2025/09/30. Bongi 0414570123.

dsipute R202.70",Rejection Fee Dispute,0.97,Outcome pending – DB check required.
1796542,R  ,1/16/2026 14:31,202.7,0.0,ACC,,"Contact Phone: 0655137757

Notes: Good Day 

Kindly assist with debit rejection fee customer had enough funds on the 5th December 2025 but Telkom took as rejection.
Telkom charged customer the rejection fee of R202.70

Regards
Mandla",Rejection Fee Dispute,1.0,Outcome pending – DB check required.
1797946,J  ,1/20/2026 7:15,202.7,0.0,ACC,,please kindly assist with disputing a rejection fee which was wrongfully charged since there was money in his account when debit bounced ,Rejection Fee Dispute,0.95,Outcome pending – DB check required.
1779802,R  ,12/16/2025 15:43,202.7,0.0,ACC,,"Good day

Kindly assist with waiving off the november rejection fee as the debit went off early not last day of the month as per customers knowledge, customer got paid on the 30th of november. customer is disputing the rejection fee charged",Rejection Fee Dispute,1.0,Outcome pending – DB check required.
1779817,J  ,12/17/2025 11:03,202.7,0.0,ACC,,"Customer would like to dispute rejection fee of 202.70
Cudtomer says he changed banking details ",Rejection Fee Dispute,0.97,Outcome pending – DB check required.
1796807,R  ,1/17/2026 8:48,202.7,0.0,ACC,,"Good day,
Kindly assist to credit rejection fees as clinet requested to change banking details on account

Thank you",Rejection Fee Dispute,0.97,Outcome pending – DB check required.
1805863,J  ,2/3/2026 11:44,405.5,0.0,ACC,,"Customer payment is getting rejected startwed in dec and January customer had funds on her account and the customer is being charged for the debit rejection fee amont of R202.70.

Customer to be disputed R405.50
Debit ref number for DEc and Jan (50896651401186) & (50896651401188)

I have attached the bank statement and attachedment.",Rejection Fee Dispute,0.99,Outcome pending – DB check required.
1795888,J  ,1/20/2026 9:37,314.18,0.0,ACC,,"Affected Number:0693637526
Alternative Number:0761189259
Customers Name:Manyedi  John Kgasago
ID Number:8612105592087
Billing Arrangement:344031451
FA ID Number:509046475
What have you tried:Checked customer FA and BA , account currently has a balance
of R314.18 from debit order rejections fees customer was charged with.
due to credit limit .
Additional Information:Customer request amount to be disputed because he was advised 
from cancellation department to pay R798.00 he then payed that balance but after that 
he was sent another billing invoice he payed for it but was then charged with rejection
fees.
email sent to customer 
From: Jonathan Geiler (J) <Geilerj@telkom.co.za>
Sent: Wednesday, July 16, 2025 2:42 PM
To: manyedijohn@yahoo.com <manyedijohn@yahoo.com>
Subject: Banking Details
 
Good day

Hope this mail finds you well,

Kindly receive the banking details as per our telephonic conversation request:

Banking details.

Branch: ABSA

Branch code :( 632005)

Account Number: 407 615 5598

EFT Ref No: 6475880005090455030

Amount Due : R798
POP sent to TM SOC Billing:No",Rejection Fee Dispute,0.99,Outcome pending – DB check required.
1799485,R  ,1/23/2026 13:07,176.26,26.44,DEB,DCK,Kindly assist as the customer was charged a backout fee of R202.70 as the customer states that he was not informed that the debit order was due to be debited from his account on the 27th of Decemeber 2025.,Rejection Fee Dispute,0.97,Outcome pending – DB check required.
1776112,J  ,12/8/2025 15:44,202.7,0.0,ACC,,"good day

customer is disputing the rejection fee as she did a application in September and the incoorect banking details were inserted ans the payment did not go through in October, customer made payment in November but it was for October . 
now in december she has debit rejection fee that she wants waived as it was not her fault  ",Rejection Fee Dispute,1.0,Outcome pending – DB check required.
1777575,R  ,12/11/2025 13:49,202.7,0.0,ACC,,"Good Day

Kindly assist with Debit Order Rejection Fee as customer was debited on the 5/11/2025 and the customer had more than sufficient funds in their account.

Please see attached Bank Statement as reference.

Kind Regards
Juevane Nyshe Anthony",Rejection Fee Dispute,0.99,Outcome pending – DB check required.
1784380,R  ,12/23/2025 14:56,405.4,0.0,ACC,,"Good day

Please assist with justifying rejection fee as client always has money in her account and this is the second time that her account was not debitted and she had to make manual payments which results in rejection fees.
For both October and  November.
Bank statements attached under CRM attachments.",Rejection Fee Dispute,0.99,Outcome pending – DB check required.
1787745,J  ,1/5/2026 13:30,608.1,0.0,ACC,,"CUSTOMER IS STATING THAT HIS BANK ACCOUNT IS NO LONGER WORKING AND HE LOST HIS JOB

CUSTOMER HAS BEEN MAKING MANUAL PAYMENT AND IS THEREFORE DISPUTING THE REJECTION FEWE PENALTIONS",Rejection Fee Dispute,0.95,Outcome pending – DB check required.
1776722,R  ,12/9/2025 13:30,202.7,0.0,ACC,,"Good day
Kindly assist with a refund of R202.70 rejection fee  . Customer is disputing that he had funds in his bank account on the 25th which is his debit date. ID and bank statement attched.",Rejection Fee Dispute,1.0,Outcome pending – DB check required.
1776775,R  ,12/9/2025 15:26,202.7,0.0,ACC,,Good day. The client would like to Dispute the Late Payment Fee of the amount R202.70 for the month of December since the client had enough amount to be debited in the account.,Rejection Fee Dispute,0.97,Outcome pending – DB check required.
1778140,J  ,12/11/2025 14:34,2341.89,0.0,ACC,,"i advised the customer that the he was charged debit rejection fees, late payments as well as reconnection fees
customer explained that the banking details that are captured on the system does not belong to him
i checked on easy avs and those are not his banking details and the customer has been paying manually every month and the customer was not even aware that they are debit on this account 62594533773which does not belong to him
reconnection fees R260.21x9= 2 341,89",Rejection Fee Dispute,0.97,Outcome pending – DB check required.
1778153,J  ,12/11/2025 16:45,202.7,0.0,ACC,,"Affected Number: 0698668565
Alternative Number: 0698668565
Customers Name: Nthabiseng Motaung  Mthethwa
ID Number: 7708270392088
Billing Arrangement: 338852311
FA ID Number:503907107
What have you tried:  The cx was debited two 202.70 in one month
Additional Information:  the amount is reflecting 
",Rejection Fee Dispute,0.95,Outcome pending – DB check required.
1794376,J  ,1/15/2026 10:03,405.4,0.0,ACC,,"Billing Template
Affected Number:0614808398
Alternative Number: 0842370827
Customers Name: NTANDOYENKOSI BIYELA
ID Number:9608110512085
Billing Arrangement:343666211
FA ID Number:508681452
What have you tried: checked the profile
Additional Information: the customer dispute the rejection fee R405.40",Rejection Fee Dispute,1.0,Outcome pending – DB check required.
1798821,J  ,1/22/2026 9:20,405.4,0.0,ACC,,"Good day,

Please asisst with payment rejection fee. Customer says Telkom never debited his account even though there is money available. Customer is disputing these charges and would like for it to be waivered/ Also can a ne mandate also be reinstated.

Please investigate and advise.

Warm regards",Rejection Fee Dispute,0.95,Outcome pending – DB check required.
1791744,J  ,1/12/2026 10:29,202.7,0.0,ACC,,"
Billing Case
 
Affected Number:
 0658860601
Alternative Number:
 0658860601
Customers Name:
 LUNGISANI GUMBI
ID Number:
 8211055555085
Billing Arrangement:(If Applicable)
 341218422
FA ID Number:(If Applicable)
 506273010
What have you tried:
 the customer caled to ask for the dispute for 202.70
because he had funds on his account
adv the customer that will despute the rejection fee of 202.70
Additional Information:
 the customer caled to ask for the dispute for 202.70
because he had funds on his account
adv the customer that will despute the rejection fee of 202.70
POP sent to TM SOC Billing:

 

 ",Rejection Fee Dispute,0.97,Outcome pending – DB check required.
1791899,R  ,1/12/2026 16:14,202.7,0.0,ACC,,"customer was charged rejection fees on their account while they had money into their account,customer did send statement for proof please see the attached statement on NGcrm
 assist in disputing the 202.70 on the account ",Rejection Fee Dispute,1.0,Outcome pending – DB check required.
1793683,J  ,1/13/2026 20:51,202.7,0.0,ACC,,Customer calling in to dispute rejection fee.,Rejection Fee Dispute,0.95,Outcome pending – DB check required.
1804737,O  ,2/1/2026 12:09,1.0,0.0,ACC,,"Billing query 

customer  states that she canceled her contract on th e7th of March 2023

however customer was charged  until November 2023

customer would like to know where does the other balances come from 

customerws account was debited 
affected number 0812157142
identity number 8904120161083
customers name Laurique Rochelle Walstroom 
contact number 0812157142

In Collection since 3/8/2023   1,005.93 






Search

FA_ID
 	









Collections Not Found

Collected Amount	
      
Search_FA      
502676403
Last Successful Date	
  FA_Number 
502676403
 	Arrears	
R 1005,93
Cus_Names   
Laurique Rochelle Walstroom
Total Due	
R 1005,93
   
Last Debit Order Rejection Date	
2023-03-02

Rejection Reason	
NOT PROVIDED FOR (EQUIVALENT TO R/D ON A CHEQUE)
All Collections Transactions For The last Three Months
Group	Amount	Action_Date	Status	Latest_Status_Description	Lastest_Status_Effective_Date
Bham & Dahya WO (EFT)	1005,93	2026-01-31	Submitted	Submitted To the Bank	2026/01/31 00:00:00
Bham & Dahya WO (EFT)	1005,93	2026-01-24	Failed	NOT PROVIDED FOR	2026/01/28 00:00:00
Telkom Bham & Dhaya EFT 2	500,00	2025-12-31	Successful	SUCCESSFUL	2026/01/01 00:00:00
Telkom Bham & Dhaya EFT 2	500,00	2025-12-20	Failed	NOT PROVIDED FOR	2025/12/29 00:00:00
Telkom Bham & Dhaya EFT 2	1000,00	2025-12-20	Failed	NOT PROVIDED FOR	2025/12/29 00:00:00
Telkom Bham & Dhaya EFT 2	1505,93	2025-12-13	Failed	NOT PROVIDED FOR	2025/12/18 00:00:00",Rejection Fee Dispute,0.95,Outcome pending – DB check required.
1805231,J  ,2/3/2026 15:29,202.7,0.0,ACC,,CUSTOMER IS DISPUTING THE REJECTION FEE PENALTY BECAUSE THE AGREED DEBIT DATE WAS THE LAST DAY OF THE MONTH,Rejection Fee Dispute,0.99,Outcome pending – DB check required.
1779783,J  ,12/15/2025 18:03,202.7,0.0,ACC,,"Affected Number:0815979177
Alternative Number:0815979177
Customers Name:Maria Matli
ID Number:6310080778084
Billing Arrangement:(If Applicable)335060502
FA ID Number:(If Applicable)501712435
What have you tried:banking details updated it November
additional Information: customer  dispute the rejection fee,she came to the store to chnage the banking details,they where not changed as requested",Rejection Fee Dispute,1.0,Outcome pending – DB check required.
1792578,J  ,1/13/2026 12:42,202.7,0.0,ACC,,Disputing the rejection fee because the cutomer had funds in her account,Rejection Fee Dispute,0.99,Outcome pending – DB check required.
1796316,J  ,1/16/2026 15:22,202.7,0.0,ACC,,"advised customer that on the 3 january backed out and it has alkready made a payment R273.15 
Advised the customer that on 1/10/2026 Payment reflected on the 10th
and called same day  

advised customer wll credit the account as the agent promised to credit the account
dispute R202.70",Rejection Fee Dispute,0.97,Outcome pending – DB check required.
1796747,R  ,1/20/2026 15:49,202.7,0.0,ACC,,"Good day
Please assist as per case tittle the customer was charged the rejection fee and the initial was that she will be charged on the 24th
Please look up to it and assist if u can be able to

Regards",Rejection Fee Dispute,0.95,Outcome pending – DB check required.
1798445,R  ,1/20/2026 17:34,470.77,0.0,ACC,,"Good  day 

Could you please assist,  customer has  services and their sevices are suspended where as in december telkom debited on the 6th were as the customer had money in their account on the 5th as a result they made the payment manually and now customer is being billed debit order rejection fee and  reconnection fee, customer is disputing the amount of R470.77?.

Financial Account:510142756
Billing Arrangement:345129709
Customer ID:241135465

Thank you.",Rejection Fee Dispute,0.97,Outcome pending – DB check required.
1799644,J  ,1/23/2026 15:06,202.7,0.0,ACC,,customer called to dispute the debit order rejection fee on the account of R202.70 they were not receiving their statement  so the account is charge with the debit order rejection they are disputing the bill,Rejection Fee Dispute,1.0,Outcome pending – DB check required.
1785290,R  ,1/7/2026 10:36,202.7,0.0,ACC,,"Good Day

Kindly assist with customer debit order rejection fee as customer was billed in the month of October 2025 and had available funds in her account, however the debit rejected.

Please see attached bank statement as reference.

Kindly
Juevane Nyshe Anthony",Rejection Fee Dispute,0.99,Outcome pending – DB check required.
1790452,J  ,1/8/2026 11:55,176.26,26.44,DEB,DCK,"customer was billed rejection fee for payment missed in November, customer had enough funds, debit did not go through, customer is desputing rejection fee",Rejection Fee Dispute,0.95,Outcome pending – DB check required.
1792476,J  ,1/13/2026 10:49,202.7,0.0,ACC,,"Customer keeps on missing payemnts on the debit order spoke to a sales agenbt from the telkom store advised him to educate the customer that moving forward they will be liable for the penalty fees i will help them with the last 2 months since they are making payments manually but the probl;em is they are not payiong 10 days prior now they know 
Rejection fee",Rejection Fee Dispute,0.95,Outcome pending – DB check required.
1793881,J  ,1/14/2026 11:13,202.7,0.0,ACC,,"Alternative Number:
 0678058600
Customers Name:
 LETTICIA ASH
ID Number:
 9804270449081
Billing Arrangement:(If Applicable)
 344303649
FA ID Number:(If Applicable)
 509318223
What have you tried:
 customer experienced a back out on the 29 of Nov yet customer had funds in his account kindly assist to dispute the 202.70 penalty fee  ",Rejection Fee Dispute,0.95,Outcome pending – DB check required.
1779561,R  ,12/15/2025 10:55,1.0,0.0,ACC,,"The customer called in requesting unsuspension. 

The customer is suspended due to credit limit. The customer's credit limit is set at R1000 and her monthly subscription fee is R1225.

Please kindly increase the customer's credit limit to R2000 , as per the customer's request. ",Rejection Fee Dispute,0.95,Outcome pending – DB check required.
1792544,J  ,1/14/2026 12:49,202.7,0.0,ACC,,"Customer has a past due on account 509445065 that was cancelled within cooling off period 
Customer was credited for the subscription, outstanding balance ia for rejection fee 
View Case: 78138780
View Case: 91279131",Rejection Fee Dispute,0.95,Outcome pending – DB check required.
1791086,J  ,1/8/2026 15:35,202.7,0.0,ACC,,The cx would like to dispute a R202.70 that she was charged for a rejection fee of a payment that didnt go through on the 25TH of October 2025 while she requested for her banking details to be changed biginning October,Rejection Fee Dispute,0.99,Outcome pending – DB check required.
1779130,R  ,12/13/2025 12:10,202.7,0.0,ACC,,KIndly assist as customer is being charged a rejection fee in November when she had funds in her account. please find statement attached ,Rejection Fee Dispute,0.95,Outcome pending – DB check required.
1781636,J  ,12/16/2025 12:44,202.7,0.0,ACC,,customer is disputingb the rejection fee penalty because she was advised to make a manuall payment,Rejection Fee Dispute,0.95,Outcome pending – DB check required.
1781853,J  ,12/17/2025 11:09,207.49,0.0,ACC,,"Affected Number: 0601746961
Alternative Number: 0625150858
Customers Name: FRANCES HILL
ID Number: 5804170016083
Billing Arrangement: 345673892
FA ID Number: 510686849

Additional Information: Customer is disputing the rejection fee as the billing date is also wrong. He wanted the billing cycle to be on the 5th but under CRM the only date available is the last day of the month. 
Customer's current billing cycle: 3/B
Customer's current billing date: Last day of the Month

Customer's prefered billing cycle:5/D
Customer's prefered billing date: 5TH 

Charges to be credited: R207.49 (Rejection Fee & Late payment Interest).",Rejection Fee Dispute,1.0,Outcome pending – DB check required.
1789318,R  ,1/7/2026 9:34,202.7,0.0,ACC,,"Please assist,

customers account was debited a wrong amount and a customer then decided to
make a manual payment therefore the customer is not liable for the rejection fee",Rejection Fee Dispute,0.95,Outcome pending – DB check required.
1791336,R  ,1/9/2026 11:36,202.7,0.0,ACC,,"Good day

Can you kindly assist in the matter,there is a pop up that shows on the customer's profile that there is an outstanding amount of R202.70 but on the FA ID,there is no baclout payments and the account was paid in full",Rejection Fee Dispute,0.97,Outcome pending – DB check required.
1799524,J  ,1/26/2026 9:01,202.7,0.0,ACC,,"Customer charged a debit order rejection fee for the early debit that at the end of December , customer's debit date is the last day of the month , however , the debit for December hows to have been issued on 23/12/2025",Rejection Fee Dispute,0.97,Outcome pending – DB check required.
1802682,R  ,1/27/2026 12:32,202.7,0.0,ACC,,"Kindly assist with reversing the rejection fee 
made a mistake with the debit date and credited the customer by mistake (rectify my mistake)",Rejection Fee Dispute,0.95,Outcome pending – DB check required.
1781686,J  ,12/16/2025 14:23,207.56,0.0,ACC,,"customer is disputing the rejection for the backout in October, customer had enough funds for telkom to debit",Rejection Fee Dispute,0.95,Outcome pending – DB check required.
1806894,O  ,2/5/2026 9:51,202.7,0.0,ACC,,"good day 
kindly assist with rejection fees as clients debit order was changed.",Rejection Fee Dispute,0.97,Outcome pending – DB check required.
1776961,J  ,12/9/2025 18:11,104.42,0.0,ACC,,"affected number: 0676694200
SHAQEELAH KING
9704110798087
shaqeelah11@gmail.com
0621347464
30 CROWLEY ST, BLANCO, 

customer called to cancel contract, reason was overcharged in March ... probed what happened customer says submitted bank statement at branch, had funds in account then but incurred unpaid debit order fees resulted in high billing ... also did not understand why was charged for the other months .... advised was suspended from using the service but billing doe snot stop ... advised to send me bank statement from March to-date so we can log disputes in that regard 

>>>>>
customer sent bank statement shows had funds available at the time of debit order, it did not collect on the system shows returned unpaid as such incurred unpaid debit order fees .. reversing charge Backout payment  202.70 Period:4/1/2025-4/30/2025

Late payment Interest 0.41 Period: Period:

same applied in May Backout payment 202.70 and Late payment Interest 20.47 Period: 6/1/2025-6/30/2025

Late payment Interest 25.73 Period:7/1/2025-7/31/2025

Late payment Interest 27.51 Period: 8/1/2025-8/31/2025

Late payment Interest 25.79 Period: 9/1/2025-9/30/2025

also Oct funds werw available but deduction returned unpaid Backout payment 202.70 and Late payment Interest 4.51 Period: 11/1/2025-11/30/2025",Rejection Fee Dispute,0.95,Outcome pending – DB check required.
1776531,R  ,12/9/2025 12:01,202.7,0.0,ACC,,"reffer to case 90219015 customer still want to be credited.
Please note customer is dispiting the R202.70 rejection fee, which was charged in October. 
Customer contract ended in august and she requested service to be canceled. she was given incorrect information by the person assisted her the will be no payment in september which closed all  accoumt she went to pay then. Customer paid manualy and was again advised that the will be no extra charges",Rejection Fee Dispute,1.0,Outcome pending – DB check required.
1776526,J  ,12/9/2025 10:44,202.7,0.0,ACC,,"Customer would like to dispute rejection fee of 202.70
Customer was debited on a wrong date ",Rejection Fee Dispute,0.97,Outcome pending – DB check required.
1778613,J  ,12/12/2025 10:19,202.7,0.0,ACC,,Rejection fee ,Rejection Fee Dispute,0.95,Outcome pending – DB check required.
1794256,J  ,1/15/2026 16:17,215.04,0.0,ACC,,"Rejection Fee

Dispute Group: Subscription
Credit Reason: Subscription – FA 

Billing Template	 
Affected Number:	 0799292943
Alternative Number:  0818087580
Customers Name:	 MXOLISI SPHAMANDLA BIYELA
ID Number: 9104125746082
Billing Arrangement:334217297	 
FA ID Number: 500869227	 
What have you tried: customer sent me the bank statement and I saw he has enough funds 	 
Additional Information: I credited back the customer the rejection fee",Rejection Fee Dispute,0.95,Outcome pending – DB check required.
1794267,J  ,1/16/2026 9:30,202.7,0.0,ACC,,Customer made a payment via the portal she pauid the current amount for JAN 2026 its not alllowing her to pay the past due advised her next time they need to make sure they dont miss the debit order if they do they will be liable for the rejection fee this credit is passed because they say they need the fibre to be restored,Rejection Fee Dispute,0.95,Outcome pending – DB check required.
1794576,J  ,1/20/2026 13:58,405.4,0.0,ACC,,"customer is disputing the rejection fee penaltyis because she had funds available in her account.
",Rejection Fee Dispute,0.99,Outcome pending – DB check required.
1806792,J  ,2/4/2026 21:35,202.7,0.0,ACC,,"NOMVUYO ASANDA MEMORY CHILIZA
0826620833
0209290933081
0680514277
344574533
509588642
customer is disputing the rejection  fee charge because when debit order for nov 2025 failed there were enough funds in his account.
customer has forwarded her bank sttatement and there were enough funds in her account",Rejection Fee Dispute,0.99,Outcome pending – DB check required.
1787485,J  ,1/5/2026 9:13,216.76,0.0,ACC,,customer is disputing the rejection fee for november. customer had enough funds,Rejection Fee Dispute,0.99,Outcome pending – DB check required.
1789069,J  ,1/6/2026 10:50,202.7,0.0,ACC,,"Affected Number:0695225270
 

Alternative Number:0790390688
 

Customers Name:Belinda Lusinga Lusinga
 

ID Number:9409111340083
 

Billing Arrangement:344195836

 

FA ID Number:509210593

 

What have you tried:Checked FA Id

 

Additional Information: Customer would to disputes rejection fee.

",Rejection Fee Dispute,0.95,Outcome pending – DB check required.
1798220,J  ,1/20/2026 14:12,202.7,0.0,ACC,,"Billing Template
Affected Number:0685441175
Alternative Number: 0848602944
Customers Name:  CATHRINE LEGODI
ID Number:9509020353083
Billing Arrangement:340651041
FA ID Number:505705833
What have you tried: checked the profile
Additional Information: the customer dispute the rejection fee R202.75",Rejection Fee Dispute,1.0,Outcome pending – DB check required.
1799762,J  ,1/26/2026 13:56,202.7,0.0,ACC,,"Good day 

Hope this finds you well


Please assist 
The customer is disputing the rejection fee as they called on the 19/11/2025 to change their banking details and tyhe agent advised that they will be debited on their old account, they will only get debited on their new account,telkom tried to debit the customer on the new account same month of November but customer had kept the funds in the opld account as advised",Rejection Fee Dispute,1.0,Outcome pending – DB check required.
1802865,J  ,1/28/2026 10:13,995.32,0.0,ACC,,"CREDIT MEMORANDUM 
Date:							 28/01/2026                                                      
Customer Name: 				               Prudence Shabalala
Channel: 						Call Centre                  
CC Name:						Siyathembana
Linked agent (selling or processing, cause of issue):	Z71234-018
Linked manager:					N/A
BA and FAID:						343667104, 508682345
Order Number for Cancellation:  			1748774283A
Order Number for Activation:   				1584420683A
Incident Number if Applicable:  				N/A
Job Number if Applicable: (device collection):		N/A                          
Reason for credit request: 				Termination Penalty

Siyathembana provided 10GB LTE Wireless TopUp Deal with device Huawei E5576 Mifi on 22/03/2023, affected number 0699986994, on case 90838292, customer stated that he never received the router, Siyathembana did not provide feedback, favor is given to the customer, a claw back will apply. Contract was cancelled on 24/08/2023.

 Reason for Credit  	Affected Number:  	Amount  
Termination Penalty: R684.00
Usage found in May 2023 - 10GB LTE Wireless TopUp: R59x4 = R236
Device Subscription Fee: R36x5 = R180
-104.68(credit already done on Sept 2023)
Total: R995.32	0699986994	R995.32
Total to be Credit  		R995.32
 
",Rejection Fee Dispute,0.95,Outcome pending – DB check required.
1791583,R  ,1/10/2026 14:16,202.7,0.0,ACC,,"Good day,
Kindly asisst with the following debit order rejection fee

Client had funds available in his account and the debit order was rejected 

Please contact clients to get bank statement ",Rejection Fee Dispute,0.97,Outcome pending – DB check required.
1805226,R  ,2/3/2026 14:10,202.7,0.0,ACC,,"Customer wasn't debitted on the 31st, which was on a sunday and they had sufficient money on their account since the 30th. I then credited the customer R202.70 and advised her to make the manual payment for the amount she had to be debited",Rejection Fee Dispute,0.97,Outcome pending – DB check required.
1776143,J  ,12/8/2025 8:57,1492.79,0.0,ACC,,"Customer had DSL landline, dsl cables were removed, Fibre lines were installed in the area, 
when they were migrating the customer to Fibre ther did internet as well but the
 customer never requested or had internet with Telkom. Customer was overcharged.
Retail Fibre Installation -R2 300.00
Backout payment - R202.70 * 4 MONTHS = 810.80
Late payment Interest - R89.23 + 85.10 + 72.97 + 46.43 = 293.73
Fibre 599.49
Closer Basic Bolt-On - 59 
Access Fee - 289.00
Call Catcher 10.09
R1,492.79",Rejection Fee Dispute,0.97,Outcome pending – DB check required.
1777014,R  ,12/10/2025 14:46,298.5,0.0,ACC,,"PLEASE ASSIST CUSTOMER MADE A PAYMENT OF R298.50 TELKOM IS NOT DEBIT THE FULL AMOUNT YET CUSTOMER HAS MORETHAN ENOUGH MONEY ON HIS ACCOUNT .
AND HE NOT HAPPY FOR REJECTION FEE OF 202,70 
 CHARGES ON THE SPECIFIC FA:503559828 . BECAUSE FOR PAST FIVE MONTH HE NEVER HAS BACKOUT ONLY TELKOM WHO DEBIT INCORRECT AMOUNT PLEASE UPLIFT SUSPENSION .",Rejection Fee Dispute,0.95,Outcome pending – DB check required.
1796926,J  ,1/21/2026 11:12,202.7,0.0,ACC,,"
Affected Number: 0684333903

 

Alternative Number: 0814198889

 

Customers Name: zuziwe ZANDI MOIMA
 

ID Number: 9803130116088

 

Billing Arrangement: 345428187

 

FA ID Number: 510441145

 

What have you tried:- Checked the manual payment is reflecting.

 

Additional Information: Customer called disputin rejection she made manual payment on the 25 November but her debit order is due last day on the month.

Payment Rejection fee 126353883 02 Dec 25 R 202.70",Rejection Fee Dispute,0.97,Outcome pending – DB check required.
1794607,R  ,1/21/2026 12:18,462.7,0.0,ACC,,Debit order rejection fee charges clients wishes to dispute,Rejection Fee Dispute,0.97,Outcome pending – DB check required.
1797810,J  ,1/19/2026 13:48,207.46,0.0,ACC,,"customer is disputing the rejection fee, customer had enough funds for telkom to debit",Rejection Fee Dispute,0.99,Outcome pending – DB check required.
1803979,J  ,1/30/2026 15:24,214.9,0.0,ACC,,"Billing Template??
Affected Number: 0670754794 ??
Alternative Number: 0670754794??????
Customers Name: Brenda Charlotte Van Der Struys
ID Number: 6502160001086??????
Billing Arrangement: 334324900
FA ID Number: 500976830 ??????
What have you tried: The customer rejected the debit order as she advised that the amount billed was not what she had agreed to in-store. She stated that she was informed she would only pay R518 and was never advised that she would still be charged for her old device together with the upgraded device. The dispute the is regarding R214.9= 202.70 +12.20 OF late payment interest .
Additional Information:?12/31/2025Backout798.00",Rejection Fee Dispute,0.95,Outcome pending – DB check required.
1805122,J  ,2/2/2026 15:49,405.4,0.0,ACC,,"The customer has migrated to VTH Fibre 1000/250Mbps but on the December and Jan 2026 they are being blled for both services 

Please assit to credit the customer the the total amount of R2,012.35

December 2025 R1,912.48 
Jan 2026 R99.87 

Becouse the customer was billed incorrectly their debit order for december bounced back they were billed rejection fee of R405.40 and late payment intrest of R80.63",Rejection Fee Dispute,0.97,Outcome pending – DB check required.
1805233,J  ,2/3/2026 15:50,202.7,0.0,ACC,,"The client is disputing the debit order rejection fees as he states that he was never advised of such.
He is also disputing the rental charges for the period his services were suspended
reggierabalao@gmail.com",Rejection Fee Dispute,0.99,Outcome pending – DB check required.
1791297,R  ,1/9/2026 11:20,205.28,0.0,ACC,,"Affected Number:0601083471
Alternative Number:0606846642

Customers Name:  SEIPATI MABENA
ID Number:  9512080566081

Billing Arrangement:344737862

FA ID Number:509751449

What have you tried:Checked on customer FA and BA ,account has been charged
with debit order rejection fee and late payment fee

Additional Information:Payment was made prior than debit date but they set off 
debit order on last day that came back as failed .
POP sent to TM SOC Billing:N/A",Rejection Fee Dispute,0.97,Outcome pending – DB check required.
1796850,J  ,1/19/2026 10:48,202.7,0.0,ACC,,"ODWA MNYANDA
Customer canceled the fibre, recieves invoices. On the final invoice she paid the balance she was oeing of which it was the debit order rejection fees, and again theis January 2026 invoice has been charged for the rejection fees. Customer is requesting these charges be cleared.

Account subscriptions & once-off R 202.70Once-off charges
Description Service/No Reference Date/Period
Payment Rejection fee 211520005 07 Dec 25 R 202.70

Payment Rejection fee 211520005 07 Jan 26 R 202.70

",Rejection Fee Dispute,1.0,Outcome pending – DB check required.
1803500,R  ,1/29/2026 12:57,417.81,0.0,ACC,,"Good Day

Please kindly log a dispute on my FA account for them not to charge extra R202.70 for next month,

On the 26/01/2026 they needed to debit R417.81 but backed out on the 27/01/2026 it says insufficient funds however there was R870.35 available on the account and therefore the amount was not debited. And next month an unnecessary penalty fee of R202.70 will be charged.",Rejection Fee Dispute,0.97,Outcome pending – DB check required.
1800874,R  ,1/27/2026 7:39,529.0,0.0,ACC,,"Good day
Kindly assist Customer account was incorrectly debited last month and this month the account was correctly debited but customer is charged rejection fee 

Thank you ",Rejection Fee Dispute,0.97,Outcome pending – DB check required.
1803195,J  ,1/28/2026 19:49,1646.36,0.0,ACC,,"Good day

Customer would like to query subscription fees charged for services that was not working.
Client received landline service and could not make use of the number due to technical errors.
Please see no usgae on invoices since activation. Please assist by crediting outstanding balance charged for no usage.
For more information, please contact DARLINGTON ISIGUZO - 0842680806.

DARLINGTON ISIGUZO
SN - 0219288338
Contact - 0842680806
ID - 9401206462187",Rejection Fee Dispute,0.85,Outcome pending – DB check required.
1806472,O  ,2/4/2026 9:57,202.7,0.0,ACC,,"Good day , Kindly please find attached bank statement , customer had enough funds on  29/11/2025 and she was still charged for payment rejection fee. Please kindly dispute this, customer contact on 0631754179",Rejection Fee Dispute,0.95,Outcome pending – DB check required.
1806851,J  ,2/5/2026 9:23,202.7,0.0,ACC,,"Customer was advised that he needs to pay his account 5 days before his debit date 
customer is disputing the 202.70 that was charged on their account cause he was told that he should do a manual payment 5 days before not 10 days before ",Rejection Fee Dispute,0.95,Outcome pending – DB check required.
1780860,J  ,12/17/2025 9:29,207.66,0.0,ACC,,"ANTOINETTE KGOKONG
Customer said there was money on her account, and she is requesting the rejection charges be cleared. I advised her because this is her first rejection it will be cleared but next time it won't be.

Account subscriptions & once-off R 207.66Once-off charges
Description Service/No Reference Date/Period
Payment Rejection fee 272044643 02 Dec 25 R 202.70Late payment Interest 345637568 09 Dec 25 R 4.96* Subtotal R 207.66",Rejection Fee Dispute,0.97,Outcome pending – DB check required.
1798200,J  ,1/20/2026 10:48,1566.97,0.0,ACC,,"The customer has reached out regarding a request for device insurance cancellation not done. ?
Customer is being billed and as a result debit orders rejected and had to make electronic payments. 
Customer request for the charges to be reversed including the debit order rejection fees..",Rejection Fee Dispute,0.99,Outcome pending – DB check required.
1798822,R  ,1/22/2026 9:20,405.4,0.0,ACC,,"
Good day,

Please asisst with payment rejection fee. Customer says Telkom never debited his account even though there is money available. Customer is disputing these charges and would like for it to be waivered/ Also can a ne mandate also be reinstated.

Please investigate and advise.

Warm regards",Rejection Fee Dispute,0.95,Outcome pending – DB check required.
1800970,J  ,1/28/2026 13:28,462.91,0.0,ACC,,"client had changed the banking details  in october and still getting billed for 
Reconnection Fees 25 Nov 25 R 260.21
Payment Rejection fee 121203713 12 Dec 25 R 202.70
260.21+202.70
=462.91",Rejection Fee Dispute,0.97,Outcome pending – DB check required.
1791126,J  ,1/9/2026 9:13,202.7,0.0,ACC,,"Incoming call
Contact Phone: +27717816991

Notes: Retention Attempt
Number in question : 0680223306
Current Plan :40GB LTE Wireless TopUp
New Plan : 
Contract Age : 
Monthly Fee :169.00
Device Fee : 0.00
Reason for call / why they are cancelling :
Retained : 
Cancellation Request Date 07/01/2026
Cancellation Effective Date :N/A
Outcome : Service Retained
Customer no longer cancelling the service 
Contract remains active until further notice
Notes
Customer is disputing the rejection fee for the previous month December
Debit date is on the 25th and on the invoice it stipulated that on the 24th debit order will go off.
Customer was debited on the 27th and they had already removed funds from thier account.
Please assist and investigate and provide clarity and feedback",Rejection Fee Dispute,0.99,Outcome pending – DB check required.
1791432,J  ,1/11/2026 11:24,202.7,0.0,ACC,,"AFFECTED NUMBER: 0680788024
CONTACT NUMBER: 0814060017
ID: 9803101349080
FA: 509888653
BAR:344875067
MORE INFO: the customer dispute the rejection fee as she was incorrely billed on Statement date01 Nov 2025. The customer was billed a rejection fee when she had funds on her account.
- confirmed balance on the bank statement.",Rejection Fee Dispute,1.0,Outcome pending – DB check required.
1793708,J  ,1/14/2026 8:29,202.7,0.0,ACC,,The customer is not supposed to be billed the debit order rejction fees: R202.70 ,Rejection Fee Dispute,0.97,Outcome pending – DB check required.
1784537,J  ,12/23/2025 12:36,202.7,0.0,ACC,,"CX HAD MONEY IN HIS ACCOUNT WHEN THE DEBIT ORDER BOUNCED ON THE 30/09/2025 AND 25/11/2025

CX WANTS TO DISPUTE THE REJECTION FEE CX'S BANK STATEMENT ATTACHED ON CRM",Rejection Fee Dispute,0.99,Outcome pending – DB check required.
1805833,J  ,2/3/2026 11:07,202.7,0.0,ACC,,"
Affected Number:0812562570
 
Alternative Number:0725824786
 
Customers Name:Cecil Hewitt
 
ID Number:3710205032080
 
Billing Arrangement:338944545
 
FA ID Number:503999341
 
What have you tried: cx called in saying she got a rejection fee for December while she did not owe anything as her account was in credit.
 
Additional Information: I checked the billing and she did not owem end of December
 ",Rejection Fee Dispute,0.95,Outcome pending – DB check required.
1776556,J  ,12/9/2025 8:57,202.7,0.0,ACC,,"Customer was billed insurance when he had requested cancellation and incurred rejection fee
View Case: 90594306",Rejection Fee Dispute,0.95,Outcome pending – DB check required.
1776691,J  ,12/9/2025 12:41,202.7,0.0,ACC,,Customer would like to dispute rejection fee of 202.70,Rejection Fee Dispute,0.97,Outcome pending – DB check required.
1777303,J  ,12/10/2025 19:28,202.7,0.0,ACC,,"Affected Number: 0679368268
Alternative Number:0718219346
Customers Name:VUMANI DUBE
ID Number:8803036989084
Billing Arrangement:339849790
FA ID Number:504904584
What have you tried:The customer is billed a rejection fee for failled debit that had Event billing usage
Additional Information:The customer is disputing the rejection fee ",Rejection Fee Dispute,0.99,Outcome pending – DB check required.
1777322,J  ,12/11/2025 8:15,547.7,0.0,ACC,,"Order was duplicated, please refer to order ref 2645191481A 2659187802A, credit penalty fee amount of R345 including debit order fee of R202.70",Rejection Fee Dispute,0.97,Outcome pending – DB check required.
1796526,J  ,1/16/2026 13:57,202.7,0.0,ACC,,"Affected Number:

 0716824483

Alternative Number:

0732169987

Customers Name:

 Mphumzi Arafat Booi

ID Number:

 7912015645087

Billing Arrangement:(If Applicable)

 345178498

FA ID Number:(If Applicable)

 510191455

What have you tried:
Checked FA ID

Additional Information:

Customer disputed rejection fee",Rejection Fee Dispute,0.95,Outcome pending – DB check required.
1790566,J  ,1/8/2026 17:24,550.0,0.0,ACC,,"RELOG CASE / WAIVE D/O REJECTION FEE – R 202.70 
Good Day 
Kindly assist with checking customer's profile because she was charged reconnection fee and bank statement attached
Thanks  
",Rejection Fee Dispute,0.97,Outcome pending – DB check required.
1804790,R  ,2/2/2026 7:33,202.7,0.0,ACC,,"
Affected Number: 0671273829
 
Alternative Number:0613566708
 
Customers Name:SINETHEMBA LEON MZINYATHI
 
ID Number:9701085248080
 
Billing Arrangement:341442848
 
FA ID Number:506494379
 
What have you tried:cx sent me an email saying he wrongfully charged a rejection fee and he sent me his statement and i reviewd it and found that on the 26 may 2025 he was charged a rection fee 
 
Additional Information: Please refund the cx 202.70
 

 ",Rejection Fee Dispute,0.97,Outcome pending – DB check required.
1787213,J  ,1/3/2026 8:31,202.7,0.0,ACC,,customer makes payment but was not aware of 10 working  days before debit goes off. reversed 202.70,Rejection Fee Dispute,0.95,Outcome pending – DB check required.
1789008,R  ,1/6/2026 9:18,202.7,0.0,ACC,,"Good Gay

Please kindly assist by crediting the customers account with a rejection fee charged for December. She requested her account details be changed in November but the change never executed

Kind Regards
Sivu",Rejection Fee Dispute,0.97,Outcome pending – DB check required.
1799589,J  ,1/23/2026 13:30,412.82,0.0,ACC,,"
the customer was disputing the subscription fees since the line was done
i checked on the customer portal and the usage was done since the 5/12/2025 to 23/01/2026 TIN3963176 and therewas no usage
monthy subscriptionx number of days / time period
799x 31/60
412.82",Rejection Fee Dispute,0.85,Outcome pending – DB check required.
1778072,R  ,12/11/2025 15:34,202.7,0.0,ACC,,"Customer is disputing the amount of R202.70 Of the Rejection fee and the money was in the account.
The Statement is provided and attached.
The debit of R886 did not go off on the 29/11/2025",Rejection Fee Dispute,0.99,Outcome pending – DB check required.
1795615,R  ,1/15/2026 14:45,202.7,0.0,ACC,,"Billing Template	 
Affected Number:	 0826587088
Alternative Number:	0826587088 
Customers Name:	 WENDY 
ID Number: 4702170310087	 
Billing Arrangement:(If Applicable)	502155629 
FA ID Number:(If Applicable)	 
What have you tried:	 Customer is disputing the R202.70 penalty fee 29 November because we debited before the last day there she was charged the penalty fee.
Additional Information:	",Rejection Fee Dispute,0.97,Outcome pending – DB check required.
1787833,R  ,1/5/2026 14:29,257.0,0.0,ACC,,"Good day Team,

Please assist. The client is disputing the rejection fee billed on his account. He advised that he requested his bank account details to be changed and was informed that the next debit order would be processed in December.

However, in November, his account was debited after he had already made payment. The client is requesting that the rejection fee be credited.",Rejection Fee Dispute,0.99,Outcome pending – DB check required.
1790203,J  ,1/8/2026 15:12,202.7,0.0,ACC,,The customer was charged a rejection fee and wants to dispute.,Rejection Fee Dispute,0.95,Outcome pending – DB check required.
1791777,R  ,1/12/2026 11:10,202.7,0.0,ACC,,please credit customers account with R202.7 customer is being charged with debit order rejection fees customers payment date is the 15th of each month but on the 29/11/2025 they tried making a deduction which is the incorrect date,Rejection Fee Dispute,0.99,Outcome pending – DB check required.
1798834,R  ,1/22/2026 9:25,405.4,0.0,ACC,,"Good day,

Please asisst with payment rejection fee. Customer says Telkom never debited her account even though there is money available. Customer is disputing these charges and would like for it to be waivered/ Also can a ne mandate also be reinstated.

Please investigate and advise.

Warm regards",Rejection Fee Dispute,0.95,Outcome pending – DB check required.
1801494,J  ,1/27/2026 9:51,202.7,0.0,ACC,,"
Customer wants to be credited rejection fee, as as was not aware of this charge, 
For retain purposes kindly restore customer;s line .

Incoming call contact tel. no. 0817982211
Notes:
Name:GEORGE  MBONGENI
ID NO:7507095891088
506460676
341409144",Rejection Fee Dispute,0.97,Outcome pending – DB check required.
1778132,J  ,12/11/2025 14:31,407.05,0.0,ACC,,"Incoming call
Contact Phone: 0761906930

Notes: View Case: 90659863

202.70*2 plus late payment interest",Rejection Fee Dispute,0.85,Outcome pending – DB check required.
1795667,J  ,1/15/2026 15:15,202.7,0.0,ACC,,"Customer was not debited but he had money in his account now he is disputing the rejection fee. 27/12/2025 Eft Debit Order Insufficient Funds (R209.00): Telkommobi 
(50948680201186)
27/12/2025 Eft Debit Order Insufficient Funds Fee Fees -6.00 876.61",Rejection Fee Dispute,0.99,Outcome pending – DB check required.
1797836,J  ,1/19/2026 14:37,202.7,0.0,ACC,,"CC:91414268:i have passed the rej fee of 202.70 Good Day 

Kindly assist with checking customer's profile cause we have charged her reconnection fee on her account of which fees were there on her account bankstatement attached on CRM

Thanks ",Rejection Fee Dispute,0.95,Outcome pending – DB check required.
1781975,R  ,12/17/2025 13:28,202.7,0.0,ACC,,"Good day

Please assist with disputing the R202.70 penalty fee on the customer's invoice as there were funds avaliable on her account on the 25th of November but the debit order did not go through.",Rejection Fee Dispute,0.97,Outcome pending – DB check required.
1791282,R  ,1/9/2026 10:34,202.7,0.0,ACC,,"Good day
Please withdraw R202.70 of penalty fees that were incorrectly charged.",Rejection Fee Dispute,0.97,Outcome pending – DB check required.
1791859,J  ,1/12/2026 12:16,202.7,0.0,ACC,,"Please assist with regards to the customer , customer says that she was not informed that since she has change the debit order date  she needs to pay a debit order rejection fee ,
please assit with crediting the customer back the R202.70",Rejection Fee Dispute,1.0,Outcome pending – DB check required.
1784054,J  ,12/22/2025 11:41,202.7,0.0,ACC,,"Billing Template
 
Affected Number:
0685234394
Alternative Number:
0724594397
Customers Name:
SONTO JOYCE FAAS
ID Number:
9008200478083
Billing Arrangement:(If Applicable)
0685234394
FA ID Number:(If Applicable)
510057374
What have you tried:
 
Additional Information:
Customer was debited on the 25/11/2025  which is R 840.70 and she had money in her account 
Customer is being charged a rejection fee of R202.70 


",Rejection Fee Dispute,1.0,Outcome pending – DB check required.
1798303,J  ,1/20/2026 14:36,608.1,0.0,ACC,,"Customer had a fraudulent activity in her account changed the account details she an elderly person i advised her because i have changed the bank details i will credit rejection fees because the other account was closed but she will continue to be liable for her monthly fees 
3 rejection fees ",Rejection Fee Dispute,0.97,Outcome pending – DB check required.
1777081,J  ,12/10/2025 11:06,202.7,0.0,ACC,,"Incoming call
Contact Phone: 0739353052

Notes: Good day
Please assist with billing dispute on the cutomers account as she is being billed more than what she agreed with.
Customer was credited R559 , however customers total bill is R1766.79 funds were available for R1207.79 which customer was supposed to be billed.
To note customer is being billed a penalty fee R202.70 

Please advise 
",Rejection Fee Dispute,0.99,Outcome pending – DB check required.
1780779,R  ,12/15/2025 16:01,202.7,0.0,ACC,,"Good day
Please assist, cust debit order scheduled for the 15th however no debit order went off on customer's account 15 November but was charged debit orderrejection fees.
BA 343663893 R202.70",Rejection Fee Dispute,1.0,Outcome pending – DB check required.
1793633,J  ,1/13/2026 15:09,202.7,0.0,ACC,,"The customer was charged an amount of R202.70 on the January 2026 invoice.

Credit amount of R202.70 arranged, as a goodwill gesture. ",Rejection Fee Dispute,0.97,Outcome pending – DB check required.
1793696,J  ,1/14/2026 8:15,1216.2,0.0,ACC,,"Please log payment rejection fees on its own so you can calculate and close ( within your DOA)
July 2025 to December 2025 = 6 Months ( R 202.70 x 6  Months = R 1216.20 ) – Payment Rejection Fee",Rejection Fee Dispute,0.99,Outcome pending – DB check required.
1784087,R  ,12/22/2025 13:21,202.7,0.0,ACC,,"Good day

Please assist with crediting the customer with the R202.70 penalty fee that he was charged and the reason why he missed his payment was because he had requested to change his account number but it was not changed so he ended up making manual payment. I have managed to update his banking details and also requesting that he does not get charged another penalty fee.I have attached the confirmation of account, the proof of payment and BVS on CRM.

BA: 345643082
FA: 510656039
Customer ID: 113875403

Kind regards
Thabo",Rejection Fee Dispute,0.97,Outcome pending – DB check required.
1777350,J  ,12/11/2025 9:00,202.7,0.0,ACC,,"customer called in and change the dates to 15 of every month yet it was not recorded 
customer called again to change from 15 to 20 as they were debited again on the wrong dates so they are disputing the debit rejection fee of R202.70 on the account ",Rejection Fee Dispute,1.0,Outcome pending – DB check required.
1782184,J  ,12/17/2025 18:15,202.7,0.0,ACC,,REJECTION FEE,Rejection Fee Dispute,0.95,Outcome pending – DB check required.
1787234,J  ,1/4/2026 9:51,405.4,0.0,ACC,,"Affected Number : 0681085072

Alternative Number : 0797327795

Customers Name : NONGCEBO SETHABILE NHLEKO

ID Number : 9905160041084


Billing Arrangement : 344373245


FA ID Number : 509387699

What have you tried : Checked the customer's profile and explained the billing. Explained the charges that the customer has been getting added to their bill and why the charges were getting added.
Requested the customer bank statement and it shows that the customer was debited R 169.00 on 31/10/2025 and the same amount was returned on the same day with 'Magtape Unpaid' reference.
The second debit order was on 29/11/2025 for an amount of R 168.00, which was also returned on the same day with a 'Magtape Unpaid' reference on it. 


Additional Information : The customer states that she had debit orders taken from her account, and then the following day they were returned back into her bank account, only for her to get charged a penalty fee afterwards. Requested for bank statements that reflect the above so that the penalty fees related to backouts can be disputed succesfully. 
Customer provided bank statement that corresponds to what she said regarding her debit orders.
Credited the account with R 202.70 x 2 for the two payment rejection fee charges.
Credited the customer for three backouts that she was charged, which were dated 11/3/2025 and 12/2/2025.
Bank statement attached on the dispute.",Rejection Fee Dispute,0.97,Outcome pending – DB check required.
1787243,J  ,1/5/2026 10:33,202.7,0.0,ACC,,"Good day 

Kindly assist by removing the debit order rejection fee on the customers profile
Customer requested months back for her debit date to be changed for the 15th 
Please remove the rejection on the customers account. ",Rejection Fee Dispute,0.97,Outcome pending – DB check required.
1790280,J  ,1/8/2026 9:43,231.34,0.0,ACC,,"customer said they called in on the 12/30/2025 11:12 AM and requested to change debit date and Agent confirmed that it will be effective immediately and change of the date is 10th of every month
agent confirmed that the mandate was sent and might receive it before 10pm 
advised customer that will adjust the account for the service fee of Rejection fee R202.70 and Late payment Interest R28.64

amount to adjust is R231,34",Rejection Fee Dispute,1.0,Outcome pending – DB check required.
1776059,J  ,12/7/2025 15:38,202.7,0.0,ACC,,"Customer was charged the rejection fee whereas he had enough funds in his account
",Rejection Fee Dispute,0.95,Outcome pending – DB check required.
1779392,J  ,12/15/2025 9:00,475.93,0.0,ACC,,"  GORDON SITHOLE is disputing the outstanding balance on his account 

Customer being billed D/O rejection fees for being billed on the last day of the month he requested to have the 5th because his a pensioner

On his current bill he has been charged Reconnection Fees R260.21, Backout payment R202.70 & Late payment Interest R13.02 

Total amount R475.93 ",Rejection Fee Dispute,1.0,Outcome pending – DB check required.
1781692,J  ,12/16/2025 14:48,208.9,0.0,ACC,,"Billing Template
 
Affected Number:
0699983086
Alternative Number:
0728396013
Customers Name:
nosipho precious mhlanga
ID Number:
9204221255085
Billing Arrangement:(If Applicable)
345591311
FA ID Number:(If Applicable)
510604268
What have you tried:
customer is disputing the rejection fee as they had enough funds on 31/10/2025 
Additional Information:
customer is disputing the rejection ",Rejection Fee Dispute,1.0,Outcome pending – DB check required.
1781782,J  ,12/17/2025 9:58,793.37,0.0,ACC,,CREDITED THE REJECTION FEE FOR JULY 2024 & NOV 2024 + INTEREST FROM AUG 24 - DEC 24 STATEMENT,Rejection Fee Dispute,0.95,Outcome pending – DB check required.
1790570,R  ,1/9/2026 8:58,202.7,0.0,ACC,,"The customer is debited on the 5th every month. On January ,the customer was debited on the 4th/01 and the customer did not have any funds on her account.
The customer did make a call on the 5th /01 enquiring about the debit order because she did not receive the notification for the debit and was adviced that Telkom already already debited the account.
The customer did an immediate payment on the account for R482.00 and it reflected on the 6th /01.
on the 8/01 the customer a notification for a Telkom debit order that was not successful.

The customer is querring about the rejection fee that will be added on the next invoice for R202.70.
Firstly ,the customer is not working and Telkom did a debit on the 4th on Sunday and secondly on the 8th/01 but the immediate payment already reflecting on Telkom systems . The customer feel violated by this act and is insisting on not paying the rejection fee by any means.
",Rejection Fee Dispute,0.99,Outcome pending – DB check required.
1791775,J  ,1/12/2026 11:06,219.0,0.0,ACC,,"Good day

May you please assist refunding the customer the payment rejection fee of R219.
The customer requested the bank details to be change to a different and i changed to the wrong account our communication was not clear hence the mistake.Now the right bank details have been updated.

Regards",Rejection Fee Dispute,0.97,Outcome pending – DB check required.
1793868,J  ,1/14/2026 10:34,210.62,0.0,ACC,,"Customer states that they were not debited on the 25th of December. 
202.70
7.92",Rejection Fee Dispute,0.85,Outcome pending – DB check required.
1800148,R  ,1/26/2026 11:50,405.4,0.0,ACC,,"Affected Number:0695316440
Alternative Number: 
Customers Name: TITUS  SELLO MALEKANE
ID Number: Customer Id:8412215970087
Billing Arrangement:
FA ID Number: 510388046
What have you tried:  the customer had enough funds for november and december  but was charged 202.70 twice
Additional Information:  the statement does show the customer had enough funds
",Rejection Fee Dispute,0.95,Outcome pending – DB check required.
1800811,R  ,1/26/2026 16:42,202.7,0.0,ACC,,Customer was charged debit order rejectiopn fee R202.70 and she was debited on tiome in December ,Rejection Fee Dispute,0.97,Outcome pending – DB check required.
1779095,R  ,12/14/2025 12:05,202.7,0.0,ACC,,"Good day

Please assist with removal of payment rejection fee on client account for 29/11 debit order (R439.00) that bounced. Attached bank statement shows client had enough funds for payment to go through. 

BA:  345307694
FA:  510320651

Kind regards",Rejection Fee Dispute,0.95,Outcome pending – DB check required.
1784335,R  ,12/23/2025 9:37,202.7,0.0,ACC,,"Good day
Kindly assis to claw back the charged rejection fee for October, the debit did not go through for an unkown reason. Please see the attached highlighted statement.
Contact: 0658692271",Rejection Fee Dispute,0.97,Outcome pending – DB check required.
1777361,J  ,12/11/2025 10:39,202.7,0.0,ACC,,"Affected Number:0752722948
 
Alternative Number:0837453925
 
Customers Name:PATRICIA SHOZI
 
ID Number:7911030753082
 
Billing Arrangement:(If Applicable)340874232
 
FA ID Number:(If Applicable)505929023
 
What have you tried:cx sent 3 months bank statement and had enough funds available for the debit.
 
Additional Information:customer is disputing the debit order rejection fee for October and November.",Rejection Fee Dispute,0.97,Outcome pending – DB check required.
1792004,J  ,1/13/2026 19:24,202.7,0.0,ACC,,"Alternative Number:0614634633

Customers Name:Lester Mokobane



ID Number:8201255909083
 

Billing Arrangeme;334855024




FA ID Number:501506953



Amount Debited:202,70

 
What have you tried:customer made a manual payment
and we debited customer is disputing
a rejection fee

 

Additional Information:",Rejection Fee Dispute,0.95,Outcome pending – DB check required.
1793965,J  ,1/14/2026 12:08,665.61,0.0,ACC,,"Reconnection fees R260.21 November 2025
Late payment fees R41.80 November 2025
Debit order rejction fees R202.70 December 2025
Debit order rejction fees R202.70 Janaury 2026
Please credit the customer account.",Rejection Fee Dispute,0.97,Outcome pending – DB check required.
1789041,R  ,1/6/2026 10:03,202.7,0.0,ACC,,"customer says he had funds in his account but telkom did not debit
customer disputes the R202.70 BECAUSE HE HAD FUNDS IN HIS ACCOUNT 

customer was suppose to be debitted on the 24th of dec because his debit date was on the 25th and the 25th was on a holiday
customer was debited on the 17th od dec instead

customer disputes the rejection
",Rejection Fee Dispute,0.97,Outcome pending – DB check required.
1778174,J  ,12/11/2025 14:54,202.7,0.0,ACC,,"client was billed for a rejection fee and yet there was money in his account 
Payment Rejection fee 269496751 03 Dec 25 R 202.70",Rejection Fee Dispute,0.97,Outcome pending – DB check required.
1777292,J  ,12/10/2025 17:42,405.4,0.0,ACC,,"customer is disputing the rejection fee, customer had enough funds for telkom to debitt in August and October",Rejection Fee Dispute,0.99,Outcome pending – DB check required.
1789502,J  ,1/7/2026 17:14,202.7,0.0,ACC,,"customer makes payment but was not aware of paying 10 working days before, reversed 202.70",Rejection Fee Dispute,0.95,Outcome pending – DB check required.
1796295,J  ,1/16/2026 11:02,202.7,0.0,ACC,,"Good day 

Can you please assist, the following customer has been charged a R202.70 debit rejection fee for the month of November and she had enough funds available to cover her deduction however payment rejected. Customer feels its unfair that she has to pay an extra amount when she did have available funds and is requesting a dispute of R202.70

Please see the attached bank statemement

Thank you

BAR ID: 340315536
Customer ID: 123456107
FA ID: 505370329",Rejection Fee Dispute,0.99,Outcome pending – DB check required.
1800819,R  ,1/26/2026 17:11,500.0,0.0,ACC,,"Good Day
 
Please assist
 
Customer services suspended however account is paid up
 
Last payment was made 09 January 2026 of amount of R500.00 which account is not in collection anymore.
Balance will be debited on 05 February 2026 of amount R1044.10 + debit order rejection fee of R202.70 = R1246.80
 
Regards
Dylan S",Rejection Fee Dispute,1.0,Outcome pending – DB check required.
1802665,R  ,1/28/2026 10:39,202.7,0.0,ACC,,"Good Day

Kindly assist with customer debit order rejection fee dispute as she was charged a debit order rejection fee for a debit order that has been charged on her account

Kindly",Rejection Fee Dispute,0.97,Outcome pending – DB check required.
1806377,O  ,2/4/2026 11:39,3360.0,0.0,ACC,,"CREDIT MEMORANDUM 
Date:							 04/02/2026                                                      
Customer Name: 				               Gino Overmeyer
Channel: 						Call center                    
CC Name:						Selldirect                   
Linked agent (selling or processing, cause of issue):	SDM1234-111+
Linked manager:					N/A
BA and FAID:						334183721, 500835651
Order Number for Cancellation:  			2745466904A
Order Number for Activation:   				2695512852A
Incident Number if Applicable:  				N/A
Job Number if Applicable: (device collection):		N/A                             
Reason for credit request: 				Device Obligation / Carryover

Selldirect renewed affected number 0814766534 on 25/11/2025: Telkom_FlexOn_2_TopUp_Deal with device Honor X6B 128GB Midnight Black, IMEI: 864193075137461. Selldirect sent a cancellation request that customer is no longer interested and device was collected on waybill 88817133809, contract was cancelled on 26/01/2026.

 Reason for Credit  	Affected Number:  	Amount  
Device Obligation / Carryover: R3,080.00
Usage found in Dec 2025 and Jan 2026: 0814766534
Device Subscription Fee: R140.00x2 = R280
Total: R3,360.00	0814766534	R3,360.00
Total to be Credit  		R3,360.00
 
",Rejection Fee Dispute,0.95,Outcome pending – DB check required.
1796538,J  ,1/16/2026 14:23,202.7,0.0,ACC,,"customer want to query regarding his account
say he was debited twice this month

explained the statement

credit the rejection fee
customer say he was not informed that the debit date will be effective this mont since he was debited on the 5th",Rejection Fee Dispute,0.95,Outcome pending – DB check required.
1800961,J  ,1/28/2026 11:04,500.04,0.0,ACC,,"Good day
Customer is currently disputing the rejection and recconection fee as well as prime video cost.
Client does not have prime but is being charged for it. Client also called in and requested for his debit order date to be changed. She states these are the reasons that his debit oorder bounced and does not want to be liable for the extra charges as he states that it is not his fault",Rejection Fee Dispute,0.95,Outcome pending – DB check required.
1803343,J  ,1/29/2026 16:59,208.95,0.0,ACC,,"customer called in fibre 
sent and sms that they emails for statements that they billed and was charged services 
customer sent the statemnt on the call 
\advised customer that payment reflects on the 31/12/2025 statement amount R409
advised customer to credit Backout payment R202.70 Late payment Interest R6.25 and R409.00 Log a payment on not account 
Credit R208,95",Rejection Fee Dispute,0.97,Outcome pending – DB check required.
1776377,R  ,12/8/2025 14:03,202.7,0.0,ACC,,"Good day
Please assist with dispute of debit order rejection fee since customer had funds in her account but payment was rejected 
Regards
hassen",Rejection Fee Dispute,0.97,Outcome pending – DB check required.
1791258,J  ,1/9/2026 16:03,202.7,0.0,ACC,,"Customer paid her account on the 23rd of December 2025.
The account was debited on the 27th. 
He paid the account to avoid being charged as he was not debited on time.
Therefore, rejection fee credited.
",Rejection Fee Dispute,0.95,Outcome pending – DB check required.
1793659,J  ,1/13/2026 16:43,202.7,0.0,ACC,,"CARELI SMIT
0614790446
9409140165089
0614790446
customer is disputing the rejection fee charge because when the debit order failed in dec 2025 and backout there were enough funds in the customers account ",Rejection Fee Dispute,0.99,Outcome pending – DB check required.
1797488,R  ,1/19/2026 15:53,202.7,0.0,ACC,,"good day team 

kindly assist with a dispute of R202.70 as the customer had money on her account when telkom tried to deit, it was on the 27th of december 

bank state,ent is attached on crm",Rejection Fee Dispute,0.97,Outcome pending – DB check required.
1797517,R  ,1/20/2026 12:59,2272.7,0.0,ACC,,"Good day,
The customer cancelled her account in April of 2025 and was told by the agent who helped her then (Samukelo Nxele) that she will not pay the device fee (case number was 85599260) and she was sent the ""Final Invoice"" with only the subscription fee. Now in December she was debited R2272.70 and it is now linked to this FA, please assist in fixing the clients profile, as the client did want to pay for the device but was told not to by the agent over the phone, and why is she being charged now over 6 months in. Please assist",Rejection Fee Dispute,0.95,Outcome pending – DB check required.
1782609,J  ,12/18/2025 14:52,208.13,0.0,ACC,,"backout due to event billing
202.70+5.43",Rejection Fee Dispute,0.85,Outcome pending – DB check required.
1782622,J  ,12/18/2025 17:43,814.74,0.0,ACC,,"Billing Template
 
Affected Number:
0691816084
Alternative Number:
0790818196
Customers Name:
LEBOHANG NELL
ID Number:
8304090589084
Billing Arrangement:(If Applicable)
340383623
FA ID Number:(If Applicable)
505438416
What have you tried:
customer is disputing the rejection fees charged on July Oct Nov and Dec because they had enough funds on their account when debit order is due on the 15th ",Rejection Fee Dispute,1.0,Outcome pending – DB check required.
1783660,R  ,12/20/2025 9:05,202.0,0.0,ACC,," good day 

kindly assist with waving off the debit rejection fee that the customer has been charged with because she has not been informed when she came to change her banking details that the new account numberwont be active immidiately but rather end of the following month . lack of awareness has cost the customer to have a bill she did not budget for . the problem has  happened on the last day of october which resulted into a customer having a bill of R1150.70",Rejection Fee Dispute,0.95,Outcome pending – DB check required.
1784868,R  ,12/24/2025 14:20,202.7,0.0,ACC,," rejection fee

Billing Template
Affected Number:0813536358
Alternative Number: 0813536358
Customers Name: NOSICELO MADUSHANA
ID Number:9906150184082
Billing Arrangement:345380307
FA ID Number:510393265
What have you tried: checked the profile
Additional Information: the customer dispute the rejection fee R202.70

The rejection fee of R202.70 of June (30/06/2025)",Rejection Fee Dispute,1.0,Outcome pending – DB check required.
1790595,J  ,1/10/2026 9:53,212.68,0.0,ACC,,Reeversal of rejection fee+late payment fees.,Rejection Fee Dispute,0.85,Outcome pending – DB check required.
1777254,J  ,12/10/2025 16:28,202.7,0.0,ACC,,"Good day.

I hope you are very and in a good health.

Kindly see attached document (bankstatement) on customer profile on CRM as customer being penalize but customer had  the suffient funds in her capitec account on 30.08.2025 as shown on her bankstement.Customer dont want also to pay for the past due amount R110.70 because se claim and confirm that there was enough money in her account which appears on her statement.

Please assist with waver penalty fee R202.70 and also if possible past due amount R110.70

Kindly see customer details below : 

Customer name : Bulelwa Ngqabitsha
ID : 9111240903084
Customer ID :189910756
BA number :343694556  
Customer FA ID : 508709758",Rejection Fee Dispute,0.99,Outcome pending – DB check required.
1783529,J  ,12/19/2025 14:14,202.7,0.0,ACC,,"Customer was not advised of the Last debit order by the consultant who assisted the customer with termination.
Last debit order failed, Rejection fee charged.

Crediting the rejection fee.",Rejection Fee Dispute,0.97,Outcome pending – DB check required.
1783534,R  ,12/19/2025 14:28,202.7,0.0,ACC,,"Good Day 

Please kindly assist with creditting the customers account with R202.70 as he had no rejection on his account when the debit order went through on the 29th of November 2025.
Bank statement is attached on the system for proof",Rejection Fee Dispute,0.97,Outcome pending – DB check required.
1789031,R  ,1/6/2026 14:24,1.0,0.0,ACC,,"Billing Case
 
Affected Number:
0692771587
Alternative Number:
0728896330
Customers Name:
shadrack maphophe
ID Number:
9709186303084
Billing Arrangement:(If Applicable)
345661415
FA ID Number:(If Applicable)
510674372
What have you tried:
Customer is disputing the rejection fee that was charged on the account for the payment that we tried to debit on the 5th  of December 2026 , according to the CRM the payment bounced back and the payment was not received. The customer would also like to know the payment that we debited in November what where they 
Additional Information:
Advised the customer that the will be an investigation on the account 
POP sent to TM SOC Billing:
No",Rejection Fee Dispute,0.99,Outcome pending – DB check required.
1789455,R  ,1/7/2026 14:54,202.7,0.0,ACC,,Customer called in saying that they are charged for the rejection fee on their current statement and the rejection was already debited on the 31/12/2025,Rejection Fee Dispute,0.95,Outcome pending – DB check required.
1791981,J  ,1/12/2026 21:38,202.7,0.0,ACC,,"Customer disputing the rejection fee charged for ,customer did forward the statement and its hows that they were available funds in their account.",Rejection Fee Dispute,1.0,Outcome pending – DB check required.
1791985,J  ,1/13/2026 9:27,202.7,0.0,ACC,,Customer is disputing the rejection fee charged for the month of December,Rejection Fee Dispute,1.0,Outcome pending – DB check required.
1795731,R  ,1/15/2026 17:01,657.0,0.0,ACC,,"Good day 

Trust all is well. May you pleas kindly assist with customers line that is suspended. The client had suffient funds for telkom to debit in december and the money was never deducted. the client has made a manual payment of R219 on the 14 January 2026 and was debited with R438 on the same day as well. The client is irate as he is unable to make use of the line and urgently needs it activated as he uses the line for work. Client would also like to dispute the R202.70 rejection fee that will be charged. 

Please see attached proof of payment attached under attachmenents

Regards",Rejection Fee Dispute,1.0,Outcome pending – DB check required.
1796546,J  ,1/16/2026 14:34,202.7,0.0,ACC,,rejection fee,Rejection Fee Dispute,0.95,Outcome pending – DB check required.
1797852,J  ,1/19/2026 15:04,210.1,0.0,ACC,," to credit customer 
attached statement and proving that there was money in the account 
Backout payment R202.70 and Late payment Interest R7.40
amount to be credited R210,10",Rejection Fee Dispute,0.97,Outcome pending – DB check required.
1799615,R  ,1/23/2026 17:12,202.7,0.0,ACC,,"Good day.

Kindly assist with disputing a rejection fee that was added to a customers bill in December 2025 . Customer provided a bankstatement that shows customer had funds in their account yet Telkom did not deduct, which let the customer to pay a rejection fee. Customer would appriciate if the rejection fee can be credited to the Telkom account.

Kind ",Rejection Fee Dispute,0.95,Outcome pending – DB check required.
1803345,R  ,1/29/2026 17:32,202.7,0.0,ACC,,"
 Billing Template 	
Affected Number:0685404075
Alternative Number:0828481747
Customers Name:BOITUMELO TSHOLOFELO DITLE
ID Number:9712240443086
Billing Arrangement:(If Applicable):345679188
FA ID Number:(If Applicable):510692145
What have you tried:	Customer have payment rejected on the 29/11/2025 and changed a rejection fee of R202.70
Additional Information:	 Customer  did sent thebank statement,customer had fund in the account 
",Rejection Fee Dispute,1.0,Outcome pending – DB check required.
1799467,R  ,1/23/2026 12:18,202.7,0.0,ACC,,"Good Day 

Kindly assist with penalty fee waive as customer had enough funds in her account but debit order 
did not go through on her set date. Customer debit order goes through on the last day of the month for 
an amount of R169.

Kindly assist in the matter.

Customer name & surname:SIBONGILE MVELASE
Customer ID NO: 8409260529081
Affected number: 0678800108
Amount : R202.70",Rejection Fee Dispute,0.97,Outcome pending – DB check required.
1803370,R  ,1/31/2026 10:16,202.7,0.0,ACC,,"Good Day 

Please assist with the dispute customer was debited on 12/15/2025 but was still charged debit order rejection fee.

Please find attached bank statement .

Kind regrads
M",Rejection Fee Dispute,0.97,Outcome pending – DB check required.
1804743,O  ,2/1/2026 12:47,202.7,0.0,ACC,,"Good day

Customer's debit order did not go off at the end of November 2025, but she left money in her account.
A penalty charge of 202.70 was added on her account.
Kindly assist
Bak statement attcatched on system",Rejection Fee Dispute,0.95,Outcome pending – DB check required.
1783271,J  ,12/18/2025 17:53,202.7,0.0,ACC,,"Affected Number:0681382107 
Alternative Number: 0813191165
Customers Name: BOTSHELO THEBE
ID Number: 9404115516085
FA ID Number: 509691946? ???? 
Additional Information: Customer had enough funds when the debit order went through however the debit order bounced and the reason says there was insufficient funds. Customer to dispute the rejection fee that is charged on their account. ",Rejection Fee Dispute,0.99,Outcome pending – DB check required.
1784691,J  ,12/24/2025 9:04,2362.0,0.0,ACC,,"Good day Team,
The client advised that he previously requested a change to his payment date; however, the payment date was not updated. He further confirmed that from June 2024, debit orders were not processed, and his services were suspended. The client is therefore requesting that his account be credited for the periods during which the services were suspended.
The requested credits are as follows:
August 2023
•	80GB LTE Wireless TopUp (01 Aug 2023 – 31 Aug 2023): R199.00
June 2024
•	80GB LTE Wireless TopUp (01 Jun 2024 – 30 Jun 2024): R209.00
July 2024
•	80GB LTE Wireless TopUp (01 Jul 2024 – 31 Jul 2024): R209.00
August 2025
•	80GB LTE Wireless TopUp (01 Aug 2025 – 31 Aug 2025): R219.00
September 2025
•	80GB LTE Wireless TopUp (01 Sep 2025 – 30 Sep 2025): R219.00
October 2025
•	80GB LTE Wireless TopUp (01 Oct 2025 – 31 Oct 2025): R219.00
November 2025
•	80GB LTE Wireless TopUp (01 Nov 2025 – 30 Nov 2025): R219.00
•	Total to be credited R 1,493



•	Telkom FlexOn 2 TopUp (01 Aug 2023 – 31 Aug 2023): R99.00
•	Telkom FlexOn 2 TopUp (01 Jun 2024 – 30 Jun 2024): R107.00
•	Telkom FlexOn 2 TopUp (01 Jul 2024 – 31 Jul 2024): R107.00
•	Telkom FlexOn 2 (01 Aug 2025 – 31 Aug 2025): R139.00
•	Telkom FlexOn 2 (01 Sep 2025 – 30 Sep 2025): R139.00
•	Telkom FlexOn 2 (01 Oct 2025 – 31 Oct 2025): R139.00
•	Telkom FlexOn 2 (01 Nov 2025 – 30 Nov 2025): R139.00
•	Total to be credited R 869
•	

Additional Charges
•	Rejected debit order fees: R202.70
",Rejection Fee Dispute,0.97,Outcome pending – DB check required.
1778639,J  ,12/12/2025 10:18,202.7,0.0,ACC,,"client says that there was debit but she made a payment on account there was a credit on the account 
Payment Rejection fee 120249502 30 Nov 25 R 202.70",Rejection Fee Dispute,0.97,Outcome pending – DB check required.
1801573,J  ,1/27/2026 10:58,202.7,0.0,ACC,,"Good day

Could you please assist with credit customer the debit order rejection fee of R202.70
Customer was charged R202.70 for debit order rejection fee, due to insufficient fund while she had enough funds in her bank.

Bank statement attached

Customer name: Pauline Ewerts
Customer ID: 261025545
FA ID: 510513103
BA ID: 345500145

Your assistance in this matter is much appreciated

Kind regards
Elzan",Rejection Fee Dispute,1.0,Outcome pending – DB check required.
1806825,O  ,2/5/2026 9:01,176.26,26.44,DEB,DCK,"Affected Number:0725497569
Alternative Number:0680028610
Customers Name:MASASE NOBELA MASASE
ID Number:0002246296087
Billing Arrangement:341635191
FA ID Number:506686574
What have you tried:Customer made an advance payment in November and should not been charge a rejection fee , there was no payment missed backout occured due to failure of debit from telkom side but customer made a payment before telkom could debit .
Additional Information:11/1/2025 Payment -450.00",Rejection Fee Dispute,0.95,Outcome pending – DB check required.
1806889,J  ,2/5/2026 9:42,405.4,0.0,ACC,,"Customer was charged a debit rejection fee of R202.70 because they tried to debit their account in October but it came back as unsuccessful whereas they had money in their account and in January as well. 
Did calaculations: 
R202.70 x 2 = R405.40 for October and January 
Please see attached bank statement for your reference. 
",Rejection Fee Dispute,1.0,Outcome pending – DB check required.
1776927,J  ,12/9/2025 17:01,202.7,0.0,ACC,,"CUSTOMER WOULD LIKE TO DISPUTE 202.70 STATING HE HAD ENOUGH FUNDS IN HIS ACCOUNT ON THE DAY OF THE DEBIT 

ADVISED THE CUSTOMER TO SEND BANK STATEMENT 

BANKING DETAILS WERE CAPTURED INCORRECTLY ON THE SYSTEM AS A RESULT THE DEBIT ORDER BOUNCED ",Rejection Fee Dispute,0.95,Outcome pending – DB check required.
1778499,J  ,12/11/2025 20:15,202.7,0.0,ACC,,"Thatcher Mashishimal Malesa
0814055820
8410280786081
338200763
503555303
customer is disputing the rejection fee charge for failing of october 2025 debit order
i have checked customers bank statement and there were enough funds in the customers account when telkom was debiting the customers ",Rejection Fee Dispute,0.99,Outcome pending – DB check required.
1804877,J  ,2/3/2026 8:23,202.7,0.0,ACC,,"Customer is disputing 202.70 payment rejection fee for the payment that was debited in December. Customer states that he did not change his banking details from FNB to Capitec.
Customer was debited on an incorrect bank acc.",Rejection Fee Dispute,0.97,Outcome pending – DB check required.
1805814,J  ,2/3/2026 10:25,202.7,0.0,ACC,,"Good Day 

Plesae note that the rejection fee for December is not valid 
customer has sent his bank statement and telkom did not attempt to debit at all.

bank statement will be attached.

thank you",Rejection Fee Dispute,0.95,Outcome pending – DB check required.
1806112,J  ,2/3/2026 16:35,202.7,0.0,ACC,,wanted to dispute R202.70 as he had money on his account on the 31 december,Rejection Fee Dispute,0.97,Outcome pending – DB check required.
1806098,O  ,2/3/2026 17:19,202.7,0.0,ACC,,"Good Day Team 

Kindly assist the customer with disputing the 202.70 charged on her bill as she had enough funds on her account Telkom tried to Debit 169.08 on the 31 December 2025 but the Debit order bounced the customer had 245.21 on her account please try to assist
Affected number 0681297122
Alternative number 0656815853
Customer ID 100140920

Regards.",Rejection Fee Dispute,0.95,Outcome pending – DB check required.
1806485,O  ,2/4/2026 10:17,202.7,0.0,ACC,,"Good day 

Kindly assist as the customer was debited on the incorrect date 
Customer wants to be debited on the 5th of every month and apparently he was debited on the last day.
And customer was charged a debit order rejection fee.
Please remove the R202.70 rejection fee ",Rejection Fee Dispute,1.0,Outcome pending – DB check required.
1806688,J  ,2/4/2026 15:44,649.45,0.0,ACC,,"Good day Juan Pierre louw,
 
I have managed to retrieve the profile with the details provided. Can I please confirm the below before we action the request,
 
Account name: JUAN PIERRE LOUW
Account status: Cancelled (17-07-2025)
Amount outstanding: R1264.20
Package applied for: 50/25Mbps@ R614.75
 
Way forward, 
 
Credit any other extra charge and remain only with subscription fee (I am considering this credit based on the fact that this issue has been going on for a long time according to the mail trail below)
 
I.e. R1264.20 minus R614.75= R649.45
 
Customer to pay R614.75
 
Please let me know If I am not missing anything before I go ahead.
 
",Rejection Fee Dispute,0.95,Outcome pending – DB check required.
1774528,J  ,12/7/2025 11:25,204.56,0.0,ACC,,"Good Day 
Customer was never debited on October 5th 2025 which the is no trace of Telkom trying to debit their account so I disputed the rejection fee ",Rejection Fee Dispute,0.95,Outcome pending – DB check required.
1800258,R  ,1/27/2026 13:25,202.7,0.0,ACC,,"Good day
Kindly assist with FA 501625093, Customer has passed on and his bank account has been closed. When telkom is trying to debit the account it backs out. The wife is paying the account but her issue is the debit rejection fees as the Bank account is closed.
Kindly credit the debit rejection fees.
The debit date will be changed to 15th so that she can pay the account using EFT.
Death certificate attached ",Rejection Fee Dispute,0.97,Outcome pending – DB check required.
1802739,R  ,1/27/2026 16:30,202.7,0.0,ACC,,"Good Day 

Customer is disputing debit order rejection fee as customer had sufficient funds in bank account on 31.12.2025. Please see bank statement attached to CRM.

Thank You,
Awonke  ",Rejection Fee Dispute,0.99,Outcome pending – DB check required.
1802658,J  ,1/28/2026 9:09,202.7,0.0,ACC,,"
Incoming call contact tel. no.0670142932
Notes:
Name:AZRAA ISMAIL
ID NO:9903300087083
509310264
344295690

Customer was changed rejection fee and not aware , cx is disputing this charge credit 202.70 for retain purposes.
",Rejection Fee Dispute,0.97,Outcome pending – DB check required.
1802900,J  ,1/28/2026 11:02,202.7,0.0,ACC,,"Account was settld 587.72 2025/05/05, R202.70 rej lvy on May 2025 inv to be credited",Rejection Fee Dispute,0.97,Outcome pending – DB check required.
1801620,J  ,1/28/2026 11:19,202.7,0.0,ACC,,"Customer was debited a day before their debit date and when it rejected they were charged a rejection fee whereas no one explained the debit order ate thing to them  

Affected Number:0817974335

 

Alternative Number:0638166832

 

Customers Name:KWANDILEMADE

 

ID Number:0012185538084

 

Billing Arrangement:(If Applicable) 343791807

 

FA ID Number:(If Applicable) 508806983

 

What have you tried:Checked and the customer was debited a day before tehir debit date

 

Additional Information:Rejection fee disputed ",Rejection Fee Dispute,0.95,Outcome pending – DB check required.
1800381,R  ,1/28/2026 14:50,202.7,0.0,ACC,,"Good day

Kindly please assist customer paid R1659,80 2 Jan 2026. then Telkom deducted R3319.60 on the 28 Jan 2026, which the debit order was suppose to go through month end. he reversed the whole R3319,60 and paid the required shortfall R1659,80.
Kindly please assist with void fro penalty for R202,70 debit order rejection. please see proof of payment attached.
Reamaing amount paid 28 Jan 2026",Rejection Fee Dispute,0.95,Outcome pending – DB check required.
1803148,R  ,1/28/2026 15:56,202.0,0.0,ACC,,"Good Day 

kindly assist with payment rejection fees as customer was charged rejection fees however there was money in the account.
",Rejection Fee Dispute,0.99,Outcome pending – DB check required.
1803265,R  ,1/29/2026 9:43,1.0,0.0,ACC,,"Payment Agreement

 

Customer Query :

Customer would like a payment agreement

Affected Number:

 0691910099

Alternative Number:

 0769030260

Customers Name:

 DANISILE KHOZA

ID Number:

 9205090659083


Billing Arrangement:

 

FA ID Number:

 506744851

Status of account:

Out Of Collection

Amount in Collection:

 0.00

Additional Information:

Customer agree on the plan, Customer can to pay R209.00 inclusive of the subscription fee.

Customer agreed on the plan (30/30/40):

 No",Rejection Fee Dispute,0.95,Outcome pending – DB check required.
1803383,R  ,1/29/2026 10:34,202.7,0.0,ACC,,"Kindly assist with crediting the debit rejection fees on two finacial account 510054302 and FA 509973298. Telkom did not debit on December and she was charged.
Customer had enough to be debited. 
Bank statement attached",Rejection Fee Dispute,0.97,Outcome pending – DB check required.
1803540,R  ,1/29/2026 14:00,202.7,0.0,ACC,,"Billing Case
 
Affected Number:
 0685156968
Alternative Number:
 0826198116
Customers Name:
Anthea Michelle Kelly 
ID Number:
 8303180133084
Billing Arrangement:(If Applicable)
 335830177
FA ID Number:(If Applicable)
 502283218
What have you tried:
 I went to check her account confirmed her banking details customer said she never changed banking details that's her old account how come it was debiting  from there so she is disputing the 202.70 amount 
Additional Information:
 customer says her account was not debited so i went to check only to find out customer is having a back out for this , so i have confirmed the banking details with the customer ,customer said that  ABSA account was closed long time last year in much how did we get payments there (ABSA (UNITED) 4080459980) and then customer said she will make payment via EFT for now ",Rejection Fee Dispute,0.95,Outcome pending – DB check required.
1803348,J  ,1/29/2026 18:20,202.7,0.0,ACC,,"customer debit order was rejected on the 29 Novmner 2025
But customer had enoth money in the banlk but still Telkom reject the account
I cant go in Naedo to go chect there nothing shows there
but on the bankstament attached it shows there was money and debit was rejected 
29/11/2025 Banking App Prepaid Purchase: MTN Cellphone -18.00 -0.50 1 673.14
29/11/2025 Eft Debit Order Insufficient Funds (R219.00): Telkommobi
(50899832501184)
29/11/2025 Eft Debit Order Insufficient Funds Fee Fees -6.00 1 667.14
so thats why i reverve the debit order rejection fee of R202.70
contact number 0672530201",Rejection Fee Dispute,1.0,Outcome pending – DB check required.
1804576,O  ,1/31/2026 9:45,279.0,0.0,ACC,,"Kevin Tendo Nkone
Customer is requesting a payment extension of 15 day, advised wil end on the 14th/02/2026 and he agreed. The resaon is that he loas his job.

Payment arrangement.	Payment extension
Customer Query :	Customer would like a payment arrangement /extension
Affected Number:	0601952385
Alternative Number:	0722562497
Customers Name:	Kevin Tendo Nkone
ID Number:	9906195054084
Billing Arrangement:	344984804
FA ID Number:	509998010
Status of account:	active and the account is not in collection.
Amount in Collection:	none
Additional Information:	Customer did agree on the plan, Customer can only afford to pay R279.00 inclusive of the subscription fee.
Customer agreed on the plan (30/30/40):	e.g. Yes or No
",Rejection Fee Dispute,0.95,Outcome pending – DB check required.
1804581,R  ,1/31/2026 12:52,1286.37,0.0,ACC,,"107897224, Maxwell Jordaan, Consumer
Resolution Protection - FA503241645

-as per invoice 1417168876 the customer was charged - back out fee R202.70 for an attempted debit order on the 12/24/2025

- customer debit date is on the 31st of each month
R438 was paid successfully via debit on the 31st Dec 2025

client was again billed for a back out fee on the 29th Jan 2026 as per FA

the customer is only due a payment of R438 

the AR balance is  R1,521.67
the Obligation Amount is R1724.37

as per calculations and current investigation the customer is due a payment of R438 only please investigate


",Rejection Fee Dispute,0.97,Outcome pending – DB check required.
1804644,R  ,1/31/2026 13:35,202.7,0.0,ACC,,Debit order rejection amount ,Rejection Fee Dispute,0.95,Outcome pending – DB check required.
1803865,R  ,1/31/2026 14:32,202.7,0.0,ACC,,Telkom tried debiting the customer acccount on the 29th November 2025 but the payment bounced. The customer had enough funds in the account. Please see to bank statement as proof and kindly credit the R202.70 penalty fee.,Rejection Fee Dispute,0.97,Outcome pending – DB check required.
1804753,R  ,2/1/2026 13:29,202.7,0.0,ACC,,"Good day

Customer's account was debited on the 27th and 29th of December 2025, and the one bounced.
Customer had money in her account on both occasions, but still they charge her a debit order rejection fee.
Kindly assist.
Bank statemnt attached on CRM
",Rejection Fee Dispute,0.97,Outcome pending – DB check required.
1804783,R  ,2/1/2026 19:59,202.7,0.0,ACC,,"Affected Number:	 0813272785
Alternative Number: 0813272785	 
Customers Name:	 Zubeir Van Reenen
ID Number: 8612145184085	 
Billing Arrangement:334460790	 
FA ID Number:501112719 
What have you tried:	 
Additional Information: customer is disputing the rejection fee that he will be charged for the failed debit that occurred on the 15th of January 2026	",Rejection Fee Dispute,0.99,Outcome pending – DB check required.
1804794,R  ,2/2/2026 8:06,202.7,0.0,ACC,,customer was charged twice for the debit rejection fee,Rejection Fee Dispute,0.95,Outcome pending – DB check required.
1804819,J  ,2/2/2026 9:21,202.7,0.0,ACC,,The customer is not supposed to be billed the debit order rejection fees.,Rejection Fee Dispute,0.99,Outcome pending – DB check required.
1804975,R  ,2/2/2026 11:52,202.7,0.0,ACC,,"Good day.

Please assist with wavering debit order rejection fee of R202.70 as customer was advised by billing departmrnt to go make a mauel payment into the FA Account the issue is that the customer made the payment before the debit order date, whic then reluted in the debit order rejecting.

Kind regards
Sine",Rejection Fee Dispute,1.0,Outcome pending – DB check required.
1804906,R  ,2/2/2026 11:58,202.0,0.0,ACC,,"good day 

please assist with a dispute of R202 , customer had money on her account but they did not debit , now they charged her a rejection fee ,bank statment attached on crm ",Rejection Fee Dispute,0.95,Outcome pending – DB check required.
1776354,R  ,12/9/2025 11:55,202.7,0.0,ACC,,"cx made payment of 421.70 already and she recieved an invoice w the same invoice after she already paid rejection fee
0691620193
9907160782089
509111338",Rejection Fee Dispute,0.95,Outcome pending – DB check required.
1778336,R  ,12/11/2025 17:39,1300.0,0.0,ACC,,"Good day 

Please kindly assist customer's services are suspended due to credit limit

Customer is charged for rejection fee next month R202.70

0670714594 and 0832856719
customer's name: Jerosha Naicker
customer's id: 8504170127081
Billing Arrangement: 337586251
Financial Account: 503240678

Current Credit Limit: R1300

Current balance :R1,196

Obligation Amount: R1,398.7",Rejection Fee Dispute,0.99,Outcome pending – DB check required.
1803773,J  ,1/30/2026 10:26,408.7,0.0,ACC,,"SITHANDIWE EMELDA MDLULI
Customer said the debit order usually went off on her bank and all of a sudden she's been told it has bounced back. I checked whether a mandate was done or not. The mandate it was done but it is still under pending authorization.

Account subscriptions & once-off R 206.00Once-off charges
Description Service/No Reference Date/Period
Payment Rejection fee 177347875 30 Dec 25 R 202.70Late payment Interest 345468864 01 Jan 26 R 3.30

Account subscriptions & once-off R 202.74Once-off charges
Description Service/No Reference Date/Period
Payment Rejection fee 177347875 01 Nov 25 R 202.70Late payment Interest 345468864 01 Dec 25 R 0.04*
Total rejection chrages= R202.70+206.00=R408.7

Mandates
 
Refresh
Field Chooser
Exportv
Drag a column header here to group by that column
Service Type	
Group	
Mandate Type	
Contract Reference	
Collection Day	
First Collection Date	
Instalment Occurrence	
Collection Frequency	
Mandate Status	
Initiation Date	
Mandate Reference Number	
Authentication Date	
Debit Classification	
Debtor Name	
Branch Code	
Account Type	
Account Number	
Debtor ID Number	
Debtor Contact (E)	
Debtor Contact (M)	
Amount	
Max Collection Amount	
Tracking Allowed	
Adjustment Type	
Adjustment Frequency	
Adjustment Amount	
Initial Amount	
User Created	
Date Created	(Descending)
Client Reference	
Client Internal Reference	
[Expand]	Debicheck Mandate	Startek (Mandates)	Usage Based	345452425	25th	 	Recurring	Monthly	Pending Authorisation	08/11/2025	 	 	Account Repayment	SITHANDIWE EMELDA MDLULI	632005	Cheque Account	9346525777	0011040381086	 	0643053288	0.00	5000.00		 	Never adjusted	 	0.00	Nqobile Baduza	08/11/2025",Rejection Fee Dispute,0.99,Outcome pending – DB check required.
1803851,J  ,1/30/2026 19:36,209.11,0.0,ACC,,"Rejection Fee

Dispute Group: Subscription
Credit Reason: Subscription – FA 

Billing Template	 
Affected Number:	 0685404075
Alternative Number: 0828481747	 
Customers Name:	 BOITUMELO TSHOLOFELO DITLE
ID Number: 9712240443086 
Billing Arrangement:	345679188 
FA ID Number:510692145
What have you tried: Checked the statement and the customer had enough funds 	 
Additional Information: Credited her back the 202,70",Rejection Fee Dispute,0.95,Outcome pending – DB check required.
1804624,R  ,1/31/2026 12:03,202.72,0.0,ACC,,"Good day 

Kindly assist as customer dispute a rejection fee, Telko didnt debit the customer`s account
FA ID: 505008724
Customer ID: 139494309
Please credit R202.70 find attached bank statement as proof 
December bill dispute on the 24th to the 27th the were funds on the account",Rejection Fee Dispute,0.99,Outcome pending – DB check required.
1804702,R  ,2/1/2026 9:16,642.06,0.0,ACC,,"Good day

Could you please assist with allocating customer payment, Customer was debited on the 24 Jan 2026 an amount of R642.06. However the payment does not reflect on the system.

Ccustomer is being charged for debit order rejection fee where as when telkom tried to debit their account there was money in the account which mean there shouldn't be any problem with the debit order. Customer is disputing the amount of R204.06.

Financial Account:505203513
Billing Arrangement:340148720
Customer ID:142371170

Your assitance on the matter is higly appreciated.

Thank you.",Rejection Fee Dispute,0.99,Outcome pending – DB check required.
1803877,J  ,2/2/2026 9:59,222.8,0.0,ACC,,Rejecection+late fee reversal.,Rejection Fee Dispute,0.97,Outcome pending – DB check required.
1804969,J  ,2/2/2026 11:36,210.18,0.0,ACC,," Customer missed the debit order and wants the reference number for making payment. Provided with an eft reference. She is the new customer and has been charged for the debit orde rrejection fees, advised customer the penalty will be cleared but it is a once off thing. 

EFT Ref No1583460005106667774
<<<<< 9 2021 1583 0005 1066 73 >>>>>

Account subscriptions & once-off R 210.18Once-off charges
Description Service/No Reference Date/Period
Payment Rejection fee 273365404 22 Jan 26 R 202.70Late payment Interest 345648626 27 Jan 26 R 7.48* Subtotal R 210.18",Rejection Fee Dispute,0.99,Outcome pending – DB check required.
1805139,J  ,2/2/2026 15:55,202.7,0.0,ACC,,"Incoming call
Contact Phone: 0760474280

Notes: Affected Number: 0750849720
 
Alternative Number: 0687862562
 
Customers Name: GASTIGO ISAAC COSSA
 
ID Number: 8210025641082
 
Billing Arrangement:345218762
 
FA ID Number:510231719
 
What have you tried: cx called in saying he was charged 202.70 penalty fee charge while he had money in his account
 
Additional Information: i checked his bank statement and the was money in his account",Rejection Fee Dispute,0.95,Outcome pending – DB check required.
1805819,O  ,2/3/2026 10:40,202.7,0.0,ACC,,"Good day.

Kindly assist by looking into the customers profile as a rejection fee of R202.70 was charged for dedit order failure on December 2025 and there were sufficient funds in the customer personal bank account. Bank statement attached on mobile CRM. 

Thank you.",Rejection Fee Dispute,1.0,Outcome pending – DB check required.
1805558,R  ,2/3/2026 10:51,202.0,0.0,ACC,,"Please can you assist with creditting customer for the debit rejection fee as customer requested in decemebr that we cahnge his baning details to a new fnb account however we failed to.

Please note that i have managed to change to his new account as he initially requsted",Rejection Fee Dispute,0.97,Outcome pending – DB check required.
1805807,R  ,2/3/2026 10:14,202.7,0.0,ACC,,"Good day 

Please kindly assist , customer was charged a rejection fee for the month of December but he did have funds available in his bank account. The bank statement is attached. 

Thank you in advance.",Rejection Fee Dispute,0.95,Outcome pending – DB check required.
1805912,J  ,2/3/2026 13:05,202.7,0.0,ACC,,"
Contact Phone: 0613566708

Notes: 
Affected Number: 0671273829
 
Alternative Number:0613566708
 
Customers Name:SINETHEMBA LEON MZINYATHI
 
ID Number:9701085248080
 
Billing Arrangement:341442848
 
FA ID Number:506494379
 
What have you tried:cx sent me an email saying he wrongfully charged a rejection fee and he sent me his statement and i reviewd it and found that on the 26 may 2025 he was charged a rection fee 
 
Additional Information: Please refund the cx 202.70
 

 ",Rejection Fee Dispute,0.97,Outcome pending – DB check required.
1806030,J  ,2/3/2026 13:11,619.93,0.0,ACC,,"Miss Dikeledi Makgopo cellphone  0767576077
Customer is suspended 

Advised the reason the service is suspended is due to a past due amount of R671.68 

Customer advised that she logged an call as the bank account  that telkom debited is not of the account holder banking details and the debit order were getting rejected becuse telkom was debiting on the wrong account and they were paying every month via eft and the was incident that was logged ref number:  10637723

The incident ref number; 10637723 was resolved and the wrong bankoing details were reomved, custome ris disputing the charges for the debit orde rrejection fee


Payment Rejection fee 182110911 02 Nov 25 R 202.70 
 Late payment Interest 343876016 09 Nov 25 R 3.12 *
Payment Rejection fee 182110911 02 Dec 25 R 202.70 
 Late payment Interest 343876016 09 Dec 25 R 0.97 *
Payment Rejection fee 182110911 06 Jan 26 R 202.70 
 Late payment Interest 343876016 09 Jan 26 R 7.74 *

Will credit the customer R619.93",Rejection Fee Dispute,0.97,Outcome pending – DB check required.
1806629,J  ,2/4/2026 13:52,202.7,0.0,ACC,,"affected number: 0614921558
phakamile ngubane
8102040787083
phakamilengubane@gmail.com
0823969904
510271 FISHING RD, EDENDALE, 3217

Customer called to cancel contract, reason customer pays by EFT , incurred rejection fees though paid ... informed to avoid rejection fees to pay days prior her payment datse to allow paymetnt to reflect in time otherwide paying on the same day system will also try to debit .. customer was unaware .. looked into FA cash payments would reflect a day before end of the month ... advised how to manage billing in future ...in an effort to retain  reversed subscrp 
Backout payment 202.70 Period:1/1/2026-1/31/2026
Backout payment 202.70 Period:12/1/2025-12/31/2025
Backout payment 202.70 Period: 11/1/2025-11/30/2025
Late payment Interest 6.97 Period:1/1/2026-1/31/202",Rejection Fee Dispute,0.99,Outcome pending – DB check required.
1806640,J  ,2/4/2026 13:54,6.97,0.0,ACC,,"affected number: 0614921558
phakamile ngubane
8102040787083
phakamilengubane@gmail.com
0823969904
510271 FISHING RD, EDENDALE, 3217

Customer called to cancel contract, reason customer pays by EFT , incurred rejection fees though paid ... informed to avoid rejection fees to pay days prior her payment datse to allow paymetnt to reflect in time otherwide paying on the same day system will also try to debit .. customer was unaware .. looked into FA cash payments would reflect a day before end of the month ... advised how to manage billing in future ...in an effort to retain  reversed subscrp 
Backout payment 202.70 Period:1/1/2026-1/31/2026
Backout payment 202.70 Period:12/1/2025-12/31/2025
Backout payment 202.70 Period: 11/1/2025-11/30/2025
Late payment Interest 6.97 Period:1/1/2026-1/31/202",Rejection Fee Dispute,0.99,Outcome pending – DB check required.
1806645,O  ,2/4/2026 14:51,404.0,0.0,ACC,,"Good day - please investigate client is disputing the 2 debit order rejection 29th Nov 2025 Ref Telkommobi505951079 01184859153 and 1st Jan 2026 ref EDT505951079A260115 (RTD- Not provided for Telkommobi)
Affected no. 0814227986
FA 505951079
BA 340896288
Nazley Anthony",Rejection Fee Dispute,0.95,Outcome pending – DB check required.
1806680,O  ,2/4/2026 15:04,202.7,0.0,ACC,,"Good Day 

Can you please assist, customer has been charged a R202.70 for a debit order rejection fee but the funds was available in the account for Telkom to deduct.

Can you please assist in creditting the account with R202.70 

FA ID: 504650700
BA ID: 339595906

Kind Regards",Rejection Fee Dispute,1.0,Outcome pending – DB check required.
1806806,J  ,2/5/2026 7:53,202.7,0.0,ACC,,"NGN REFUND: Duplicae credits found on the account, dispute 90227498 approved for penalty fee as well as system credit of the same amount R2700, duplicate 
credit reversed and debit order rejection fees R202,70 on the Dec 2025 statement credited due to dispute arranged to waiver the penalty fee. Terence Chetty 012-3110073
",Rejection Fee Dispute,0.99,Outcome pending – DB check required.
1776174,R  ,12/8/2025 9:56,210.0,0.0,ACC,,"Good Day 

Kindly assist with refund on clients account, customer had money in his account however wasnt debited. Customer made manual payment but still has been charged with a rejection fee.

Please assist with refund to clients account.

Regards ",Rejection Fee Dispute,0.95,Outcome pending – DB check required.
1776455,R  ,12/8/2025 16:53,202.7,0.0,ACC,,"Good Day 
Kindly assist customer is disputing the amount of R202.70 debit order rejection fee  because the banking details on her profile where old so when she comes to reopen her profile her banking details were not updated to the new account 
Financial Account 505563853
Billing Arrangement 340509061
Customer ID 151279729
",Rejection Fee Dispute,1.0,Outcome pending – DB check required.
1776665,J  ,12/9/2025 11:54,207.0,0.0,ACC,,"n HLONGWANE
Customer enquiring about a  bill. Customer account was rtejected and said there was money on the account and had expalined to an agent and she ended up paying the account manually.

Description Service/No Reference Date/Period
Payment Rejection fee 253502377 18 Nov 25 R 202.70Late payment Interest 345370054 24 Nov 25 R 4.30*",Rejection Fee Dispute,0.97,Outcome pending – DB check required.
1776747,J  ,12/9/2025 14:52,202.7,0.0,ACC,,"Affected Number:0671669412
Alternative Number:0671669412
Customers Name:SISTER NGXOLA
ID Number:9001040308081
Billing Arrangement:336502069
FA ID Number:502655392
What have you tried:The Event billing amount was credited but the rejection fee was not
Additional Information:The customer was charged a Rejection fee for failed debit that had event billing",Rejection Fee Dispute,0.95,Outcome pending – DB check required.
1776784,J  ,12/9/2025 15:36,214.37,0.0,ACC,,"Portia Mzimba
Customer moved to a new area on the 17/11/2025 and the new line was installed. Subscription R845, has been charged for the rejection fees and paid for the account too

Payment Rejection fee 269111681 04 Nov 25 R 202.70Late payment Interest 345609501 09 Nov 25 R 11.67*
R 214.37",Rejection Fee Dispute,0.99,Outcome pending – DB check required.
1776797,R  ,12/9/2025 15:48,205.11,0.0,ACC,,"good day

kindly assist with billing dispute customer was charged debit rejection fees whilr she had funds available in her acc in October ",Rejection Fee Dispute,0.97,Outcome pending – DB check required.
1776458,J  ,12/8/2025 20:39,202.7,0.0,ACC,,"the customer called said she made a payment arrangement and she was told that she will not be debited on the month of november but the customer was debited because the payment arrangement was not logged

adv the customer that will invistigate and dispte the 202.70 ",Rejection Fee Dispute,0.95,Outcome pending – DB check required.
1776566,J  ,12/9/2025 9:16,202.7,0.0,ACC,,Customer was charged for the Debit Order rejection fee on the final Invoice. ,Rejection Fee Dispute,0.97,Outcome pending – DB check required.
1776536,J  ,12/9/2025 14:26,202.7,0.0,ACC,,"good day 

customer disputing the rejection fees 

the customer is stating that the debit order rejected due to wrong account number that was put in place

Payment Rejection fee 262363319 27 Sep 25 R 202.70

Invoice noA395812546

the customer called in to change it to install correct banking details ",Rejection Fee Dispute,1.0,Outcome pending – DB check required.
1776769,R  ,12/9/2025 15:23,202.7,0.0,ACC,,"Good day
Customer disputes debit order rejection fee as he gets paid on 25th of the month and not the 20th. Please see bank statement.
Cust ID:166218477
FA:506129405
Kind regards",Rejection Fee Dispute,0.99,Outcome pending – DB check required.
1776919,R  ,12/9/2025 16:40,608.1,0.0,ACC,,"Good day Team,

The client advised that when she took her contract, she requested for her debit order date to remain the 25th of the month. Her data contract and other services are debited on the 25th, but the device insurance is debited on the 5th as it is on a separate account. The client is requesting that the insurance be moved to the same account as her other services.

She is also disputing the debit order rejection fees, as she had requested for her contract to be debited on the 25th and the date was changed.

Kindly assist by consolidating the accounts as per the customer’s request.

Affected FA: 501377227
Affected BA: 334725298",Rejection Fee Dispute,0.99,Outcome pending – DB check required.
1776952,J  ,12/9/2025 17:13,405.4,0.0,ACC,,"Customer would like to dispute rejection fee 405.40

",Rejection Fee Dispute,0.95,Outcome pending – DB check required.
1777346,J  ,12/11/2025 8:53,202.7,0.0,ACC,,Customer had called in on the 24th of August to change banking details but they were not changed so cutsomer was charged rejection fee,Rejection Fee Dispute,0.97,Outcome pending – DB check required.
1778124,R  ,12/11/2025 14:29,407.05,0.0,ACC,,"View Case: 90659863

202.70*2 plus late payment interest",Rejection Fee Dispute,0.85,Outcome pending – DB check required.
1805894,O  ,2/3/2026 12:01,195.7,0.0,ACC,,"Good Day.
Can you please assist in wavering clients rejection fee, client has been making payments on time every month. but still bieng bill for rejection fee.
Billing Arrangement 335488101
Financial Account 502040307",Rejection Fee Dispute,0.95,Outcome pending – DB check required.
1805219,R  ,2/3/2026 12:23,202.7,0.0,ACC,,"Billing Template	 
Affected Number:	 0814290831
Alternative Number: 0837631068 
Customers Name:	 Ci-Dean Dimitri Van den Berg
ID Number:9210280131083 
Billing Arrangement:336456320
FA ID Number:	 502609643
What have you tried: I checked her account saw that  customer did an upgrade on 31st October 2025 which were R400 Honor Device and R135 router sim card. Which gives you a total of R535 and November 2025 - Debit order bounce  because she was charged R794 instead of R535 so in December she was credited with 260
Additional Information: customer wants to know why her bills are sitting on R744.41 something every month  so i have went to the customer account saw that customer was double debited in November hence why the didnot get to debit the correct  amount because the money was the it was 600 while Telkom tired to debit her R794.00 that made the customer to have a back out in December ,January hence why the customer is disputing that 202.70 she says she wont pay that amount until she gets debited the correct amount , so i have asked the customer to send me her bank statement so that i can check and log a case for her ",Rejection Fee Dispute,0.95,Outcome pending – DB check required.
1806066,R  ,2/3/2026 14:47,202.7,0.0,ACC,,"Good Day

Kindly assist with penalty fee waive, customer had funds on debit order date but debit order did not go through.
Customer's set date is on the last day of every month.

Kindly find attached bank statement on CRM.

Customer name & surname: ntsako simango
Amount: R202.70",Rejection Fee Dispute,0.97,Outcome pending – DB check required.
1806608,J  ,2/4/2026 13:29,520.42,0.0,ACC,,"Customer is a pensioner she says she only relies on the pension money to live and pay other bills advised her i will assist her with the penalty fees however moving foprward she must try by all means to avoid such situattions 
2 reconnectrion fees ",Rejection Fee Dispute,0.95,Outcome pending – DB check required.
1806826,J  ,2/5/2026 9:01,202.7,0.0,ACC,,"affected number: 0814753513
9104260850087
Bongiwe Dlamini
bongiidlams10@gmail.com
0727465956
817 OF 10 ST 
OSIZWENI X F 2952 
OSIZWENI 


Customer called to cancel contract, reason due to billing, say we failed to deduct now charged xtra fees that she does not know ... explained unpaid debit order fees ... proposed sending bank statement showing had funds in accounnt so we log dispute for the charge ... advised can pay by cash , to pay days pior their payment date so payment reflects in time .... also advised using the telkom app to pay ...  sent statement - had funds - no deduction from telkom, attache don crm

reversal done Backout payment 202.70 Period: 1/1/2026-1/31/2026",Rejection Fee Dispute,0.95,Outcome pending – DB check required.
1806874,J  ,2/5/2026 9:26,202.7,0.0,ACC,,The cx would like to dispute R202.70 as she now doing manual payment as she no longer being debited to her capited acc but she requested to be debited on her capitec she  wasnt debited to it.,Rejection Fee Dispute,0.97,Outcome pending – DB check required.
1776215,J  ,12/8/2025 13:26,799.79,0.0,ACC,,"Telkom Number: 0691298241
Subscriptions: FreeMe 1.5GB TopUp Main
Monthly fees: R139.00
Last usage: 20 February 2024
Start date: 16 January 2022
End date: 15 January 2024
Migration to prepaid: 29 April 2024

Back out fees: R202.70 February 2024
Late payment fees: R3.86 February 2024
FreeMe 1.5GB TopUp: R 139.00 February 2024
Late payment fees: R4.57 March 2025
FreeMe 1.5GB TopUp: R 139.00 March 2024
Late payment fees: R11.66 April 2024
Total tobe credited: R500.79

R299.00 pass as a good will gesturee as the customer has been trying to ressolve issue but no assitance.



",Rejection Fee Dispute,0.97,Outcome pending – DB check required.
1776450,J  ,12/8/2025 16:32,202.7,0.0,ACC,,CX CAME TO DO A CHANGE OF OWNERSHIP BUT THE SALES AGENT DID NOT COMPLETE THE ORDER. CX WANTS TO DISPUTE THE REJECTION FEE.,Rejection Fee Dispute,0.99,Outcome pending – DB check required.
1776456,J  ,12/8/2025 17:00,202.7,0.0,ACC,,"Affected Number:?0814347760? 
Alternative Number:?0814670289???? 
Customers Name: PRECIOUS  Madlanga??? 
ID Number: 8311130359089?? 
Billing Arrangement: 340127423
FA ID Number: 505182216
What have you tried: Customer to dispute the rejection fee that was charged on their invoice. Customer had enough funds for the debit order to go through however the payment rejected. ???? 
Additional Information:?please find the attached statement.",Rejection Fee Dispute,0.99,Outcome pending – DB check required.
1776476,J  ,12/8/2025 17:48,202.7,0.0,ACC,,"Justified dispute
 
Affected Number:
0751411326
Alternative Number:
0763466153
Customers Name:
 ANTONY  SILAWULE
ID Number:
8906235402088
Billing Arrangement:(If Applicable)
345483585
FA ID Number:(If Applicable)
510496543
What have you tried:
Checked the bill and the mistake is on our side
Additional Information:
The customer is disputing a rejection fee as it comes from the failed debit order in September as they cancelled the contract in august, so kindly dispute the rejection fee R202.70.",Rejection Fee Dispute,1.0,Outcome pending – DB check required.
1776490,R  ,12/8/2025 18:45,206.83,0.0,ACC,,"Good Day

Please kindly assist.
Client is disputing Payment rejection fee that was charged in November.
there was no attempt to debit and the end of september (29th) however debit was rejected on the 2nd of October. Based on the bank statement there were sufficient funds on the account R202.70 Rejection fee + R4.13 (206.83)

Affected Number:0684579964
Contact Number:0727671912
Customers Name:Thabile Sithole
FA ID:509959317
BAR ID:344945886

Please see attached bank statements

Kind Regards",Rejection Fee Dispute,1.0,Outcome pending – DB check required.
1777265,R  ,12/10/2025 17:01,1.0,0.0,ACC,,"Incoming call
Contact Phone: 0670230291

Notes: Billing Template:

Affected Number: 0670230291

Alternative Number: 0789519510

Customers Name: Simamkele MADIKANE

ID Number: 8907015448085

Billing Arrangement: 339490596

FA ID Number: 504545391

What have you tried: Checked the customer's invoices, checked FA, Checked BA

Notes: Cx says he wants to dispute the rejection fee for the debit order that was debited by collections department on the 14th of November 2025

Cx says the debit was including the debit order which would've been due to be debited at the end of Novmber; which he feels was unfair to him at that point.

Cx made attempts to pay for his account when he paid for his overdue amount.

Cx says the 2277.00 debit order was not correctly billed.

Cx says he has an agreement with telkom to debit the amount due.

Kindly assist with the rejection fee for the debit order of 14 November (12/5/2025 Backout 2,277.00)
",Rejection Fee Dispute,0.99,Outcome pending – DB check required.
1778044,R  ,12/11/2025 13:24,202.7,0.0,ACC,,Backout fee 202.70,Rejection Fee Dispute,0.95,Outcome pending – DB check required.
1778181,J  ,12/11/2025 15:13,202.7,0.0,ACC,,"client have been charged rejection fees, but have made a cash payment covering the entire outstanding amount. 
debit date needs to be the 15th of every month, however system nnot allowing the date chage. kindly assit with debit date to the 15th of every month.",Rejection Fee Dispute,0.99,Outcome pending – DB check required.
1778770,J  ,12/12/2025 12:57,202.7,0.0,ACC,,rejection fee,Rejection Fee Dispute,0.95,Outcome pending – DB check required.
1778678,J  ,12/12/2025 10:41,202.7,0.0,ACC,,"affected number: 0699703446
contact: 0844489962
ID: 9903305195089
FA: 509195364
BAR: 344180606
more info: The customer was charged a rejection fee however there is no debit reflecting on his bank statement.",Rejection Fee Dispute,0.95,Outcome pending – DB check required.
1778844,J  ,12/12/2025 15:10,405.4,0.0,ACC,,"Effected number :  0691329022
Alternative:  0618452728
Name and surname :    BONGIWE ANDISWA KUSENI
Id no :  9712090727083
FA ID Number:   509231028
BA :  344216271
What have you tried: I checked on the customers account 
Additional Information:  the customer would like to dispute the rejection fee that she have been charge with for the past 2 months the customer had fund on her account on the day she should have been debited and it shows that telkom did go to her acc debit then reverved the money back to her account

",Rejection Fee Dispute,0.99,Outcome pending – DB check required.
1779485,J  ,12/15/2025 9:48,203.9,0.0,ACC,,"Affected Number:0601720379
Alternative Number:0765297230
Customers Name:lesega malepe
ID Number:8208140536088
Billing Arrangement:339866063
FA ID Number:504920857
What have you tried: checked customers debit date
Additional Information:customer is disputing the rejection charge becauseshe did not agree to be debited on the 25th.",Rejection Fee Dispute,0.95,Outcome pending – DB check required.
1776753,R  ,12/9/2025 15:47,202.7,0.0,ACC,,"Billing Case

 

Affected Number:

 0681093932

Alternative Number:

 0826240849

Customers Name:

 REBECCA MOTSEPE

ID Number:

 7101190402080

Billing Arrangement:(If Applicable)

 339303016

FA ID Number:(If Applicable)

 504357812

What have you tried:

 Checked and advised her that she is liable to pay the rejection fee coz we tried to debit on her debit date

Additional Information:

 Customer is disputing the rejection fee, she advised that it's not her fault that the thugs took everything b4 the debit date, she says she have the case number and affidavit.

POP sent to TM SOC Billing:

No

",Rejection Fee Dispute,0.99,Outcome pending – DB check required.
1776805,J  ,12/9/2025 16:38,202.7,0.0,ACC,,customer dispute the 202.70 charged on the account because it shows they had funds but on the statements it shows we did not try to debit on their account ,Rejection Fee Dispute,0.95,Outcome pending – DB check required.
1776983,J  ,12/10/2025 9:08,202.7,0.0,ACC,,"Billing Template
Affected Number:0659497446
Alternative Number:0835319234
Customers Name:Vuyisa  Mhlekwa Wiseman Mhlekwa
ID Number:8702126358087
Billing Arrangement:(If Applicable)340145323
FA ID Number:(If Applicable)505200116
What have you tried:Checked on FA
Additional Information:Customer called in to dispute the rejection fee from ",Rejection Fee Dispute,0.99,Outcome pending – DB check required.
1777151,J  ,12/10/2025 12:39,202.7,0.0,ACC,,"Customer is not debited and and always billed r202.70 on next bill ,checked debi check as per ID number and no mandate was done.",Rejection Fee Dispute,0.97,Outcome pending – DB check required.
1777219,J  ,12/10/2025 15:19,202.7,0.0,ACC,,"
Affected Number: 0658611149
Alternative Number:0658611149
Customers Name:Duncan Mtetwa
ID Number:8610275621082
Billing Arrangement:334542191
FA ID Number:501194120
What have you tried:The customer is billed a rejection fee for failled debit that had Event billing usage
Additional Information:The customer is disputing the rejection fee ",Rejection Fee Dispute,0.99,Outcome pending – DB check required.
1777278,J  ,12/11/2025 6:56,202.7,0.0,ACC,,DEBIT ORDER REJECTION FEES CREDIT ,Rejection Fee Dispute,0.99,Outcome pending – DB check required.
1777352,R  ,12/11/2025 9:04,1.0,0.0,ACC,,"The customer called in regarding a suspension. 

The customer keeps getting suspended due to the credit limit on her account. The customer's credit limit is R4200 and her monthly subscription fee is slightly above that amount. 

Please kindly increase the customer's credilt limit to R4500 to avoid monthly suspensions of her services. ",Rejection Fee Dispute,0.95,Outcome pending – DB check required.
1778324,R  ,12/11/2025 17:10,202.7,0.0,ACC,,"Good day i hope all is well 

Kindly assist with disputing the debit rejection fee for november 2025 as customer requested Telkom not to debit his account as fraud was taking place on his bank account at the time customer made a manual payment and Telkom still debited the customers account, customer would like the R202.70 disputed and his line unsuspended. Proof of payment attached to attachments.",Rejection Fee Dispute,0.99,Outcome pending – DB check required.
1781478,J  ,12/15/2025 20:59,202.7,0.0,ACC,,rejection fee,Rejection Fee Dispute,0.95,Outcome pending – DB check required.
1776179,J  ,12/8/2025 10:11,205.2,0.0,ACC,,"Debit order - RECONNECTION FEES R202.70 AND INTEREST CR R2.50 on September 2025 invoice Christa 0415050010
RECONNECTION FEES R202.70 AND INTEREST CR R2.50 on September 2025 invoice Christa 0415050010",Rejection Fee Dispute,0.97,Outcome pending – DB check required.
1776687,J  ,12/9/2025 12:26,202.7,0.0,ACC,," Good day,

Please see the customer’s details below:

Name: Beauty Mntungwa
ID Number: 9601181098084
Affected Number: 069 555 4338
Contact Number: 067 428 1216
FA: 506402543
BA: 341351010

The customer is disputing the rejection fee charges on the November invoice.
The customer requested that the debit date be changed at the beginning of October. However, the debit still went off on 25 October instead of the last day of October, which resulted in the debit being rejected.

The customer is not disputing the invoice charges, only the rejection fee, as the incorrect debit date caused the rejection.

Please refer to the customer’s email below for further context.


Dear Telkom Customer Service,
I hope this message finds you well.
Early last month, I visited the Telkom store at Savanna Mall twice to request a change to my debit order date. I was assured on both occasions that the debit order date had been successfully changed to the last day of each month.
However, in October, the debit order was processed on the 25th, instead of the last day as agreed. Unfortunately, there were insufficient funds in my account on that date, which resulted in a debit bounce and additional charges.
As I had already taken the correct steps to update my debit order date, I believe this error was not on my part. I therefore kindly request:
1.	That the debit bounce charge be reversed, and
2.	That my debit order date be corrected to the last day of the month, as originally requested and confirmed at your Savanna Mall branch.
I have been diligent in following the proper process, and I am disappointed by the inconvenience and additional costs this has caused. I would appreciate your urgent attention and confirmation once this issue has been resolved. ID 9601181098084.
Thank you for your assistance.
Nomusa Mntungwa
0680390138
",Rejection Fee Dispute,1.0,Outcome pending – DB check required.
1777368,R  ,12/11/2025 9:14,202.7,0.0,ACC,," Good Day

Please kindly assist.
Client is disputing Payment rejection fee that was charged in November.
there was no attempt to debit and the end of september however debit was rejected.

Please see attached bank statements

Kind Regards",Rejection Fee Dispute,0.95,Outcome pending – DB check required.
1778969,J  ,12/12/2025 17:36,202.7,0.0,ACC,,"Customer would like to dispute rejection fee of 202.70
Customer had funds ",Rejection Fee Dispute,0.97,Outcome pending – DB check required.
1779276,J  ,12/14/2025 14:37,203.37,0.0,ACC,,The customer is disputing the rejection fee because they are incorrectly charged.,Rejection Fee Dispute,0.99,Outcome pending – DB check required.
1779387,J  ,12/15/2025 9:40,202.7,0.0,ACC,,"Billing Template
 
Affected Number:
0695681158
Alternative Number:
0833113679
Customers Name:
NTSAKO MATONSI MATONSI
ID Number:
9712245484085
Billing Arrangement:(If Applicable)
345446966
FA ID Number:(If Applicable)
510459924
Additional Information:
The customer was not debited on her debit date and there was money on her account, the customer is now charged the 202.70 rejection fee.
What did you do:
Attached the bank statement.",Rejection Fee Dispute,0.97,Outcome pending – DB check required.
1779629,J  ,12/15/2025 12:11,26.44,0.0,ACC,,"Good day 

I trust you well

Cutomer's account was credited R176.26 instead of R202.70

Dispute is logged for the remaining R26.44 in order to balance of the rejection fee amount of R202.70",Rejection Fee Dispute,0.99,Outcome pending – DB check required.
1779675,J  ,12/15/2025 15:24,202.7,0.0,ACC,,"Affected number : 0684243055

Alternative number : 0739183114

Customer name : LIEKETSENG FAVOURATE DLAMINI

ID number :  9608160274081

Billing arrangement : 345162856

Financial Account : 510175813

What have you tried : Checked the customer's profile and advised of the balace and status on the profile.
Explained the billing and charges related to backouts.

Checked and on the account there was a debit on November 25, and a backout reflected on November 27 as well.

Additional Information : The customer provided us with bank statement that reflects the above. Dispute logged for the 202.70 that the customer was charged in the December invoice.
Bank statement attached on dispute.
Customer credited with 202.70 via a justified dispute.",Rejection Fee Dispute,0.95,Outcome pending – DB check required.
1779356,J  ,12/15/2025 13:36,202.7,0.0,ACC,,"Good day

Please assist with the dispute of rejection fees for the above mentioned S/N as the client requested and approved of a debit on the 15th but the debit order date was not saved on CRM as the 15th

Currently the customer's services are suspended, please assist.",Rejection Fee Dispute,0.97,Outcome pending – DB check required.
1779475,J  ,12/16/2025 12:29,202.7,0.0,ACC,,"customer is disputing debit rejection for  November invoice, customer was credited 219 on 18 N ov and she paid 219 on the  18 Nov and her outstanding balance was 101.90, then customer was debited 539.90 on 03 Dec which got rejected , customer then paid 101.90 on 12 Dec
Dispute 202.70",Rejection Fee Dispute,0.95,Outcome pending – DB check required.
1781802,J  ,12/17/2025 10:29,1459.05,0.0,ACC,,"Customer was double billed and they we charged reconnection fees and the invoice is not stable in charges, matter was escalated to fullfilment so an amount 1459.05 has to credited, Balance brought forward was R2261.70 and you only paid 1442.05 and you have short paid with R 819.65 which got rejected. Your invoice for October was R1699.57, because of the reconnection fee of R260.21 plus R220.21 of the debit order rejection and your Vat of R112.49. R950 was debited on the customer's account and the invoice has to be rectify and matter was escalated with IT service desk.",Rejection Fee Dispute,0.95,Outcome pending – DB check required.
1781814,R  ,12/17/2025 12:12,202.7,0.0,ACC,,"Good day

Can you please assist, customer was charge a R202.70 debit order rejection fee. He cancelled the account and made payment but telkom also made a debit order. Could you please credit customer account with R202.70.

customer name:
customer id:6810245107087
ba:341462532
fa:506514062

Thank you",Rejection Fee Dispute,1.0,Outcome pending – DB check required.
1781996,J  ,12/17/2025 13:50,600.0,0.0,ACC,,"Complaint Summary:
The customer disputes the debit rejection and reconnection fees. They have been making manual payments close to the debit order date, causing the debit order to still run. As a result, a rejection fee was charged. A recent EFT payment from Nedbank was delayed in being allocated, contributing to the issue",Rejection Fee Dispute,0.95,Outcome pending – DB check required.
1781618,R  ,12/16/2025 11:54,202.7,0.0,ACC,,"Good day

Can you please assist, customer bank account was debited on the 15th of October 2025 but the payment rejected but he did have money on his account. Now customer was charged a R202.70 for the month of November 2025.

customer name:Ivan Moses
customer system id:236101802 
ba:345023282
fa:510036403

Thank you",Rejection Fee Dispute,0.97,Outcome pending – DB check required.
1781696,J  ,12/16/2025 15:38,202.7,0.0,ACC,,The customer is disputing the rejection charge because they were  incorrectly charged.,Rejection Fee Dispute,0.95,Outcome pending – DB check required.
1781745,J  ,12/17/2025 9:15,202.7,0.0,ACC,,"
Delisting Request
 
Affected Number:
 0646834473
Alternative Number:
 
Customers Name:
 AN-MARLI VAN DER SPUY
ID Number:
 9812210110085
FA ID Number:(If Applicable)
 510190972
Customers E-mail address
 marli.vanderspuy@gmail.com
Additional Information:
 customer is disputing rejection fee, never changed the debit date and telkom took funds on the wrong date then again on the correct date on both accounts that the customer has. When the funds were not available it made the customer to pay the rejection fee which she is disputing",Rejection Fee Dispute,0.95,Outcome pending – DB check required.
1776148,J  ,12/8/2025 9:02,202.7,0.0,ACC,,Customer incurred a rejection fee advised her since she was also a victim of a wasp service which has ben removed successfully i will credit using my discretion however advised her that she can also pay upfront if she has problems with her bank ,Rejection Fee Dispute,0.95,Outcome pending – DB check required.
1776286,R  ,12/8/2025 13:03,202.7,0.0,ACC,,"Good Day Team,

Kindly assist, customer was billed extra R202.70 on her latest bill. Customer is disputing the charges as this was not her fault. Telkom did not debit her account. Customer had money on the date of debit but Telkom didnt debit.

Please arrange dispute, Statement that shows that customer had funds in her account is attached on CRM 

Affected no: 0694608127
Affected BAN:  344640309
Customer ID: 219143115
ID no: 9111171044080
Customer : Snenhlanhla Mabaso",Rejection Fee Dispute,0.97,Outcome pending – DB check required.
1776392,J  ,12/8/2025 14:26,202.7,0.0,ACC,,Customer requested for the deboit order rejection fee to be credited,Rejection Fee Dispute,0.95,Outcome pending – DB check required.
1776434,R  ,12/8/2025 15:50,202.7,0.0,ACC,,"Debit order was rejected as bank details was not updated when application was done,
custoermmade payment manual but feel was not at fault for bank details not updated
please assist to waive the rejection fee of R202.70",Rejection Fee Dispute,1.0,Outcome pending – DB check required.
1776470,J  ,12/8/2025 17:22,202.7,0.0,ACC,,"CX want to dispute R202.70 because 
Telkom was trying to debit R1,736.70 instead of R1,534.00, and the debit order was unsuccessful.
",Rejection Fee Dispute,0.97,Outcome pending – DB check required.
1776555,R  ,12/9/2025 8:57,1.0,0.0,ACC,,"

May you kindly assist with refunding customers account with  a R403 and waving the panelty fee of R202.70 as a manual payement of R410 was made before the actual debit date which is on the 5th and the payment reflected on the 1st of December yet Telkom still tried deducting an amount of R409
The payment of R403 needs to be refunded as it is for Jan you will see seperate amounts of R30 and R373. Please see attached bankstatement 
The customer wants this issue resolved as sson as possible because she has been making payments on time and even before ",Rejection Fee Dispute,0.97,Outcome pending – DB check required.
1778694,J  ,12/12/2025 11:00,202.7,0.0,ACC,,customer called stated he was to be debited on 15th he was given wrong date cr once off cr of R202.70 ,Rejection Fee Dispute,0.97,Outcome pending – DB check required.
1778652,R  ,12/12/2025 13:28,202.7,0.0,ACC,,"Good day note that the customer was not billed (debited) on the month of November so shes avoiding to be penalised R202.70 
Kindly assist with the quiry, statement attached to show that money was enough on the balance",Rejection Fee Dispute,0.97,Outcome pending – DB check required.
1779094,J  ,12/14/2025 11:32,202.7,0.0,ACC,,"Good day

please assist on removing the Payment Rejection Fee client had funds bankstatement attached 
 BAN : 334506068
FA : 501157997",Rejection Fee Dispute,0.95,Outcome pending – DB check required.
1779736,J  ,12/15/2025 14:52,202.7,0.0,ACC,,"Backout payment - 202.70
Good day 
 
344421082 - REQUEST TO REVERSE CHARGES OF 202.70 ON 9 DEC 2025 INVOICE 
 
Please find attached my telkom statement with payment due date 1 Dec 2025 and my Capitec account that showed the debit order was deducted on 29 Nov 2025. ",Rejection Fee Dispute,0.95,Outcome pending – DB check required.
1779541,J  ,12/15/2025 11:29,204.79,0.0,ACC,,cst is disputing the penalty fee amount of 202.70 he requested the debit date to be changed to the last day of the month in September however he was debited on the 15th,Rejection Fee Dispute,0.95,Outcome pending – DB check required.
1779554,J  ,12/15/2025 15:08,202.7,0.0,ACC,,"

Affected Number: 0602137995

 

Alternative Number: 0619542741

 

Customers Name:THOBANI MHLONGO

 

ID Number: 9204035502086

 

Billing Arrangement: 344039133

 

FA ID Number: 509054263

 

What have you tried:Check on the bank statement the customer have funds available on the account then was return back into account.
 

Additional Information:The customer called his disputing charge on the account.

Statement date01 Dec 2025
Payment Rejection fee 129030992 27 Nov 25 R 202.70",Rejection Fee Dispute,0.97,Outcome pending – DB check required.
1782475,J  ,12/18/2025 16:25,405.4,0.0,ACC,,"Telkom Number: 0812341458
Subscription: 10GB LTE Wireless
Last usage on the 16 May 2024.
Start date: 22 November 2022
Supsended on the 17May 2024 due to non payment.
Cancelled on the 26 March 2025.

Telkom Number: 0679035262
Subscription: 20GB LTE Wireless
Last usage on the 16 May 2024.
Start date: 6 July 2020
Supsended on the 16 May 2024 due to non payment.
Cancelled on the 26 March 2025.

Financail account:505282576
Billing account: 340227783
Last payment on the account: 25 April 2024.

Account balance currently: R488.73
Credit the follwoing:
Debit order rejection fees R 202.70 February 2024
Debit order rejection fees R 202.70 April 2024
Late payment fees: R2.48 April 2024
Late payment fees: R3.04 May 2024
Late payment fees: R8.32 June 2024
Late payment fees: R11.57 July 2024
Late payment fees: R13.46 August 2024
Late payment fees: R16.12 September 2024
Late payment fees: R18.83 October 2024
Late payment fees: R15.53 November 2024
Late payment fees: R19.51 December 2024
Late payment fees: R21.71 January 2025
Late payment fees: R22.19 February 2025
Late payment fees: R27.47 March 2025
Total: R180.23 for late payment fees.
",Rejection Fee Dispute,1.0,Outcome pending – DB check required.
1783338,J  ,12/19/2025 9:55,202.7,0.0,ACC,,Customer had enough funds but the debit order bounced back in Oct. She is dispute the rejection fee,Rejection Fee Dispute,0.99,Outcome pending – DB check required.
1783354,R  ,12/19/2025 10:37,202.7,0.0,ACC,,"Good day, customer is disputing rejection fee for November debit, bank statement attached, affected no 0692634021, customer id 110676690, fa id 506578352, ban id 341526955, contact no 0628698254",Rejection Fee Dispute,0.95,Outcome pending – DB check required.
1783426,R  ,12/19/2025 12:08,202.7,0.0,ACC,,"Good day
Kindly assist with a refund of R202.70 rejection fee  . Customer is disputing that she had funds in her bank account on the last day of the month which is her debit date. ID and bank statement attched.
Affected number :0602085911
Customer ID: 200998980
FA ID:509138850
BA:344124009
",Rejection Fee Dispute,1.0,Outcome pending – DB check required.
1783593,R  ,12/19/2025 16:13,202.7,0.0,ACC,,"Good Day 

Can you please assist, customer has been charged a debit order rejection fee of R202.70
for a debit order that didn't go through although the customer had funds available in the account.
Please find attached a statement of the customers account 

please credit the customers account with R202.70 as the account was wrongfully charged.

Affected Number: 0814870190
CA ID: 212246334
FA ID: 509431468

Kind Regards",Rejection Fee Dispute,1.0,Outcome pending – DB check required.
1783800,R  ,12/20/2025 14:22,202.7,0.0,ACC,,Good day kindly assist the customer went to telkom store on the 7/11\2025 to change banking deals for some reason it did not go through as result debit order went to the wrong bank and got rejected and customer is not willing to pay the rejection fee as she claims it was not her fault,Rejection Fee Dispute,0.97,Outcome pending – DB check required.
1784059,J  ,12/22/2025 12:04,202.7,0.0,ACC,,"Customer was charged rejection fee in October debit and account was cancelled 9/30/2025
View Case: 90793595",Rejection Fee Dispute,0.97,Outcome pending – DB check required.
1782066,J  ,12/17/2025 17:12,176.26,26.44,DEB,DCK,"Customer had enough funds, debit did not go through, customer is desputing rejection fee",Rejection Fee Dispute,0.95,Outcome pending – DB check required.
1782067,R  ,12/17/2025 17:13,202.7,0.0,ACC,,"Good day team

Please assist with customer debit order issue. Debits are not being deducted from his account and then service is then suspended.

Pease reinstate debit order mandate, and credit for debit order rejection fee

BANKING: 
nedbank
1197483926

BAN: 343966462
FA: 508981557
CMID: 139721301",Rejection Fee Dispute,0.97,Outcome pending – DB check required.
1783873,J  ,12/20/2025 15:31,202.7,0.0,ACC,,"Affected Number:0694629535
Alternative Number: 0640710736
Customers Name:   Neliswa Mkhize
ID Number:9707050440081
Billing Arrangement:344541584
FA ID Number:509555693
What have you tried: checked the profile
Additional Information: the customer dispute the rejection fee R202.75 .",Rejection Fee Dispute,1.0,Outcome pending – DB check required.
1784316,J  ,12/23/2025 8:26,405.4,0.0,ACC,,Customer is a new customer did not know how the payment process works advised moving forward they will be liable for the rejection fees and also told them they need to pay 15 days prior ,Rejection Fee Dispute,0.97,Outcome pending – DB check required.
1776743,R  ,12/9/2025 14:46,202.7,0.0,ACC,,"Affected Number:0671669412
Alternative Number:0671669412
Customers Name:SISTER NGXOLA
ID Number:9001040308081
Billing Arrangement:336502069
FA ID Number:502655392
What have you tried:The Event billing amount was credited but the rejection fee was not
Additional Information:The customer was charged a Rejection fee for failed debit that had event billing",Rejection Fee Dispute,0.95,Outcome pending – DB check required.
1777080,J  ,12/10/2025 11:04,32004.0,0.0,ACC,,Customer hasnt been using the landline since october but she still being billied for the landline and would like that amount to be cleared as she is a pensioner and she was promised by the Telkom call centre that it would be cleared and nothing happened,Rejection Fee Dispute,0.95,Outcome pending – DB check required.
1777120,J  ,12/10/2025 12:00,202.7,0.0,ACC,,"te

 

Affected Number:0679353998
 

Alternative Number:0782312404
 

Customers Name: blessing mbokazi
 

ID Number:9402125414085
 

Billing Arrangement:344506290
 

FA ID Number:509520452

 

What have you tried:Checked FA ID

 

Additional Information:Customerdisputes rejection fee.",Rejection Fee Dispute,0.95,Outcome pending – DB check required.
1777231,R  ,12/10/2025 15:38,202.7,0.0,ACC,,"Good day

Please assist with correcting customer's FA. Note that there was funds in customer's bank account, but the debit order was reverse by telkom.

Custome feels that he is not liable for rejection fees.

Please find bankstatement attached to customer's profile.

Thank you in advance",Rejection Fee Dispute,0.97,Outcome pending – DB check required.
1777286,R  ,12/10/2025 17:30,202.7,0.0,ACC,,incoirrect rejection fee charged R202.70,Rejection Fee Dispute,1.0,Outcome pending – DB check required.
1777525,J  ,12/11/2025 10:38,202.7,0.0,ACC,,"Mxolisi Sithole
0658820598
8807315870089
0658820598
341362951
customer is duspting the rejection fee charge because telkom debited early for for november 2025",Rejection Fee Dispute,0.95,Outcome pending – DB check required.
1780802,J  ,12/15/2025 18:00,1466.84,0.0,ACC,,"Zoliswa Sokwanqa
Customer is irate that the bill is high, and said has been requesting the bank be linked and it is not her fault that the debit order has been rejected on her account, customer is requesting the penalty charges be cleared, I cheked on the system, has been paying manually and was credited for the free trial too. 

Reconnection Fees 15 Nov 25 R 260.21Subtotal R 669.21
Payment Rejection fee 258028573 03 Dec 25 R 202.70Late payment Interest 345453908 09 Dec 25 R 15.52*

Reconnection Fees 31 Oct 25 R 260.21
Payment Rejection fee 258028573 05 Nov 25 R 202.70Late payment Interest 345453908 09 Nov 25 R 23.73*

Reconnection Fees 30 Sep 25 R 260.21
1month free rental 258028573 01 Oct 25 -R 409.00Payment Rejection fee 258028573 05 Oct 25 R 202.70Late payment Interest 345453908 09 Oct 25 R 19.43*

Total= R1,466.84 including the late payments interests.",Rejection Fee Dispute,0.97,Outcome pending – DB check required.
1782531,R  ,12/18/2025 12:43,1.0,0.0,ACC,,"Good day 

Kindly assist with increasing the credit limit on the customer's account, when she is charged the rejection fee and reconnection fee he services gets suspended due to the credit limit.",Rejection Fee Dispute,0.95,Outcome pending – DB check required.
1783245,J  ,12/18/2025 16:30,202.7,0.0,ACC,,"Good day 

Customer is disputing rejection fee and customer sent the bank statement and did have funds",Rejection Fee Dispute,0.95,Outcome pending – DB check required.
1783294,J  ,12/19/2025 7:34,202.7,0.0,ACC,,Credit an amount of R 202.70 for back out payment,Rejection Fee Dispute,0.95,Outcome pending – DB check required.
1782260,R  ,12/18/2025 14:33,202.7,0.0,ACC,,Debit order rejection fee,Rejection Fee Dispute,0.97,Outcome pending – DB check required.
1782751,R  ,12/19/2025 11:50,14500.0,0.0,ACC,,"Contact Phone: 0724025994  CREDIT MEMO ON ATTACHMENT

Notes: Good day, please as per case no 89753221 resolution. Please can an amount of R440 charged as device obligation/carry over be reversed. It is now a duplicated charge since the customer is paying for the same device on number 0724025994.  The replace offer was done to correct the deal provided with renewal on 07 August 2025 where system was only charging for the sim only instead of R549 which was the deal subscription fee.",Rejection Fee Dispute,0.95,Outcome pending – DB check required.
1784119,R  ,12/22/2025 16:16,202.7,0.0,ACC,,"Customerv was debited the rejection fee on the date that the debit was not supposed to run,and customer claims that this has been going on for months now.",Rejection Fee Dispute,0.95,Outcome pending – DB check required.
1784520,J  ,12/23/2025 12:42,202.7,0.0,ACC,,"
Affected Number: 0659351322
Alternative Number: 
Customers Name:  CELI ANN JULIUS
ID Number: 9212180284087
Billing Arrangement:336036555
FA ID Number: 502389800
What have you tried:   the customer would like to dispute the 202.70 as she had enough funds 
Additional Information:  the statement had  enough funds
",Rejection Fee Dispute,0.95,Outcome pending – DB check required.
1784649,J  ,12/23/2025 16:38,202.7,0.0,ACC,,"Financial Account: 509620878
Billing Account: 344606908
Debit order rejction fees: R202.70 June 2025
Late payment fees R 20.76 June 2025
Late payment fees R30.78 July 2025",Rejection Fee Dispute,0.97,Outcome pending – DB check required.
1786201,J  ,12/29/2025 12:21,405.4,0.0,ACC,,"Customer was being billed for a device they returned
Customer was credited for the device but 2 x rejection fees were not credited 
View Case: 90808587",Rejection Fee Dispute,0.97,Outcome pending – DB check required.
1784582,J  ,12/23/2025 15:24,202.7,0.0,ACC,,"Billing Template 

Affected Number:0754774100
Alternative Number:0754774100
Customers Name:Omphile  Doreen Tladi
ID Number: 8006230913088
Billing Arrangement:339404060
FA ID Number:504458855
What have you tried:Checked the invoice if it has the rejection fee for a debit order that failed on the 20th of November 2025.
Additional Information:Interactions dated: 10/22/2025 12:55 PM states customer called to change debit date to 25th but the date was changed on 1 FA as customer has 2.",Rejection Fee Dispute,0.95,Outcome pending – DB check required.
1784700,J  ,12/24/2025 9:17,264.61,0.0,ACC,,"Billing case







Affected Number:
0813014435
Alternative Number:
0790687973
Customers Name:
ELIZABETH NTSILO
ID Number:
8205251047087
Billing Arrangement:(If Applicable)
340712279
FA ID Number:(If Applicable)
505767070
What have you tried:
Customer did cancellation on the 30th of August but they were still charged after that 
The account is cancelled with a balance of 264.61 which customer is disputing



Additional Information:
Payment Rejection fee 151290711 02 Oct 25 R 202.70",Rejection Fee Dispute,0.97,Outcome pending – DB check required.
1784963,R  ,12/26/2025 10:07,202.7,0.0,ACC,,"Rejection Fee

Dispute Group: Subscription
Credit Reason: Subscription – FA 

Billing Template	 
Affected Number: 0813267801	 
Alternative Number:  0691556371 
Customers Name: CLIVE NGODWENI
ID Number: 9612065657085
Billing Arrangement: 340789324
FA ID Number: 505844115
What have you tried: Customer was charged a rejection fee but he had enough money on the account when we debited.	 
Additional Information: Advised the customer they will be credited the 202.70.",Rejection Fee Dispute,0.97,Outcome pending – DB check required.
1786290,R  ,12/29/2025 15:40,0.01,0.0,ACC,,"Good day 

Hope this finds you well 

Kindly assist with the customers query as the customer would still like to dispute rejection fee charges that were charged on the month of November 2025

Checked with the customers bank statement and still unable to verify whether the charges are valid or not ",Rejection Fee Dispute,0.95,Outcome pending – DB check required.
1786276,J  ,12/29/2025 19:32,202.7,0.0,ACC,,"

Affected Number:0812181919

 

Alternative Number:0730248506

 

Customers Name:Amahle Mkhaliphi

 

ID Number:0007201373086

 

Billing Arrangement:345498147

 

FA ID Number:510511105

 

What have you tried:Checked FA ID

 

Additional Information:Customer is Disputing rejection fee",Rejection Fee Dispute,0.95,Outcome pending – DB check required.
1786636,J  ,12/30/2025 15:08,759.0,0.0,ACC,,"Customer called in to dispute the charges on the account 
Customer was charged for 2 fiber lines on the account 

Customer requested for on of the services to cancelled but the lines were not cancelled as per request 

services number B310108822
Cease(Broadband,Equipment,Fixed Voice Product,Internet) 
Order REF number 2716830721A date 12/17/2025
This was only done after customer was provided with new line 

Provide(Telkom Stream Connect) 
new line services number  B310187922 
Order REF number 2657186555A date 10/12/2025
Noktes 
Customer Request
Telkom Stream Connect@ 25/25mbps


Calculations 
Monthly services fee for Telkom Endless Fibre
1244   -   485 
=759

The amount to be credited back is 759
Plus debit rejection fees 202.70
",Rejection Fee Dispute,0.99,Outcome pending – DB check required.
1786727,J  ,12/31/2025 10:32,202.7,0.0,ACC,,Cx says he wants to dispute the rejection fee for august debit order because he was debited on the 30th instead of the last day of the month,Rejection Fee Dispute,0.99,Outcome pending – DB check required.
1786733,R  ,12/31/2025 12:53,202.8,0.0,ACC,,Please assist as  customer dispute rejection fee of R202.80 as she made manual payment on the 26th of October 2025 and he account was still debited even thought it was made way before debited order date,Rejection Fee Dispute,0.97,Outcome pending – DB check required.
1776904,J  ,12/11/2025 16:49,202.7,0.0,ACC,,"customer had a tech enqu and the tech has resloved it and the services were working October 
rejection fee disputed as customer state that these was primvideo that she didnt subscrip too 
advised of the reconnection fee that she will be laible for ",Rejection Fee Dispute,0.95,Outcome pending – DB check required.
1777730,J  ,12/12/2025 10:41,202.7,0.0,ACC,,Cr Debit order levy = R202.70. Incorrect due date. Changed from 25th to last day of the month. ,Rejection Fee Dispute,0.88,Outcome pending – DB check required.
1783858,R  ,12/20/2025 15:39,202.7,0.0,ACC,,"hi
please help credit customer with the amount of R202.70, customer subitted requested for the debit order to go off his Nedbank account but debited order was sent to his capitec account. customer says he will not pay the Rejecxtion fee as it was not his fault",Rejection Fee Dispute,0.88,Outcome pending – DB check required.
1783909,R  ,12/21/2025 13:06,202.7,0.0,ACC,,"Good day 

Could you please assist with crediting customer accordingly, customer had a fraud case on their bank  as result customer's bank  account had to be frozen, customer is disputing the amount of R202.70 on their account as a debit order  rejection fee. proof for the fraud case is attached on attachment on the customer's profile. alternative number to contact is 065 615 6368 Ms Berna.

 Your assistance on the matter is highly appreciated.

Billing Arrangement:345100002
Financial Account: 510113109
Customer ID:147793632

Thank you.",Rejection Fee Dispute,1.0,Outcome pending – DB check required.
1784124,R  ,12/22/2025 19:17,202.7,0.0,ACC,,"Good Day 

Please assist as the following customer account was not debited on the 25/11/2025 but he was charged a rejection fees of R202.70, however customer disputing as he stated he will not pay the extra because telkom did not debit his account.
Bank statement attached.

Kind Regards
Sholin",Rejection Fee Dispute,1.0,Outcome pending – DB check required.
1784641,J  ,12/23/2025 16:08,202.7,0.0,ACC,,"cx is being charged debit rejection fee 
cx had money on the acc and mandate was accepted 
account was supposed to be debited on the 29 nove but nothing went through not even an attempt to debit",Rejection Fee Dispute,0.95,Outcome pending – DB check required.
1782836,J  ,12/24/2025 9:56,414.76,0.0,ACC,,"the customer has a contract that says he should be debitted on the last day of the month however he was always debited on the 20th of every month ever since the contract resumed, the customer was charged for debit rejection fees of R202.70 x2 as well as the late payments of R5.92+3.44, total amount is R414.76",Rejection Fee Dispute,1.0,Outcome pending – DB check required.
1786806,R  ,12/31/2025 15:28,601.1,0.0,ACC,,"Incoming call
Contact Phone: 0836988467

Notes: Good day

Kindly assist customer had wrong banking details on the system and due to that he was charged extra rejection fee for R608.10 Please assist iwth crediting the charges",Rejection Fee Dispute,0.95,Outcome pending – DB check required.
1787226,J  ,1/3/2026 12:28,685.51,0.0,ACC,,"Customer has been paying the account and never missed it, but also been charged for the debit order rejection fees, he is requesting the charges be cleared as has been paying manually.

Reconnection Fees 15 Nov 25 R 260.2
Payment Rejection fee 241187347 02 Dec 25 R 202.70Late payment Interest 345130906 09 Dec 25 R 8.21*
Total= R685.51

Payment Rejection fee 241187347 02 Nov 25 R 202.70Late payment Interest 345130906 09 Nov 25 R 11.70*

",Rejection Fee Dispute,1.0,Outcome pending – DB check required.
1788934,J  ,1/6/2026 8:39,260.21,0.0,ACC,,Customer is a pensioner and they are charged a reconnection fee for a service that was supposed to be cancelled after sep 2025 ,Rejection Fee Dispute,0.95,Outcome pending – DB check required.
1788941,J  ,1/6/2026 8:39,202.7,0.0,ACC,,Rejection fee ,Rejection Fee Dispute,0.95,Outcome pending – DB check required.
1789018,J  ,1/6/2026 9:45,2307.13,0.0,ACC,,"Good Day 

please assist with investigating the account and credit accordingly.

customer says that he was being debited on the 31st but he initially asked for the 15th when he took the contract.

i did check the account and the date has been recently changed to the 15th 

then he was charged prorata on the december invoice,
 the november invoice was charged for 13 days (09 Nov 25 - 23 Nov 25)

Subscription & usage for 0349800680 SmartVoice Unlimited R 1,670.21Subscription services
Description Period
SmartVoice Unlimited 24 Nov 25 - 23 Dec 25 R 705.00SmartVoice Unlimited 24 Dec 25 - 23 Jan 26 R 705.00

plus he has been charged penalty fees for rejections and reconnections together with late payments.

there hasnt been payment from August 2025 on the customer account because of debit order rejections.

July
Description Service/No Reference Date/Period
Payment Rejection fee 247539846 02 Jul 25
 R 202.70
Late payment Interest 345265257 09 Jul 25 R 10.43* 
Subtotal R 213.13

August
Reconnection Fees 31 Jul 25 R 260.21
Late payment Interest 345265257 09 Aug 25 R 2.85*

September 
Description Service/No Reference Date/Period
Payment Rejection fee 247539846 02 Sep 25 R 202.70Late payment Interest 345265257 09 Sep 25 R 14.80* Subtotal R 217.50

October
Reconnection Fees 30 Sep 25 R 260.21
Payment Rejection fee 247539846 02 Oct 25 R 202.70Late payment Interest 345265257 09 Oct 25 R 38.00* Subtotal R 240.70

November 
Reconnection Fees 31 Oct 25 R 260.21
Payment Rejection fee 247539846 04 Nov 25
R 202.70
Late payment Interest 345265257 09 Nov 25 R 67.85*
 Subtotal R 270.55

December
Backout payment R202.70
Reconnection Fees R260.21
Late payment Interest R118.86

amount to be credited is R2,307.13

thank you ",Rejection Fee Dispute,1.0,Outcome pending – DB check required.
1788953,J  ,1/6/2026 11:47,202.7,0.0,ACC,,"Billing Case
 
Affected Number:
0699078416
Alternative Number:
0734248745
Customers Name:
ASAVELA NAMA
ID Number:
0108076272088
Billing Arrangement:(If Applicable)
345662115
FA ID Number:(If Applicable)
510675072
What have you tried:
Customer was charged a rejection fee but they had sufficient funds in the account
Additional Information:
Bank statement attached.

POP sent to TM SOC Billing:
Payment Rejection fee 218601946 02 Dec 25 R 202.70

",Rejection Fee Dispute,0.97,Outcome pending – DB check required.
1787798,R  ,1/6/2026 17:16,405.4,0.0,ACC,,"Affected number:0659566074
Alternative number:0834022795
Customer name:Nomadhlozi Felicia Mbele
ID number:9109270322084
FAID:505878294
BAID: 340823503

Customer dispute the rejection fee for september and October, states that she paid manually as the billing process is inconsistent. She states that sometimes we debit and other times we dont.",Rejection Fee Dispute,1.0,Outcome pending – DB check required.
1789271,J  ,1/7/2026 9:09,202.7,0.0,ACC,,"affected number: 0672310199
9405031303086
HERISILE MAVUNDA
herisilemavu64@gmail.com
0681582525
97 THIRD AVENUE STREER, ALEX, ALEXANDER BAY, 

customer called to cancel, reason due to billing ... says paid cash and was debited thereafter so now means paid twice... called billing in this regard, says was told by agent to reverse deduction on her end as a result incurred unpaid debit order fees .... customer misled and not given correct information ... upset now is liable to pay more due to the agent advising otherwise ....

was also told a call recording will be done
feedback given was told they cannot find that specific call, even the case logged was closed with no resolution ... was promised feedback to-date has not gotten anything ... everytime is told she was called in this regard but told she does not pick up and tired that since Nov almost calls daily to find a resolution ... 

furthermore debit order did not collect recently, concerned that will be charged that rejection fee again yet has funds in her account ... ",Rejection Fee Dispute,0.95,Outcome pending – DB check required.
1786807,R  ,12/31/2025 15:34,202.7,0.0,ACC,,"Good day

I trust all is well,
Customer came to store in October to change banking details, but agent did not update details, therefore customer is in store to dispute the rejection fee of R202.70.

Banking details has been attached to CRM.",Rejection Fee Dispute,1.0,Outcome pending – DB check required.
1787037,J  ,1/2/2026 10:25,202.7,0.0,ACC,,"Affected Number:0672684221

Alternative Number:0763178499

Customers Name:Faiqa Dalvie

ID Number:8311200042086

Billing Arrangement:339882093

FA ID Number:504936887

What have you tried:Checked on customers FA and BA she was cahrged with rejection fee

Additional Information:There was a bounced debit order of R856.55 , amount was supposed
to be debited on last day of the month not the 15th.

POP sent to TM SOC Billing:N/A",Rejection Fee Dispute,0.95,Outcome pending – DB check required.
1787127,J  ,1/2/2026 12:45,1331.32,0.0,ACC,,"0317633205 
Customer requested to cancel the landline as it has not been working for over a year.
Upon the cnancellation , customer then requested to downgrade his internet line from 100mbps to 50mbps which he was advised it will be 655.
I picked up the order was successfuly submited for the downgrade, order numbers as follows:
B260050507- 2702220538A
TIN1466053 - 2702220527A

The customer has been over billed as i picked up from the invoice that only the broadband was downgraded, internet is still on 100mbps . Please assist rectify the package and apply correct   discount accordingly

Disputing  TIN  discount not  applied, incorrect package provided

Dispute amount: 1331.32

Retail Fibre BB Lite 50/25Mbps 09 Dec 25 - 08 Jan 26 R 617.48Retail fibre contract fee (Consumer) 09 Dec 25 - 08 Jan 26 R 71.52Subtotal R 689.00

Home Uncapped (40-100Mbps) 09 Dec 25 - 08 Jan 26 R 1,451.62

Retail Fibre Broadband Speed B B260050507 -R 138.28Retail_Fibre_Bundle_Penalty_Co B260050507 -R 16.02Subtotal -R 154.30",Rejection Fee Dispute,0.95,Outcome pending – DB check required.
1787290,J  ,1/3/2026 12:25,202.37,0.0,ACC,,"all ways balance o her account but telkom is not debiting the account it comes back as debit order rejection she went to the bank to check if theres no error on the side but everything is correct with the bank.
even today they tryed debiting but the accoun was rejected ad telkom is allway charging her the debit order rejection fee and there can not remove the debit order rejection fee she made payment 10 days a i was instracted but still they went to her bank and try to debit account and there was debit order rejection. customers say theres balance on the account",Rejection Fee Dispute,0.97,Outcome pending – DB check required.
1786369,J  ,1/4/2026 13:14,176.26,26.44,DEB,DCK,"Affected Number:0658763118

Alternative Number:0658763118

Customers Name:Mpho Mathebula

ID Number:9405106062088

Billing Arrangement:339505500

FA ID Number:504560295

What have you tried:Customer cancelled contract, was not told of rejection fee amount

Additional Information:Customer cancelled contract, was not told of rejection fee amount
",Rejection Fee Dispute,0.95,Outcome pending – DB check required.
1787471,J  ,1/5/2026 8:25,202.7,0.0,ACC,,Customer incorretly charged a rejection fee for a balance they paid manually.,Rejection Fee Dispute,0.95,Outcome pending – DB check required.
1787477,J  ,1/5/2026 8:41,202.7,0.0,ACC,,Customer asked for the payment date to be on the 5th due to the 30 dauys notice advised i will do the credit for the rejection however moving forward she will be liable for the rejection fees she will send me the bank statement however i told her seeing that the provlem was the debit order date its fine from feb 2025 she will be liable should she miss the debit order also told her she can make paymwnt manaully ten days proir ,Rejection Fee Dispute,0.97,Outcome pending – DB check required.
1787495,J  ,1/5/2026 9:15,176.26,26.44,DEB,DCK,"Customer had enough funds debit did not go through, customer is desouting rejection fee",Rejection Fee Dispute,0.95,Outcome pending – DB check required.
1787754,J  ,1/5/2026 13:41,202.7,0.0,ACC,,Customer was charged a rejection fee of R202.70 and they had funds in the account ,Rejection Fee Dispute,1.0,Outcome pending – DB check required.
1787855,R  ,1/5/2026 15:09,202.7,0.0,ACC,,"Good day
Please assist with disputing 202.70 on customers account he had money on his account but he was not debited",Rejection Fee Dispute,0.95,Outcome pending – DB check required.
1787870,J  ,1/5/2026 15:51,237.53,0.0,ACC,,Debit order rejection fees,Rejection Fee Dispute,0.99,Outcome pending – DB check required.
1787881,R  ,1/5/2026 17:33,1.0,0.0,ACC,,"Good day

Please assist with customers account she was debited and the money bounced back on the same day of debit please 
weave the 202.70 debit rejectin as it was not the customers fault 
customer is irate wants her bank charges aswell as she was not at fault please call customer on 0736802699",Rejection Fee Dispute,0.95,Outcome pending – DB check required.
1787630,J  ,1/6/2026 9:09,202.7,0.0,ACC,,Customer incurred a rejection fee however she is still billed for the old fibre advised i will assist with the credit then i will transfer her to trhe cancellation team ,Rejection Fee Dispute,0.95,Outcome pending – DB check required.
1787632,J  ,1/6/2026 9:44,679.75,0.0,ACC,,"Boitshepo Molapo
Customer made a payment last week and still not connected. Receives invoices. The payment is reflecting but still has  a past due. I chekced and the customer has been paying 15 days prior the debit order date.

Reconnection Fees 16 Nov 25 R 260.21
Payment Rejection fee 257399662 02 Dec 25 R 202.70Late payment Interest 345440142 09 Dec 25 R 9.02*

Payment Rejection fee 257399662 02 Nov 25 R 202.70Late payment Interest 345440142 09 Nov 25 R 5.12*

Total charges=R679.75",Rejection Fee Dispute,0.97,Outcome pending – DB check required.
1789083,R  ,1/6/2026 15:10,202.7,0.0,ACC,,"Good day 

Customer was charged Rejection fee for November 2025 which she had money in her account but was not debited on the agreed date.
Bank statement is attached.",Rejection Fee Dispute,0.97,Outcome pending – DB check required.
1781560,J  ,12/16/2025 14:15,405.4,0.0,ACC,,"Billing Template
 
Affected Number:
0638703084
Alternative Number:
0814893029
Customers Name:
SamsonMashaba
ID Number:
8101145360085
Billing Arrangement:(If Applicable)
345579400
FA ID Number:(If Applicable)
510592357
What have you tried:
customer is disputing the rejection fee as they had enough funds on 15/10/2025 
Additional Information:
customer is disputing the rejection from 11/3/2025 to 12/3/2025",Rejection Fee Dispute,1.0,Outcome pending – DB check required.
1785058,R  ,12/27/2025 12:16,202.7,0.0,ACC,,"
Customer is disputing the charges  for rejection fee charges,customer account was cancelled, and customer says was not aware of the amount owing, and stating that she did not receive any communication of the charges, or arears  pn the account , the customer contact was not updated for any communiction only updated to day 27/12/2025,  Customer says she did request for the numbers to be converted to prePAID

CELL :0604823398",Rejection Fee Dispute,0.95,Outcome pending – DB check required.
1786110,R  ,12/29/2025 9:43,202.7,0.0,ACC,,"Good day

Kindly assist with credit for rejection fee of November as customer had money on the 25 however debit did not go through. customer is disputing the rejection fee charged",Rejection Fee Dispute,1.0,Outcome pending – DB check required.
1786237,R  ,12/29/2025 13:03,244.0,0.0,ACC,,"Notes: good day

please assist with unblocking customers account until her debit order goes through for December, customer recently did a change of ownership and the account details entered were wrong and her account was suspended in November as the payment did not go through, customer was advised to make payment in November of R449 but she was not advised to make payment for both November and December , customer wants to make payment but she wants the amounts owing for November and December to go off debit order as the banking details were corrected and for the line to be opened as it was not her fault . please note cases 90647774 and 90647856 and 90738068 were also logged to assist customer with payment rejection fees
",Rejection Fee Dispute,0.97,Outcome pending – DB check required.
1786496,R  ,12/30/2025 11:18,202.7,0.0,ACC,,"Customer is disputing the rejection fee, states she was not aware of it",Rejection Fee Dispute,0.99,Outcome pending – DB check required.
1786649,J  ,12/30/2025 15:55,202.7,0.0,ACC,,"Customer had funds on the 29 november but we said the debit got rejected 
 i have credited the debit rejection fee ",Rejection Fee Dispute,0.95,Outcome pending – DB check required.
1789385,J  ,1/7/2026 12:40,249.57,0.0,ACC,,Customers account was cancelled in Oct and thethey were charged payment rejection fee and interest wherelse we billed the customer in Dec 2025. creditted customer 249.57,Rejection Fee Dispute,0.95,Outcome pending – DB check required.
1789250,J  ,1/7/2026 12:46,1.0,0.0,ACC,,"

Incoming call contact tel. no. 0814863635
Notes:
Name:FRANKLIN CULLIS
ID NO:8701205174084
Email address:frankie.cullis@gmail.com
338405958
503660515

cx request to be credited rejection feeR202.70 charge as he was not aware of instruction sent in 10 working days 

cx changed banking details in September  and we debited on the old account ",Rejection Fee Dispute,0.9,Outcome pending – DB check required.
1789475,J  ,1/7/2026 15:55,176.26,26.44,DEB,DCK,"Customer was debited an amount higher then usual instalmnent, customer was  not awere of extra charges, customer is desputing rejection fee",Rejection Fee Dispute,0.95,Outcome pending – DB check required.
1790319,J  ,1/8/2026 11:48,429.12,0.0,ACC,,"customer called saying he upgraded his speed from 200-100mbps to 300-150mbps
 but he was billed the additional clawback of R429.12 so
 the customer dispute to pay the amount of R1767.40 because they added the clawback plus the contract fee t
he customer was told that he is going to pay R1299.01 so i credited the account with R429.12 as he was charged the clawback fee",Rejection Fee Dispute,0.95,Outcome pending – DB check required.
1790525,J  ,1/8/2026 13:01,24664.7,0.0,ACC,,"2/11/2023	Provide	Telkom FlexOn 6 Deal	Samsung Galaxy S22 Ultra 256GB R1299 x 24 Months
2/19/2025	Renewal	Telkom FlexOn 6 Deal	Samsung Galaxy S25 Ultra 256GB Titanium Black + Samsung Galaxy Watch 7 40MM Green R1598 x 24
8/12/2025 	replace order	move the contact to pre-paid 


Samsung Galaxy S22 Ultra 256GB R1299 x 24 Months – paid the device from 
		Start paying 2023/03/01  (Device Subscription Fee 01 Mar 23 - 31 Mar 23 R 1,100.00)
					Instalments = 2023 – March to Des = 10
							2024 -  Jan to Dec  = 12
							2025-  Jan, Feb = 2
							TOTAL instalments = 24

Samsung Galaxy S25 Ultra 256GB Titanium Black + Samsung Galaxy Watch 7 40MM Green R1598 x 24
Start paying 2025/03/01  (Device Subscription Fee 01 Mar 25 - 31 Mar 25 R 1,359.00)
			Instalments = 2025 – March to Aug = 6
					Invoice Sep 2025 = R24462.00 = 18 instalment of R1359.00
							TOTAL instalments = 24

							Invoice Nov 2025 – R24462.00 was duplicated 
",Rejection Fee Dispute,0.95,Outcome pending – DB check required.
1791075,J  ,1/8/2026 15:05,176.26,26.44,DEB,DCK,"
Customer calls in wanted to know if the payment  he made is reflecting on our side and why he been charged R202.70 while he have funds in his acc.... advised custometr that his acc is In Collection since 1/4/2026 with the past due amount of R0.00 and the balance of R651.70....ADVISED customer that the payment of R449.00 does reflects on our side....advised customer to send the POP so that i can assist to disbute the R202.70....customer did sent the POP[however Telkom didnt dipite in the customers acc 
",Rejection Fee Dispute,0.97,Outcome pending – DB check required.
1791079,J  ,1/8/2026 15:18,202.7,0.0,ACC,,gated community client requested the debit order to be removed and the incident logged ref  10601052  as the previous one they said they remove it but its still there amount 202.70,Rejection Fee Dispute,0.95,Outcome pending – DB check required.
1791284,R  ,1/9/2026 10:41,202.7,0.0,ACC,,Good day   Client disputing rejection fees as she had money in the account ,Rejection Fee Dispute,0.97,Outcome pending – DB check required.
1791466,R  ,1/9/2026 15:05,1.0,0.0,ACC,,"


Search

FA_ID
 	









Successful Collected
Partially collected

Collected Amount	
R 2055,81
      
Search_FA      
509775756
Last Successful Date	
2025-12-19
  FA_Number 
509775756
 	Arrears	
R 2055,81
Cus_Names   
Zizipho Vapi
Total Due	
R 3012,32
   
Last Debit Order Rejection Date	
2025-11-01

Rejection Reason	
NOT PROVIDED FOR (EQUIVALENT TO R/D ON A CHEQUE)
All Collections Transactions For The last Three Months
Group	Amount	Action_Date	Status	Latest_Status_Description	Lastest_Status_Effective_Date
Nudebt Debicheck Telkom	2055,81	2025-12-19	Successful	Successful	2025/12/20 00:00:00",Rejection Fee Dispute,0.95,Outcome pending – DB check required.
1791409,J  ,1/9/2026 19:00,229.14,0.0,ACC,,"Billing Case
 
Affected Number:
 0693342764
Alternative Number:
 0726776103
Customers Name:
 JACQUELINENGALO
ID Number:
 8112020762089
Billing Arrangement:(If Applicable)
 341232000
FA ID Number:(If Applicable)
 506286588
What have you tried:
 customer called say they that they did pay the account and she was provided with the paid up letter but now she receive an invoice that they are owing

customer was charged rejection fees

customer did send the attachment pop and paid up letter
Additional Information:
 customer is disputing the bal-229.14
POP sent to TM SOC Billing:
 Yes ",Rejection Fee Dispute,0.99,Outcome pending – DB check required.
1789216,J  ,1/6/2026 20:35,202.7,0.0,ACC,,"The customer was not advised that their debit order had been processed. The customer requested to make their payment via EasyPay, and the debit order for November subsequently failed.

The customer is now disputing the rejection fee. They were informed that their payment would reflect within 12 to 24 hours, but at no point were they advised about the debit order extraction.",Rejection Fee Dispute,0.99,Outcome pending – DB check required.
1789307,R  ,1/7/2026 10:20,210.0,0.0,ACC,,"Good day 

Kindly assist ,on the 05th January customer was debited R1782.00 then later returned into 
customers account , his worry and fraustration is that he will be charged a debit rejection fee
while he had suffiient money in his account . we called Billing department and adviced he should
pay via EFT which he did ,attached on crm is his bank statement and pop",Rejection Fee Dispute,0.95,Outcome pending – DB check required.
1789393,J  ,1/7/2026 13:08,611.7,0.0,ACC,,"The customer dipsutes the suscription charges including debit order rejection fee on this account as they have no knowledge of this service. They have an active Fibre service which they have been using and paying for, their known Fibre service is B630017993",Rejection Fee Dispute,0.97,Outcome pending – DB check required.
1789256,J  ,1/7/2026 14:14,202.7,0.0,ACC,,"Good day
kindly assist me with disputing rejection fee of  R202.70 because telkom tried debitting on the 27th instead of the 24th of December",Rejection Fee Dispute,1.0,Outcome pending – DB check required.
1787974,J  ,1/7/2026 16:48,202.7,0.0,ACC,,rejection fee,Rejection Fee Dispute,0.95,Outcome pending – DB check required.
1790170,J  ,1/8/2026 7:26,202.7,0.0,ACC,,"Affected Number:0685450439

Alternative Number:0660771858

Customers Name: LELAKHE LIYEMA NTSOKWANA 
 

ID Number:0403030649087


Billing Arrangement:344855306
 

FA ID Number:509868892

 

What have you tried:Checked FA Id

 

Additional Information:Customer would like to disputes the rejection fee as she wasn't debited on debit order date.",Rejection Fee Dispute,0.97,Outcome pending – DB check required.
1790244,J  ,1/8/2026 8:56,206.97,0.0,ACC,,"Affected Number:0658941837

Alternative Number:0616681567

Customers Name:Lesego Glenton Dzimbere
 

ID Number:9507035530083


Billing Arrangement:335497229
 

FA ID Number:502049435

 

What have you tried:Checked FA Id

 

Additional Information:Customer would like to disputes
the rejection fee as he had enough funds on his account.",Rejection Fee Dispute,0.97,Outcome pending – DB check required.
1790231,J  ,1/8/2026 9:50,611.7,0.0,ACC,,"OTHNEAL LESLIE GORDON
Customer made a manual payment and a debit order went off again.paid on the 16/11/2025. I checked there are two accounts , one is canceled and the other is active. He is enquiring about the canceled fibre. The reconnection charges were applied on his account. He is requesting a credit as said he paid on time and the money it was not allocated by the Telkom system.

For the other account, customer said has been double debited in Nov 2025 because he was advised to make the manual payment and he paid it for the previous area and was advised it will not be debited for the new area account. He is requesting the chanrges be credited as he paid the fees on the canaceled account and the debit order also went off on his new  fibre account. Charged on the following invoice R-1,026.95

R409+R202.70=R611.70

Once-off charges
Description Service/No Reference Date/Period
Payment Rejection fee 182131485 19 Nov 25 R 202.70Late payment Interest 345639176 24 Nov 25 R 6.25* Subtotal R 208.95


",Rejection Fee Dispute,0.99,Outcome pending – DB check required.
1790375,J  ,1/8/2026 11:30,206.98,0.0,ACC,,"DPA PASSED
Customer calls in wanted to know if the payment  she made is reflecting on our side and whyshe been charged R202.70 while she have funds in her acc.... advised custometr that her acc is Out Of Collection - on Trial with the past due amount of R0.00 and the balance of R485.62....ADVISED customer that the payment of R280.00 does reflects on our side....advised customer to send the POP so that i can assist to disbute the R202.70....customer did sent the POP[however Telkom didnt dipite in the customers acc ",Rejection Fee Dispute,0.97,Outcome pending – DB check required.
1790356,J  ,1/8/2026 12:21,208.75,0.0,ACC,,"Jabu  Hlongwane
Customer made a payment onthe 04/01/2026., said still suspedned and wants to know why. Payment reflecting on account. Has been charged for the debit order rejection fees, and he made the manual payment but on the 18/12/2025, advised customer as it wa his first rejection fees, it is going to be cleared but in future he should make sure there are always funds on the account. 

Payment Rejection fee 264557602 07 Dec 25 R 202.70Late payment Interest 345554893 15 Dec 25 R 6.05*
",Rejection Fee Dispute,1.0,Outcome pending – DB check required.
1790202,J  ,1/8/2026 15:01,203.18,0.0,ACC,,"Affected Number:0671681504

Alternative Number:0768504218

Customers Name: Silas Mojalefa  Dambuza
 

ID Number:8503295753086


Billing Arrangement:343471725
 

FA ID Number:508487107

 

What have you tried:Checked FA Id

 

Additional Information:Customer would like to disputes rejection fee.",Rejection Fee Dispute,0.97,Outcome pending – DB check required.
1781797,R  ,12/17/2025 10:15,202.7,0.0,ACC,,Disputing the rejection fee because customer's account number was incorrectly logged,Rejection Fee Dispute,0.99,Outcome pending – DB check required.
1781835,R  ,12/17/2025 10:47,202.7,0.0,ACC,,"Good day 

can you please assist with crediting an amount of R202.70 which the  customer is disputing.as Telkom went and debited on the 28 NOVEMBER 2025. where as she agrred for the last day of the months

BA:345155038
FA:510168051
CUS ID:242302633 

YOUR ASSISTANCE IN THIS MATTER WOULD BE HIGHLY APPRECIATED.

KIND REGARDS
APELELE",Rejection Fee Dispute,0.97,Outcome pending – DB check required.
1782069,J  ,12/17/2025 15:17,202.7,0.0,ACC,,"Customer is disputing the rejection fee for 11/1/2025 since he had enoung money on his account.
bankstatement attached ",Rejection Fee Dispute,0.99,Outcome pending – DB check required.
1779364,R  ,12/15/2025 15:53,657.0,0.0,ACC,,"Please assist as the customers debit date was changed to last day of the month which she requested that it should be debited on the 15 yet the customer is being charged debit order rejection fees, please refer to the document attached labelled BVS as it shows that upon the application the date which was chosen was on the 15th as proof that the agent did the correct things but somehow the date was set on the last day of the month",Rejection Fee Dispute,0.99,Outcome pending – DB check required.
1781892,J  ,12/17/2025 12:14,202.7,0.0,ACC,,"Incoming call
Contact Phone: 0790335830

Notes: Good day

Can you please assist, customer was charge a R202.70 debit order rejection fee. He cancelled the account and made payment but telkom also made a debit order. Could you please credit customer account with R202.70.

customer name:
customer id:6810245107087
ba:341462532
fa:506514062

Thank you",Rejection Fee Dispute,1.0,Outcome pending – DB check required.
1781534,J  ,12/16/2025 12:45,202.7,0.0,ACC,,"Effected number :  0723401453
Alternative:  0723401453
Name and surname :  BRONWYN-JANE TALJAARD
Id no :  5410220060087
FA ID Number:  503778502
BA :  338623830
What have you tried: I checked on the customers account 
Additional Information:  the customer would like to dispute the rejection fee that she is being charged with since is shows on her banking statement as well that she had enough funds for telkom to debit her account but then the payment did not go through",Rejection Fee Dispute,0.99,Outcome pending – DB check required.
1781997,J  ,12/17/2025 13:54,202.7,0.0,ACC,,"good day 

please kindly assist with this customer 

the custoer has debit order that runs on the 30th of every month 

their debited order for the month of november went on the 29th of which they did not have funds on the account 

the customer is disputing the rejection fees as her debitorder is on the 31st Backout payment 202.70
",Rejection Fee Dispute,1.0,Outcome pending – DB check required.
1782063,J  ,12/17/2025 15:57,260.21,0.0,ACC,,"customer was billed twice in october of which the first month it was a trail 
disputed the reconnection fee and rejection fee",Rejection Fee Dispute,0.95,Outcome pending – DB check required.
1782235,J  ,12/18/2025 8:23,202.7,0.0,ACC,,disputing the rejection fee because cx has already paid,Rejection Fee Dispute,0.99,Outcome pending – DB check required.
1782333,J  ,12/18/2025 9:18,202.7,0.0,ACC,,"Credit Limit
 
Affected Number:
 0692869793
Alternative Number:
0729761196
Customers Name:
 0729761196
ID Number:
 8609030598080
Billing Arrangement:(If Applicable)
 345624242
FA ID Number:(If Applicable)
 510637199
What have you tried:
 Checked on the system, customer's debit date was change without her full consent and customer was debited on a wrong day, customer is now disputing the rejection fees since we debited on a wrong day
Additional Information:
 Rejection fees to be credited. R202.70, check the notes and confirmed with the customer.",Rejection Fee Dispute,1.0,Outcome pending – DB check required.
1782496,J  ,12/18/2025 11:35,260.21,0.0,ACC,,"invoice for 10/21/2025
customer is a pensioner and a good payer//they had an issue with their back and the money that was supposed to be debited was not in the bank on time//they were suspended and made payment as soon as they were notified of the issue//
seeing as this was their fist time missing payment due to the bank issue and their fist time needing to be reconnected please assist in refunding their first reconnection fee//
customer called in the first time around but was not assisted
",Rejection Fee Dispute,0.95,Outcome pending – DB check required.
1782589,J  ,12/18/2025 13:28,202.7,0.0,ACC,,Customer states that she didnot get the Mandate and she is disputing 202.70 stating that the was Money available on the accpunt.,Rejection Fee Dispute,0.95,Outcome pending – DB check required.
1783256,R  ,12/18/2025 17:08,202.7,0.0,ACC,,"AFFECTED NUMBER 0679915236
Hi team 
Hope you are well, Please assist with customer had money on the account and he  was not debited on time and customer is beng charged 202.70 and Please find bank statement as attched and Pease investiagate ",Rejection Fee Dispute,0.95,Outcome pending – DB check required.
1782671,R  ,12/19/2025 10:56,904.2,0.0,ACC,,"Good Day
Hope you well

Customer bank statemnt show debit of R1106.90 however it is not reflecting on fa id customer also did a manual payment of R660 so customer is wanting a reversal of the amount of R1106.90and for the debit rejection fee to be waivered as she claims she was advised to make the paysment but telkom still debited kindly call customer on 0730574332 or 0825756554",Rejection Fee Dispute,0.95,Outcome pending – DB check required.
1783401,J  ,12/19/2025 11:32,202.7,0.0,ACC,,client was billed for a  Rejection fee 234333762 02 Dec 25 R 202.70 and was debited to be billed for a rejection fee,Rejection Fee Dispute,0.97,Outcome pending – DB check required.
1783756,J  ,12/20/2025 10:20,427.93,0.0,ACC,,"

Billing case
 
Customer Query :
Customer was charged a rejection fee but they had sufficient funds in the account
Affected Number:
0694381106
Alternative Number:
0786920460
Customers Name:
Innocentia Gugulethu Landu
ID Number:
9112260615087
Billing Arrangement:
345062288
FA ID Number:
510075387
Additional Information:

Customer was charged a rejection fee 
Bank statement attached 
Payment Rejection fee 167652204 01 Nov 25 R 202.70








",Rejection Fee Dispute,0.97,Outcome pending – DB check required.
1783831,R  ,12/20/2025 12:28,202.7,0.0,ACC,,"Good day
 Please assist customer was charged on the wrong account .Customer was supposed to be debited on nedbank but was charged on capitec .
 Please assist with debit order rejection fee to be credited back to customers account . for the amount of R202.70 X  5 months =(1013.50) 
kind regards",Rejection Fee Dispute,1.0,Outcome pending – DB check required.
1783870,R  ,12/20/2025 15:18,202.7,0.0,ACC,,"Billing Template
Affected Number:0694629535
Alternative Number: 0640710736
Customers Name:   Neliswa Mkhize
ID Number:9707050440081
Billing Arrangement:344541584
FA ID Number:509555693
What have you tried: checked the profile
Additional Information: the customer dispute the rejection fee R202.75 .",Rejection Fee Dispute,1.0,Outcome pending – DB check required.
1786357,J  ,1/3/2026 11:11,205.0,0.0,ACC,,"customer is disputing the rejection fee, customer had enough funds for telkom to debit",Rejection Fee Dispute,0.99,Outcome pending – DB check required.
1787354,R  ,1/3/2026 14:30,608.1,0.0,ACC,,"Good Day 

Can you please assist, customer's deit order is not going off yet the customer has enough funds available for Telkom to deduct. Customer was instore to log a dispute for R608.10 but the dispute was not logged. 
Customer would like to dispute an amount of R608.10 for debit order rejection fees that the client had to pay. 

Affected Number: 0679407207
FA ID: 506566592
BA ID: 341515081

Kind Regards
",Rejection Fee Dispute,0.99,Outcome pending – DB check required.
1787386,J  ,1/3/2026 19:29,202.7,0.0,ACC,,rejection fee,Rejection Fee Dispute,0.95,Outcome pending – DB check required.
1787297,R  ,1/4/2026 13:01,202.7,0.0,ACC,,"Good day 
The customer is disputing the R202.70 as he had enough money to be debited on the account,the statement has been attached and highlighted the day telkom came in to the account wich money was there to be debited
 kind regards",Rejection Fee Dispute,0.97,Outcome pending – DB check required.
1786846,J  ,1/4/2026 13:40,208.38,0.0,ACC,,"
Affected Number:0671885473

 

Alternative Number:0720761126

 

Customers Name: ALUWANI LERULE

 

ID Number:9711106111084

 

Billing Arrangement:344885105

 

FA ID Number:509898691

 

What have you tried:Checked FA Id

 

Additional Information: Customer would like to disputes rejection fee 
as he do not have any mandate",Rejection Fee Dispute,0.99,Outcome pending – DB check required.
1787499,J  ,1/5/2026 9:31,202.7,0.0,ACC,,"affected number: B250027622
contact number:0842638249
ID: 9102050088082
FA: 509786127
BAR: 344772541
more info: cst is charged a rejection fee however she did have funds on her account.
- bank statement attached",Rejection Fee Dispute,0.95,Outcome pending – DB check required.
1787853,J  ,1/5/2026 15:33,202.7,0.0,ACC,,cx confimrs the account was not debited on the 27/12/2025 and has been charged with payment rejection fee,Rejection Fee Dispute,0.95,Outcome pending – DB check required.
1787780,J  ,1/6/2026 10:03,608.1,0.0,ACC,,Customer was not told that in order to avoid paying the rejection fee he needs to pay 10 days prior now that he knows advised him i wll help him with the lat 3 months so the account can be unsuspedned moving forward if he still does not pay he will be laible ,Rejection Fee Dispute,0.95,Outcome pending – DB check required.
1789091,J  ,1/6/2026 11:20,228.9,0.0,ACC,,"Customer wants to know why she received an SMS saying she is owing R228.90 I explained to the customer she was charged a rejection fee (R202.70+ R0.20 late payment interest) and a device insurance band of R13.00. Customer explained that the device insurance was cancelled and it was confirmed to be cancelled.

",Rejection Fee Dispute,1.0,Outcome pending – DB check required.
1789096,R  ,1/6/2026 11:38,202.7,0.0,ACC,,Client refuse to pay rejection fee as she changed her bank and it was still listed on old bank when the previous deduction took place. ,Rejection Fee Dispute,0.97,Outcome pending – DB check required.
1789105,J  ,1/6/2026 12:02,202.7,0.0,ACC,,"Billing Case
 
Affected Number:
0815416868
Alternative Number:
0732221522
Customers Name:
Busisiwe  Constance Mphuti
ID Number:
6512010292082
Billing Arrangement:(If Applicable)
336608276
FA ID Number:(If Applicable)
502761580
What have you tried:
Customer was charged a rejection fee but they had sufficient funds in the account
Additional Information:
Bank statement attached.

POP sent to TM SOC Billing:
Payment Rejection fee 218601946 02 Dec 25 R 202.70

",Rejection Fee Dispute,0.97,Outcome pending – DB check required.
1788959,R  ,1/6/2026 15:05,202.7,0.0,ACC,,"Good day

Kindly assist as customer was debited a rejection fee of R202.70 yet funds were available on her account on day of debit. Backout was on11/1/2025 and on 12/31/2025 she was R861.82.",Rejection Fee Dispute,1.0,Outcome pending – DB check required.
1786898,J  ,1/6/2026 15:21,469.88,0.0,ACC,,"customer is disputig the amount of R469.88 stating she was told on the 3rd of December that he account was uptodate and was provided a balance of RR466 which she paid, advised customer in December she was billed a backout fee of R202.70 and a reconnection fee of R260.21 for a debit order that returned end of November which customer rejected as she did not undestand wht she was debited R885 she did not understand why she was debited that much because she is not getting her monthly statement 
amount of R469.88 credited back to customer's account ",Rejection Fee Dispute,0.97,Outcome pending – DB check required.
1787651,R  ,1/6/2026 15:30,202.7,0.0,ACC,,"Customer was debited an amount of R760.70 instead of R558.00 because a rejection fee of R202.70 was added, howevever there was money in the customers acc and Telkom never debited.",Rejection Fee Dispute,1.0,Outcome pending – DB check required.
1789214,J  ,1/6/2026 20:23,202.7,0.0,ACC,,"Good day

please assist customer was incorrectly billed for payment rejection fee. Customer made a manual payment on the 25th of december and on the 27th of december customer was debited and payment bounced as a result was incorrectly billed payment rejection fee. please assist and reverse incorrect billing as manual payment was made on the 25th of decemver which is the customers payment date thank you ",Rejection Fee Dispute,0.95,Outcome pending – DB check required.
1789269,J  ,1/7/2026 8:59,202.7,0.0,ACC,,reversed 202.70 as customer was not aware of penalty and she cant afford the amount montly,Rejection Fee Dispute,0.95,Outcome pending – DB check required.
1791556,J  ,1/10/2026 11:42,202.7,0.0,ACC,,"Billing Template
 
Affected Number:
 0659277520
Alternative Number:
 0837788402

Customers Name:
  lindokuhle  prince manaba

ID Number:
 8807115688087
Billing Arrangement:(If Applicable)
 344671650
FA ID Number:(If Applicable)
 509685388
What have you tried:
Customer is charged 202.70 penalty fee  and they had funds in bank account . Check crm and it says was debited on the 23 and statement said 20 add statement shows thats still on the 20th there were funds 
Additional Information:
Check statement ",Rejection Fee Dispute,0.95,Outcome pending – DB check required.
1790604,R  ,1/10/2026 14:53,0.01,0.0,ACC,,"Affected no : 0671823372
Name: NONHLANHLA COLEEN MAKHUBU    
ID no:8912130263088
Primary no:0614066481
Email :  nonhlanhlamakhubu278@gmail.com
FA no: 504010083
BA no: 338955287

What have you tried: Check the bank statement all debit her  orders returned on the 29 of November , Bank statement attcahed 
Additional Information: Customer is disputing the rejection fee for November , she said she had enough funds on her account , and Capitec said it Telkom problem
not to debit on the date ",Rejection Fee Dispute,0.99,Outcome pending – DB check required.
1791601,R  ,1/10/2026 16:22,202.7,0.0,ACC,,"Good day 

Please note that customers debit order date is incorrect on the system , and it needs to be set to the 15th of everymonth and not the 31st of everymonth.

Customer wants to refunded the jection fee of R202.70 , as it is not her fault that her debit date is incorrect , unfornately I cannot change the date on the billing profile as it does not give any other dates as options.

Customer is extremely irate and upset

Kind regards",Rejection Fee Dispute,0.97,Outcome pending – DB check required.
1791622,J  ,1/11/2026 9:51,202.7,0.0,ACC,,"Affected Number: 0677101550
Alternative Number: 0672653354

Customers Name: Nkosinathi Mzizi 
ID Number: 7305026083085

Billing Arrangement: 344568627
FA ID Number: 509582736

Customer called to dispute the R202.70 stating that he paid the amount early coz he is having issues with his bank and he wasn't told that he has to pay the 10 days before the debit order day, so now he is charged penalty fees. also asked that we send him debicheck mandate.
",Rejection Fee Dispute,0.99,Outcome pending – DB check required.
1791722,J  ,1/12/2026 10:13,416.72,0.0,ACC,,"Billing Case
 
Affected Number:
0671338531
Alternative Number:
0827181799
Customers Name:
Pfanelo  shireen Nemalale
ID Number:
0107041070080
Billing Arrangement:(If Applicable)
344651046
FA ID Number:(If Applicable)
509664882
What have you tried:
Additional Information:
Customer was charged a rejection fee of 202.70 but they had sufficient funds in the account 
POP sent to TM SOC Billing:
Bank statement attached 



",Rejection Fee Dispute,0.97,Outcome pending – DB check required.
1791896,R  ,1/12/2026 14:56,202.7,0.0,ACC,,"Billing Template	 
Affected Number: 0815181868 
Alternative Number:  0815181868
Customers Name:  PROFFESSOR MTSHALI 
ID Number:  9902036388088 
Billing Arrangement:  340767614
FA ID Number: 505822405	 
What have you tried: I confirmed that the penalty fee is there 
Additional Information: The customer says he called in to change banking details but failed. This resulted in a rejection fee. He would like to dispute it 
",Rejection Fee Dispute,0.95,Outcome pending – DB check required.
1792058,J  ,1/12/2026 16:32,202.7,0.0,ACC,,Customer dispute the d/order rejection fees as she always had money on the bank account for the debi order to go through. ,Rejection Fee Dispute,0.97,Outcome pending – DB check required.
1790638,J  ,1/13/2026 9:12,202.7,0.0,ACC,,"Customer sent an NCC complaint that she had reversed her August payment due to a misunderstanding, than she later made full payment in September an amount of R308. The credit from the payment was regarded as unclaimed funds and the October invoice was rejected.
Customer is now disputing being billed rejection fee in December whereas she had fully paid account in September. As a goodwill gesture a credit of R202.7 will be arranged on the account.",Rejection Fee Dispute,0.95,Outcome pending – DB check required.
1792608,R  ,1/13/2026 14:29,202.7,0.0,ACC,,"Good day, may you please assist assist, customer disputes the debit order rejection fee that has been charged for two months on Dec & Nov Invoice, customers' payment details were set on wrong bank ccount that he came to change but that was corrected later after bring debited on wrong account, he request to be credited for this error",Rejection Fee Dispute,0.97,Outcome pending – DB check required.
1793699,J  ,1/14/2026 8:19,202.7,0.0,ACC,," =the customer is no longer working  but struggles with billing because of rejection fee
= the customer will make sure that she is now up to date with her payment advised of 10 days before debit order date
= the customer is now keeping the benefits ",Rejection Fee Dispute,0.95,Outcome pending – DB check required.
1793737,R  ,1/14/2026 9:20,202.4,0.0,ACC,,Customers account was debited on time and in full but he was still charged a payment rejection fee,Rejection Fee Dispute,0.95,Outcome pending – DB check required.
1793870,R  ,1/14/2026 10:46,202.7,0.0,ACC,,"Good day

Kindly assist with crediting customer the rejection fees for last month which the debit rejected and had money in his account.",Rejection Fee Dispute,0.97,Outcome pending – DB check required.
1793750,J  ,1/14/2026 11:42,1113.5,0.0,ACC,,"customer is disputing debit rejection fees as of Aug 2025 when his bank account was closed. {bank letter attached}

Customer states that he went to the store numerous times  to report the matter and requested for the bank details to be removed from his profile as the debit order still goes off on that account and gets rejected which ends up in additional charges to the account.
 
I advised customer that i am unable to remove the bank details as system does not allow because debit order is compulsory.
 
I requested for new bank details and customer stated that he will continue to pay via portal as he is not comfortable with debit order anymore due to the problems that occurred with his billing.
 
I then advise that he sends me proof that the account has been closed so i can be able to log a dispute for the debit rejection fees
 
Dispute: 202.70 x 5 months
Dispute amount: R1 113.50",Rejection Fee Dispute,0.99,Outcome pending – DB check required.
1790678,J  ,1/14/2026 11:48,462.91,0.0,ACC,,"CHANE FISHER
Customer has a car insurance issue, she said she always left the money and the car insurance debits her account and has canceled it. She is requesting the penalty for Dec 2025 be cleared as she paid the accountmanually.

Reconnection Fees 12 Dec 25 R 260.21
Payment Rejection fee 223679426 03 Jan 26 R 202.70
Total charges =R462.91
",Rejection Fee Dispute,0.97,Outcome pending – DB check required.
1793979,R  ,1/14/2026 12:48,202.7,0.0,ACC,,"Good day

Please assist with crediting the rejection fee of R202.70 customers payment for Dec. Reflected on the 12/25/2025.

Kind Regards
",Rejection Fee Dispute,1.0,Outcome pending – DB check required.
1791073,J  ,1/8/2026 15:03,176.26,26.44,DEB,DCK,"Customer getting paid last day of the month.. account was debited on 29th in November. The last day of the month was on a Sunday.
There were funds available on the 29th.Once off gesture of goodwill was granted, as this was the first debit order rejection on the customer's profile. But the process was explained for future reference.",Rejection Fee Dispute,0.95,Outcome pending – DB check required.
1791204,R  ,1/9/2026 9:47,202.0,0.0,ACC,,"good day,

please assist with customers debit order , customers debit order went out on the 29th 2days before his debit order date and now he is being charged a rejection fee of R202",Rejection Fee Dispute,0.97,Outcome pending – DB check required.
1790407,J  ,1/9/2026 12:48,202.7,0.0,ACC,,DO REJECTION FEES - GIVE CUSTOMER BENEFIT,Rejection Fee Dispute,0.97,Outcome pending – DB check required.
1791404,J  ,1/9/2026 13:44,202.7,0.0,ACC,,"affected number: 0602723300
contact number: 0726446527
ID: 8805150560088
FA: 509616073
BAR: 344602103
more info: cst dispute the rejection fee as she had funds on her account. confirmed balance on bank statement.",Rejection Fee Dispute,1.0,Outcome pending – DB check required.
1791254,R  ,1/9/2026 15:11,769.0,0.0,ACC,,"Good day
Please assist as customer has been charged with rejection fees but there was money in the account.
Bank Statement attached 

Kind Regards
S",Rejection Fee Dispute,0.97,Outcome pending – DB check required.
1790594,R  ,1/9/2026 18:57,1.0,0.0,ACC,,"customer called say they that they did pay the account and she was provided with the paid up letter but now she receive an invoice that they are owing

customer was charged rejection fees

customer did send the attachment pop and paid up letter",Rejection Fee Dispute,0.99,Outcome pending – DB check required.
1790610,R  ,1/11/2026 12:11,202.7,0.0,ACC,,"Good day

Kindly assist as the was money in the account on the 30th but debit order was rejected on the 27th  Dec 2025.
customer is disputing R202.70 REJECTION FEE",Rejection Fee Dispute,1.0,Outcome pending – DB check required.
1791687,J  ,1/12/2026 9:13,205.28,0.0,ACC,,"Billing Case
 
Affected Number:
0659834128
Alternative Number:
0718972331
Customers Name:
Yozelly Seemela
ID Number:
9707140711087
Billing Arrangement:(If Applicable)
344783539
FA ID Number:(If Applicable)
509797125
What have you tried:
Additional Information:
Customer was charged a rejection fee of 202.70 but they had sufficient funds in the account 
POP sent to TM SOC Billing:
Bank statement attached 

Payment Rejection fee 225934611 30 Dec 25 R 202.70Late payment Interest 344783539 01 Jan 26 R 2.58* Subtotal R 205.28
",Rejection Fee Dispute,0.97,Outcome pending – DB check required.
1791708,J  ,1/12/2026 9:56,203.0,0.0,ACC,,"customer made a maual payment on the 4th of nov and her debit date is on the 5th payment refletectv after the debit day but customer was debited again on the 16th of nov an amount of R203
 but when the invoice came out month end customers bill still included rejection fee wich she was the charged R317",Rejection Fee Dispute,0.95,Outcome pending – DB check required.
1791800,R  ,1/12/2026 14:00,202.7,0.0,ACC,,"Wendall  White
0785235700
Customer would like to dispute R202.70 as he had money in his account on the debit date and he then went to pay the oustanding amount. Bank statement attached ",Rejection Fee Dispute,0.97,Outcome pending – DB check required.
1783884,J  ,12/20/2025 18:00,202.7,0.0,ACC,,"MAKHOSI LAZAROS KHUMALO
0728996636
9110125125086
341164271
506218859
customer is disputing the rejection fee charge ssaying there were enough funds when telkom's debit order failed in October 2025
the customer has forwarded pop and there were enough funds in the customers account",Rejection Fee Dispute,0.99,Outcome pending – DB check required.
1783686,R  ,12/22/2025 9:33,202.7,0.0,ACC,,"ood day please assist 

customer was charged rejection fee on the 31-10-2025 deibt order bounced please check on the attachments the customer had funds on her account 

your assistance will be highly be appreciated ood day please assist 

customer was charged rejection fee on the 31-10-2025 deibt order bounced please check on the attachments the customer had funds on her account 

your assistance will be highly be appreciated ",Rejection Fee Dispute,0.97,Outcome pending – DB check required.
1782812,J  ,12/23/2025 10:41,202.7,0.0,ACC,,Customer was charged a rejection fee when there funds in his account and the debit order did not go through,Rejection Fee Dispute,0.95,Outcome pending – DB check required.
1784534,R  ,12/23/2025 12:29,202.7,0.0,ACC,,"Good day 

customer has made a payamne of 202.70 please assist with resuming the lines ",Rejection Fee Dispute,0.95,Outcome pending – DB check required.
1784390,J  ,12/24/2025 10:09,202.0,0.0,ACC,,"Good day

Please kindly assist as the customer is being chargeed rejection fees .

The debit went off 11/29/2025 instead of the last day oif the month .

	Please kindlly advise",Rejection Fee Dispute,0.97,Outcome pending – DB check required.
1784774,J  ,12/24/2025 12:08,405.1,0.0,ACC,,"Customer was advised by the account the rejection fee will be credited 
Customer was advised by Kearabetswe Moletsane

 DN: 0813195601
Date: 10/9/2025 12:33 PM
Agent Name: Kearabetswe Moletsane
Username: moletsk7

View Case: 90703648",Rejection Fee Dispute,0.95,Outcome pending – DB check required.
1786194,J  ,12/29/2025 11:45,202.7,0.0,ACC,,Debit rejection fee due to reflect in January 2026 invoice,Rejection Fee Dispute,0.95,Outcome pending – DB check required.
1786419,R  ,12/29/2025 16:26,202.7,0.0,ACC,,"Incoming call
Contact Phone: 0812378167

Notes: Good day

Please assist with dbeit rejection fee removal due to customer had a debit order for the 15th telkom attempted to do a debit on the 12th customer only recieved her sallery yesterday the 15th and has made a manuel payment witch should reflect in the next 3 busines days, customer was also debited R1556. on the 15 decemebr and has also made a Payment of R1900 today, proof of payment has been attached 

warm regards ",Rejection Fee Dispute,0.95,Outcome pending – DB check required.
1786528,J  ,12/30/2025 12:00,202.7,0.0,ACC,,customer would like to dispute the charges for payment rejection fee that charged last month he say paid the account and telkom debited on 29th which is suppose to debit on 30th and would like to dispute those charges R202.70 ,Rejection Fee Dispute,0.99,Outcome pending – DB check required.
1786644,O  ,12/30/2025 15:31,0.1,0.0,ACC,,"Billing Case	
Affected Number:	0733834926
Alternative Number:	0834401683
Customers Name:	ARSHAD NANA 
ID Number:	8303305044083
Billing Arrangement:	345053818
FA ID Number:	510066917
What have you tried:	I checked on the customers profile for their captured details 
also if there were correct or rectified. I also verified the account details 
On AVS and the account is invalid.
Additional Information:	Customer would like to dispute termination penalties that were charged on their invoice 
As they did not request any termination of their contract. The customers company details were not captured correctly 
Causing an inconvenience of missed debit order and rejection fee charges. 
Customer would like to also have their 0733834926 reinstated.  
Also the customers services have been suspended  since 4/23/2025 and would like a discount on the charges for the benefits 
That they were unable to use thereafter.",Rejection Fee Dispute,0.95,Outcome pending – DB check required.
1786650,J  ,12/30/2025 16:03,202.7,0.0,ACC,,"customer said that they made a payment of R4204.00 on the account on the 30 november while the debit dates is on the 5 so customer was charged debit rejection fees of 202.70 and they don t want to pay 
customer did not pay 10 days before ",Rejection Fee Dispute,0.99,Outcome pending – DB check required.
1785298,J  ,1/7/2026 11:56,202.7,0.0,ACC,,the customer requested for the payment date to be changed from the month of Oct and from the 5th to the 15th but it was only done in Dec so he is disputing the charges of Payment Rejection fee 180160368 07 Dec 25 R 202.70 ,Rejection Fee Dispute,0.97,Outcome pending – DB check required.
1785307,J  ,1/7/2026 15:07,202.7,0.0,ACC,, Customer disputing rejection fee as he asked for change in bank details. Arranged credit R202.70,Rejection Fee Dispute,1.0,Outcome pending – DB check required.
1789483,J  ,1/7/2026 16:32,202.7,0.0,ACC,,"disputing the 202.70 for debit order rejection 7december as her banking details were changed without her knowledge.
banking details were changed to capitec of which customer opened a month ago, but customer only received her salary on FNB.",Rejection Fee Dispute,0.97,Outcome pending – DB check required.
1789491,J  ,1/7/2026 16:44,202.7,0.0,ACC,,"hi
please help credit customer with the amount of R202.70 charged on customer's October invoice for payment rejection, customer had enough money in their bank but telkom's debit order did not go through, customer is complaining as this is not her fault ",Rejection Fee Dispute,0.97,Outcome pending – DB check required.
1789497,R  ,1/7/2026 16:59,202.7,0.0,ACC,,"Good day

Please assist with rejection fee despute as per customers bank statement the was funds on the account but how ever it wasreturned back to his bank.

kind regards 
Emihle Citiza",Rejection Fee Dispute,0.95,Outcome pending – DB check required.
1789507,R  ,1/7/2026 17:23,2070.87,0.0,ACC,,"Good afternoon please assist with billing enquiry. 
Customer has been charged the extra Rejection fee but there was Enough money in the Account when the Debit order went off on the Last day of the month.
Customer is being charged extra R2,070.87  please resolve matter 
",Rejection Fee Dispute,0.95,Outcome pending – DB check required.
1790219,J  ,1/8/2026 8:35,202.7,0.0,ACC,,"customer requested to change the debit date months ago but it was changed on December customer was advised by the agent that they can go and made the payment manual but did not tell the customer about the 10working dys before debit date 
customer made the payment but was still debited on the debit date becouse it was not 10 days before
customer disputing the debit rejection fees R202.70",Rejection Fee Dispute,1.0,Outcome pending – DB check required.
1790312,R  ,1/8/2026 10:24,600.0,0.0,ACC,,"0012255298080
MPHO GIFT MATLOU
  MPHO GIFT MATLOU 
1129 
GAUTENG 
SOUTH AFRICA 

affected BAN :345142365 and 345142366
affected no :0694690901 and 0699270151

customer request to charges thatsn charged on his both account
ause he once made an order on 
for the phone and data sim

but he never recived othose orders
while telkom was trying to debit for something he did have or use and he was credited along the way

now customer is being charged rejection fees and  late charges

so he demans that charges to be clerad cause he never used telkom services

pleaese assist

contact :0607355841",Rejection Fee Dispute,0.99,Outcome pending – DB check required.
1790331,J  ,1/8/2026 10:49,202.7,0.0,ACC,,client was billed for a Payment Rejection fee 128515487 02 Dec 25 R 202.70 and was not told that he will be for rejection fee,Rejection Fee Dispute,0.97,Outcome pending – DB check required.
1790305,R  ,1/8/2026 11:09,202.7,0.0,ACC,,"Good Day 
Kindly please assist in creding the customer with the rejection fee 

Customer states that he had funds on he account on the 27th of December 2025 when the debit order was debited ",Rejection Fee Dispute,0.95,Outcome pending – DB check required.
1790514,R  ,1/8/2026 13:54,202.7,0.0,ACC,,"Good day

Kindly assist as customer has been charged for Debit order rejection fee yet money was in the account. Customre claims they have been experincing Telkom not debiting since the 10th month 2025 but money was in the account. Customer would like her DEbit order rejection fees to be credited into her account.",Rejection Fee Dispute,1.0,Outcome pending – DB check required.
1790585,J  ,1/9/2026 14:13,204.22,0.0,ACC,,"Affected Number: 0695896485 & 0753950415
Alternative Number: 0647032190
Customers Name: Mahlodi Prudence  Ramahuma
ID Number: 0112110248088
Billing Arrangement: 344826094
FA ID Number: 509839680

Additional Information: Customer is disputing the rejection fee as during September, during that period she paid her account R209*3 = R627.00. The customer advises that she was not suppose to be debited due to the fact that she paid her account and made another payment to collections, plus collections also debited the account. 


Charges to be credited: R204.22
",Rejection Fee Dispute,1.0,Outcome pending – DB check required.
1791448,R  ,1/9/2026 14:13,202.7,0.0,ACC,,"Good day team

Please assist with customer account. Customer was debited her monthly bill on the 5th of Jan 2026, but then on the 7th the money was reversed from telkoms side, putting the funds back into her account.Please refund customer for debit order rejection fee.

BAN: 340008267
CMID: 140144146
FA: 505063061",Rejection Fee Dispute,0.97,Outcome pending – DB check required.
1794168,J  ,1/15/2026 7:51,202.7,0.0,ACC,,"issue with amending customer banking info, IT ref logged and customer was charged rejection fee. ",Rejection Fee Dispute,0.97,Outcome pending – DB check required.
1795337,R  ,1/15/2026 11:21,202.7,0.0,ACC,,"Good day

Customer wants to dispute the rejection fee for the 31st of October 2025. The statement shows that account had R604.81 which according to the customer it is more than enough for Telkom to deduct R408.20.
The rejection fee was then added to the December bill.
Bank statement attached",Rejection Fee Dispute,0.99,Outcome pending – DB check required.
1795496,R  ,1/15/2026 13:02,202.7,0.0,ACC,,"Please investigate and credit penalty fee of R202.70 as per funds were available on the 31/12/2025
 Eft Debit Order Insufficient Funds (R1007.93): Telkommobi 
(50859078301186)

The transaction came bank as if there were no funds. I've attached the bank statement on CRM and on Vdocs as proof.",Rejection Fee Dispute,0.97,Outcome pending – DB check required.
1795525,J  ,1/15/2026 15:58,176.26,26.44,DEB,DCK,"Affected Number:0679343380

Alternative Number:0781472996

Customers Name:Kubashini Naicker

ID Number:9109040272080

Billing Arrangement:343952879

FA ID Number:508968001

What have you tried:Customers had enough funds, debit did not go through

Additional Information: customer is desputing rejection fee
 
",Rejection Fee Dispute,0.95,Outcome pending – DB check required.
1795533,J  ,1/15/2026 18:06,202.7,0.0,ACC,,"Good Day

Customer is disputing Backout payment 202.70 as customer made payment and Telkom still debitted account

Regards",Rejection Fee Dispute,0.95,Outcome pending – DB check required.
1796389,R  ,1/16/2026 11:40,1.0,0.0,ACC,,"Customer Name:NKATEKO NGOBENI
affected Number:0658808297
Alternative N.O:0792544028
FAID:510110225
ID N.O:8510080546088
 

Query:
- Bill
 
Resolution:
 -Bill explained
 -Additional usages explained
 -Rejection fee explained
customer is disputing both the below rejection fee , she has shared her bank statement customer has enough funds on the account for Telkom to debit
Account subscriptions & once-off R 202.70
Once-off charges
Description Service/No Reference Date/Period
Payment Rejection fee 165101501 18 Dec 25 R 202.70
Subtotal R 202.70
Total (Charges for Dec 2025) R 
Account subscriptions & once-off R 202.70
Once-off charges
Description Service/No Reference Date/Period
Payment Rejection fee 165101501 18 Nov 25 R 202.70
Subtotal R 202.70",Rejection Fee Dispute,0.97,Outcome pending – DB check required.
1795553,R  ,1/16/2026 12:30,202.7,0.0,ACC,,cust account was debited on 25th instead of last day of month .cust did not budget for that date as his choice debit date is for 31st.customer is disputing the amound of R202.70.your assistance will be highly apreciated thanking you in advance ,Rejection Fee Dispute,0.88,Outcome pending – DB check required.
1792261,J  ,1/13/2026 10:56,202.7,0.0,ACC,,"Name:TYLER ALEXANDER TROMP
ID:0402166224087
Physical Address:44 HEX CT, ATHLONE, 7764, SOUTH AFRICA
Contact No:0750975757
Affected No: 0684218150
FA ID:509896006
Bill Arr:344882420
Cx had eniugh funds to be debited on the 30th of June  30th of August of 31st of October and the 29th of november 
Cx had nly been credited 3  rejection fees
Bank statement attached",Rejection Fee Dispute,0.97,Outcome pending – DB check required.
1792505,J  ,1/13/2026 12:22,212.96,0.0,ACC,,customer paid  account in cash .account was cancelled . credi rejection fee on final account ,Rejection Fee Dispute,0.95,Outcome pending – DB check required.
1792581,R  ,1/13/2026 13:05,202.7,0.0,ACC,,"good day 

kindly assist with removing rejection fee since telkom tried debiting customer on the wrong date .customer agreed on debit order date of the last day of the month but telkom tried debitting on the 25th.",Rejection Fee Dispute,0.95,Outcome pending – DB check required.
1792268,R  ,1/13/2026 14:20,202.7,0.0,ACC,,"Hi,

Kindly assist with debit order rejection fee of 31 Oct 2025 & 31 December 2025, customer was wrongfully charge and want an accredit on her account.",Rejection Fee Dispute,0.97,Outcome pending – DB check required.
1793778,R  ,1/14/2026 9:57,202.7,0.0,ACC,,"Good day
Kindly see this dispute for customer who has been using one bank Capitec since the start of her contract term
Account number: 1640245802
But there was an anomaly whereby the customer's account number was changed, resulting in a missed debit (which will unjustly charge her debit order rejection fees)
All necessary docs and proof to be attached.
Regards
Mbengam",Rejection Fee Dispute,0.99,Outcome pending – DB check required.
1793840,R  ,1/14/2026 9:59,202.7,0.0,ACC,,Kindly assist the customer with 202.70 he was not aware that he must not pay 10 days before if do the manual payment ,Rejection Fee Dispute,0.95,Outcome pending – DB check required.
1794042,R  ,1/14/2026 14:00,202.7,0.0,ACC,,"Good day

Customer wants to dispute the rejection fee for the 31st of October 2025. The statement shows that account had R604.81 which according to the customer it is more than enough for Telkom to deduct R408.20.
The rejection fee was then added to the December bill.
Bank statement attached",Rejection Fee Dispute,0.99,Outcome pending – DB check required.
1794047,J  ,1/14/2026 14:16,176.26,26.44,DEB,DCK,"PDA PASSED
Customer called in saying that she received an sms saying that her line will be suspended due to non payment while she hade a money in her acc but she wasnt debited....advised customer that her acc is In Collection since 1/4/2026 with the past due amount of R169.00 and balance of R543.28.... customer is disputing the R202.70 backout fee....advised customer to m,ake a manual payment of R169.00 and send the pop so that bi can assist to dispute....customer sent and she wasnt debited",Rejection Fee Dispute,0.97,Outcome pending – DB check required.
1794223,J  ,1/15/2026 8:54,202.7,0.0,ACC,,"Customer was debited in Dec and the payment got rejected and customer did have money on the bank account.

Customer to be credited the R202.70 because there was money on the account.",Rejection Fee Dispute,0.97,Outcome pending – DB check required.
1794398,R  ,1/15/2026 12:46,405.4,0.0,ACC,,"Good day

please assist with correcting customer's FA Account as she's been charged with multiple rejection fees that she is not liable for.

Please find bankstatementr attached to shw thjat there were sufficient funds in account.

Thank you in advance",Rejection Fee Dispute,0.97,Outcome pending – DB check required.
1786758,R  ,12/31/2025 11:59,202.7,0.0,ACC,,"Rejection Fee

Dispute Group: Subscription
Credit Reason: Subscription – FA 

Billing Template	 
Affected Number:	 0814410664
Alternative Number: 0814410664
Customers Name:	 Theresa Marais
ID Number : 9509120184081
Billing Arrangement: 338935258 
FA ID Number: 503990054	 
What have you tried: I have checked on the customer's account and saw that yes, she was not debited on the correct date she was debited on the 27th, hence why she is disputing the rejection fee. 
Additional Information: customer wants to check why she was not debited on the 24th because she had funds and yet the debited her on the 27 so she is disputing the rejection amount because she had funds  on the  24th, so i have asked the customer to send me her bank statement she did ",Rejection Fee Dispute,0.99,Outcome pending – DB check required.
1786765,J  ,12/31/2025 12:36,182.61,27.39,DEB,TM_RCDEVINS,"Customer calls in wanted to know why is his acc not been debited while his debite is on last  day of the month....advised customer that his acc is In Collection since 12/5/2025 with the past deu amount of R405.00 and the baalnce of R810.00....Advised customer that the mandate was cancelled sice Telkom didnt find funds on the 29th of Nov....meaning that his acc will be debited by collectors....however customer desputed the R202.70 that was charged on Nov...customer did sent his bank statement,however the error was on our side...advised customer that we are going to despute the R202.70 BACKOUT FEE...and his acc will be credited with R202.70",Rejection Fee Dispute,0.97,Outcome pending – DB check required.
1787072,R  ,1/2/2026 11:21,202.7,0.0,ACC,,"kindly assist me with me with a dispute of R202.70 as the customer was having money in the bank.
please assist me refund the R202.70 chager.
regards
stephen",Rejection Fee Dispute,0.97,Outcome pending – DB check required.
1787079,J  ,1/2/2026 11:41,405.4,0.0,ACC,,"good day, please assist with crediting customer for the backout amount of 202.70 x2, the wrong debit date was selected when creating profile.",Rejection Fee Dispute,0.95,Outcome pending – DB check required.
1787385,R  ,1/3/2026 18:55,658.56,0.0,ACC,,"Good day

customer misinformed regarding cancellation. Was told in store by agent that there would be no final bill. Cease service was done 5/12/2025 and customer was debited end of the month. Customer then reversed money as she was informed there would be no debit. 

Kindly wave final charge and debit order rejection fee.

CMID: 112783797
BAN: 344793408
FA: 509806994",Rejection Fee Dispute,0.97,Outcome pending – DB check required.
1786368,R  ,1/4/2026 11:21,374.44,0.0,ACC,,"Good day ,
please assist customer says shes been having  this problem for quite sometime now.
On the date of debit Telkom dose not debit the account and in her bank account funds are always available and she is always charged for debit order rejection fees ",Rejection Fee Dispute,1.0,Outcome pending – DB check required.
1787320,J  ,1/5/2026 9:24,202.7,0.0,ACC,,"9201305229085
0750520119
42A CARL DAVIES AV 
EERSTERUST X 2 0022 
PRETORIA 


why he has been susdned but he has paid his acount
account has shortflled with R1009..20
customer haassb been billed two rejection fees,,202.70",Rejection Fee Dispute,0.99,Outcome pending – DB check required.
1787577,J  ,1/5/2026 12:16,202.7,0.0,ACC,,Customer was debited on the 29th NOVEMBER 2025 TELKOM claims that the customer did not have any funds on his account but the customer did have sufficient funds on his account as now he is charged an invalid charge of the rejection fee ,Rejection Fee Dispute,0.95,Outcome pending – DB check required.
1787607,J  ,1/5/2026 12:25,1.0,0.0,ACC,,0672104234- Customer would like to cancel due to the rejection fee of 202.70,Rejection Fee Dispute,0.97,Outcome pending – DB check required.
1786388,J  ,1/5/2026 12:43,206.47,0.0,ACC,,customer is disputing the rejection fee as they account was debited the incorrect amount including the event billing wasp services the amount if R206.47,Rejection Fee Dispute,1.0,Outcome pending – DB check required.
1786858,R  ,1/5/2026 12:56,1.0,0.0,ACC,,"Good day 

Kindly note that customer has moved his subcription to prepaid in october month and the customer got billed R202.70 in december month for a subscription he did not have.

please assist with the credit to customer account. 

Kind regards ",Rejection Fee Dispute,0.97,Outcome pending – DB check required.
1787901,J  ,1/5/2026 17:12,202.7,0.0,ACC,,"Customer would like telkom to dispute rejection fee of 202.70
customer had funds on account on the 27th of December 2025",Rejection Fee Dispute,0.97,Outcome pending – DB check required.
1787910,R  ,1/6/2026 7:59,0.87,0.13,DEB,TM_RCPD109,"Customer calls in wanted to know why his acc not been debited...advised customer that his acc is Out Of Collection - on Trial wtith the past due amount of R0.00 and the balance of R373.33...advised customer that he was debited him the amOUNT OF R371.82 by collectors that settled for Jan.....customer metioned that he was over charged...advised customer that he was charged R202.70 for late payment...customer metioned that he had enough funds in his acc..advised customer to send POP of which he did.....advised customer that Telkom didnt debite him in Dec,in this case im going to dispute the charges of R202.70",Rejection Fee Dispute,0.97,Outcome pending – DB check required.
1786401,J  ,1/6/2026 9:02,202.7,0.0,ACC,,"customer requested to change payment date months ago but it was not change.and we debited on the last day of the month while she wanted the 5th
the date was changed in november and customer is disputing the debit rejection fees R202.70",Rejection Fee Dispute,1.0,Outcome pending – DB check required.
1786880,J  ,1/6/2026 9:43,202.7,0.0,ACC,,Customer would loike telkom to dispute rejection fee 202.70,Rejection Fee Dispute,0.97,Outcome pending – DB check required.
1788949,R  ,1/6/2026 10:27,1098.0,0.0,ACC,,"Good day
Please assist crediting customer for her Subscription fees as Our service is disconnecting customer when connected and we tried all the possibilities to assist with the configuration since she got the line but not working still.

Customer was willing to have more services with us but after the experience she had with the data deal disappointed her she cannot continue with us, please assist crediting her.
Customer contact details 0764259778
cindysnyman11@gmail.com",Rejection Fee Dispute,0.85,Outcome pending – DB check required.
1786899,J  ,1/6/2026 15:51,405.4,0.0,ACC,,"Affected Number: 0752081390

 
Alternative Number: 0763806267
 

Customers Name: MOHLAU MALOGADTHLARE

 
ID Number: 8905161155082
 

Billing Arrangement:345621217

 
FA ID Number:510634174

 
What have you tried: Customer is disputing a rejection fee that is charged after Telkom did not receive funds on her account on the 25th. Customer said she asked to be debited on the last
day of the month, that's when she gets paid.


Additional information: Customer is disputing rejection fee


",Rejection Fee Dispute,0.95,Outcome pending – DB check required.
1787797,J  ,1/6/2026 16:56,1621.6,0.0,ACC,,"customer is disputing the rejection feeon the account that he was charged from MAY-DEC 2025,reason is that the had written the wrong banking details on the system so the money was being debited form a wrong bank account which is  6300405276 not 63004053110
R202.70*8months=R1621.60",Rejection Fee Dispute,1.0,Outcome pending – DB check required.
1787942,R  ,1/6/2026 17:19,202.7,0.0,ACC,,"Good Day 

Customer is disputing Telkom debiting her bank account on 31.12.2025 after she made a manual payment that  reflectd on FA on 25.12.2025 and she is also disputing the debit order rejection fee. Customer should not have been debited on 31.12.2025 if maunal payment reflected on 25.12.2025. Please assist with wavering debit order rejection fee customer is being charged for on her January statement.

Thank You,
Awonke",Rejection Fee Dispute,0.97,Outcome pending – DB check required.
1790618,R  ,1/12/2026 10:54,202.7,0.0,ACC,,Customer had funds in their account on the agreed debit date yet Telkom did not deduct the amount. This resulted with the customer being charged a with a rejection fee. Therefore the customer would like to be refunded.,Rejection Fee Dispute,0.95,Outcome pending – DB check required.
1791853,J  ,1/12/2026 12:06,202.7,0.0,ACC,,"Laaiqah  Lorgat
Customer enquirig about the once off payment on her bill. I checked and she has been charged for a debit ordr rejection fees, she said she paid on time and she advised the agent who assisted her that she will pay the account through cash and they shouldn't linke a debit order. She is requestng the penalty be cleared. The payment she made manulayy was of a same a day as of a debit order.  

Backout payment,202.70",Rejection Fee Dispute,0.99,Outcome pending – DB check required.
1791794,R  ,1/12/2026 12:09,202.7,0.0,ACC,,Please assist with crediting the customer the debit order rejection fee according to customer the customer was not informed that if she changes the debiot order date she must make the payment 10 days befire the debit order date or make a manual payment ...,Rejection Fee Dispute,0.97,Outcome pending – DB check required.
1791971,J  ,1/12/2026 14:43,202.7,0.0,ACC,,"Billing Template
 
Affected Number:
 0693604089
Alternative Number:
 0724259236
Customers Name:
 BOIKANYO   MOTHEOGANE
ID Number:
 9510270801086
Billing Arrangement:(If Applicable)
 345561766
FA ID Number:(If Applicable)
 510574723
What have you tried:
 Customer was debited on the incorrect day as they were supposed to be debited on the 25 November 
Additional Information:
Disputing the 202.70 charge added to the bill ",Rejection Fee Dispute,0.95,Outcome pending – DB check required.
1790637,R  ,1/13/2026 8:58,219.0,0.0,ACC,,Customer made an EFT payment on 04/01/2026 but the payment is reflecting as a deposit instead of monthly subscription fee. Can this be rectified please as the customer do not want to be suspended.,Rejection Fee Dispute,0.95,Outcome pending – DB check required.
1792110,R  ,1/13/2026 9:29,202.0,0.0,ACC,,"please assist with crediting customer R202.70 for debit order rejetion customer is unemployed for 4 months now and she already called telkom to let them know that she cant pay at a specific time please see previous cases.

FA 509950879",Rejection Fee Dispute,0.97,Outcome pending – DB check required.
1790650,J  ,1/13/2026 13:24,260.21,0.0,ACC,,customer is unemployeed and was advised to pay 10 business days to advoid  the debit order rejection fee and extra charges ,Rejection Fee Dispute,0.97,Outcome pending – DB check required.
1792520,J  ,1/13/2026 16:54,810.0,0.0,ACC,,"Billing Template
Affected Number:0685363012
Alternative Number:0659242029
Customers Name:Justice Mnguni
ID Number:0008265376080
Billing Arrangement:341340195
FA ID Number:506394473
What have you tried: Checked on the invoice of July,September,October and December
the customer was changered the rejection fee on those months the customer was 
pay using the manual payments option

Additional Information: Customer was making manual payments and being charged 
rejaction fees . Customer did not have knowlege about paying 10 working days
before debit day. Customer will be credited amount of R810 ",Rejection Fee Dispute,0.95,Outcome pending – DB check required.
1797031,J  ,1/17/2026 10:14,492.29,0.0,ACC,,"ISHAN DWARIKAPARSAD
Customer has been charged for the debit order rejection fees and reconnection fees almost every month, but on an invoice for Oct 2025 there was an issue of the funds transfer. He is requesting the chrges be cleared.

Reconnection Fees 30 Sep 25 R 260.21
Payment Rejection fee 178891941 02 Oct 25 R 202.70Late payment Interest 341624305 09 Oct 25 R 29.38*
Total =R492.29",Rejection Fee Dispute,1.0,Outcome pending – DB check required.
1794490,J  ,1/17/2026 10:23,290.98,0.0,ACC,,"Customer called to dispute the charges on the account 

Customer was billed for the month of 10/22/2025 but the lines were only active on the 10th of November 2025
Case was logged on the accout case REF number 90122028 
Notes 
General customer comment
Notes: TIN4134092 and B320004383 credit from 08/10/2025-29/10/2025
845*21/31=572.42
0665206788
Dear Valued Customer Thank you for contacting Telkom Billing enquiries. Please kindly note that your case 90453489 for the disputes has been approved. No usage was found. You will have to wait for the next invoice to see credits. We do apologize for any inconvenience caused. Thank you for contacting Telkom Internet Dispute

!For Internal Use Only! TIN4134092 and B320004383 credit from 08/10/2025-29/10/2025
845*21/31=572.42
0665206788

Customer was then credit on the 12/4/2025 but was charges 202.70 and 260.21 

Calculation 
debit rejection fee 202.70 x 2 10/21/2025- and 11/21/2025-
reconnection fee 260.21 for 11/21/2025

Total =665,61

I will creding the customer the remaining balance of R290.98",Rejection Fee Dispute,0.97,Outcome pending – DB check required.
1797110,R  ,1/17/2026 12:48,202.7,0.0,ACC,,"Rejection Fee

Dispute Group: Subscription
Credit Reason: Subscription – FA 

Billing Template	 
Affected Number: 0659323317
Alternative Number: 0835165768	 
Customers Name:	 goodman mashimbye
ID Number: 7701315422085
Billing Arrangement: 344256021
FA ID Number:	 509270666
What have you tried: I have checked the customer's account saw that the was no payment it shows that Telkom only  tried to debit him the 27 of December not on the 24th
Additional Information: customer says he got an sms stating that his is on collections , so i have checked the customer's account saw that he is having a back out  for December so i have advised with that customer says he did have money on that day but Telkom didn't debit , so i have asked the customer to send his bank statement for December so that i can log a dispute for him, i have also advised the customer with turnaround time e for payments so customer sent his statement Telkom didn't debit him he saw supposed to be debited on the 24 December
	",Rejection Fee Dispute,0.95,Outcome pending – DB check required.
1797392,J  ,1/19/2026 10:21,202.7,0.0,ACC,,"Van Zyl Adele, 0695187653
Customer wanted a balance R542.00 due on 1/15/26. Paid on Sauturday, advisaed about the TAT. Said the bill is high, advised charged for a debit order rejection fees. Said at the guy who assisted them they told him that they are getting manual payment on the 15th monthly. I advised customer i will log a dispute as this was their first rejection fees but on the second one it won't be credieted, and they should cosnsider to change teh debit ordeer date.

Backout payment,202.70",Rejection Fee Dispute,1.0,Outcome pending – DB check required.
1797908,J  ,1/19/2026 17:48,202.7,0.0,ACC,,"Good day, may you please assist , customer was debited on the 29th instead of the last day of the month, she disputes the rejection fee that she has been charged for, may you please assist to reverse the debit order rejection fee",Rejection Fee Dispute,0.97,Outcome pending – DB check required.
1798135,R  ,1/20/2026 11:39,202.7,0.0,ACC,,"Good day

please assist with customer dispute for debit rejection fee R202.70

for month of December the was sufficiant fund on customer account  and we logged a dispute for customer the advised the customer to go request a letter from the bank.

The bank advised that the is no such letter the only provide bank statement as proof.
Reffer to case no:91224869.

Kind regards
Tumelo",Rejection Fee Dispute,1.0,Outcome pending – DB check required.
1795921,J  ,1/20/2026 17:31,202.7,0.0,ACC,,"Affected Number:0684240850
 

Alternative Number:0815637967
 

Customers Name:Xoliswa  Ngidi


 

ID Number:8504060831081

 

Billing Arrangement:333955382
 

FA ID Number:500621569
 

What have you tried:Checked FA ID

 

Additional Information:Customer would like to disputes rejection fee on the 15th of December
she had enough funds on her bank account.",Rejection Fee Dispute,0.97,Outcome pending – DB check required.
1796164,R  ,1/16/2026 7:56,559.56,0.0,ACC,,"



Search

FA_ID
 	









Successful Collected
Partially collected

Collected Amount	
R 559,56
      
Search_FA      
510053048
Last Successful Date	
2025-12-20
  FA_Number 
510053048
 	Arrears	
R 559,56
Cus_Names   
Alexander Adams
Total Due	
R 901,18
   
Last Debit Order Rejection Date	
2025-10-16

Rejection Reason	
NOT PROVIDED FOR (EQUIVALENT TO R/D ON A CHEQUE)
All Collections Transactions For The last Three Months
Group	Amount	Action_Date	Status	Latest_Status_Description	Lastest_Status_Effective_Date
Nudebt Debicheck Telkom	559,56	2025-12-20	Successful	Successful	2025/12/25 00:00:00
Nudebt Debicheck Telkom	559,55	2025-12-19	Successful	Successful	2025/12/19 00:00:00
Nudebt Debicheck Telkom	82,50	2025-10-31	Successful	Successful	2025/10/31 00:00:00
Nudebt Debicheck Telkom	330,00	2025-10-24	Failed	Insufficient Funds - The account does not have sufficient funds available to process the transaction. (Unsuccessful Debit)	2025/10/26 00:00:00

Customer was debited twice in december but only one payment is reflecting",Rejection Fee Dispute,0.95,Outcome pending – DB check required.
1796198,R  ,1/16/2026 9:21,202.7,0.0,ACC,,"Good day, I trust you're doing well and that you're in good health kindly please assist with the following matter. The customer has been charged for a debit order rejection fee for the month of December. The customer had sufficient funds in her account on agreed deebit order date. Telkom was in the customers' account for debit order but it didn't go through for some reason. Customer then got an SMS month end stating that her debit order rejected and then she made a manual payment to avoid suspension. Kindly please justify this customers' FA as it wasn't her fault that Telkom didn't debit her account. Attached in attachements is a statement proving the customer had sufficient funds on agreed debit order date.

Thank you for your assistance in this matter.

Kind regards.
William",Rejection Fee Dispute,0.97,Outcome pending – DB check required.
1796340,J  ,1/16/2026 11:06,202.7,0.0,ACC,,"customer is disputing the debit rejection fees on their account,customer send statement that shows that they had money on the 31 december 2025 
Payment date has been updated to 20th eac month
the amount is 
Backout payment R202.70 
Reconnection Fees R260.21
Late payment Interest - 6.72

",Rejection Fee Dispute,1.0,Outcome pending – DB check required.
1796985,J  ,1/17/2026 9:32,202.7,0.0,ACC,,"Customer missed a debit order in December, she put money into her bank account & it was deducted again on the 31/12/25.
On the 15/01/26, there was a debit order rejection from her bank account & she doesn't understand why.

Advised the customer that Telkom deducted R348.50 on the 15/01/26 & there were no sufficient funds from her bank account.

Customer thought because there money was successfully deducted in December, there would be no penalties.

It's the customer's first debit order rejection.
",Rejection Fee Dispute,0.95,Outcome pending – DB check required.
1797015,J  ,1/17/2026 11:08,202.7,0.0,ACC,,"good day 

customer is disputing the rejection fees Payment Rejection fee 211034522 04 Jan 26 R 202.70

the customers debit order is on the 31st

the customer got debited on the 31st and money was taken out of their account 

the customer received an sms stating that their debit order was reversed but they had funds on their account 

the customer is dusputing the rejection fees and wants to be credited 

thank you ",Rejection Fee Dispute,1.0,Outcome pending – DB check required.
1797097,J  ,1/17/2026 12:37,176.26,26.44,DEB,DCK,"Affected Number: 0698469905
Alternative Number: 0767629779
Customers Name: XOLILE MNYALITI
ID Number: 8005295337084
Billing Arrangement: 345261278
FA ID Number: 510274235
What have you tried: the cx had enough funds in  december  for debt of  539 ,  but for some reason it backout and now jan invoice cx was charged the rejection fee of 202.70 , cx is disputing the payment  and needs this money to becredited back 
Additional Information:
Agent ID: sibekot2",Rejection Fee Dispute,0.97,Outcome pending – DB check required.
1789240,R  ,1/7/2026 10:34,202.7,0.0,ACC,,"Rejection Fee

Dispute Group: Subscription
Credit Reason: Subscription – FA 

Billing Template	 
Affected Number: 0681413726 	 
Alternative Number: 0787897769
Customers Name: UNARINE MADULA 
ID Number: 9909030536083
Billing Arrangement: 345698742
FA ID Number: 510711699 
What have you tried: Customer was debited on the 12/27/2025 instead of the 12/24/2025. This made the customer to be charged the penalty fee of R202.70. Customer will be credited the R202.70	 
Additional Information: The invoice was written- Bank account to be debited with R 668.00 on 24 Dec 2025.",Rejection Fee Dispute,0.99,Outcome pending – DB check required.
1789366,J  ,1/7/2026 11:42,202.7,0.0,ACC,,customer dispute the rejection fee that is charged because we debited her on the wrong date,Rejection Fee Dispute,1.0,Outcome pending – DB check required.
1789388,J  ,1/7/2026 12:48,202.7,0.0,ACC,,The debit order date was originally requested to be on the 05th of  the month however on the system it was captured as the last day of the month. The debit order date was corrected on the 18 Dec 2025 as the customer was not getting any joy from the call centre to have this rectified. Kindly reverse the debit order rejection fee as the customer was not liable for these charges. Customer has been advised to pay the current amount and the R509 will be debited on the 5th of February 2026.,Rejection Fee Dispute,0.99,Outcome pending – DB check required.
1786924,J  ,1/7/2026 14:24,202.7,0.0,ACC,,"customer is disputing debit rejection fees , he states that he paid via EFT ON 25TH DEC, ON THESYSTEM SHOWS CASH PAYMENT DATED 27TH
Debit order went offon 28th and got rejected

Dispute : 202.70",Rejection Fee Dispute,0.99,Outcome pending – DB check required.
1786926,R  ,1/7/2026 14:44,202.7,0.0,ACC,,"customer made manual payment on 25/12/2025, his account was debited on 27/12/2025, customer disputing debit order rejection fee on Jan 2026 invoice as the money he paid had already updated by the 27th",Rejection Fee Dispute,0.97,Outcome pending – DB check required.
1787981,J  ,1/7/2026 22:00,202.7,0.0,ACC,,"Affected Number:0815305930
Alternative Number:0815305930
Customers Name:KAMOGELO MATHEBA
ID Number:9502130464080
Billing Arrangement:345033923
FA ID Number:510047044
What have you tried:amount of R-405.40  Justified Dispute 12/8/2025 was didputed for 2 months
Additional Information:Customer took 10Mbps LTE All Hours Basic Deal last year,Customer then returned the router to the store within
 the 7 days period since she did not have coverage  but she was debited for something that she did not use and requested a refund of which they did refund her. 
But now customer wants the backout fee to be also disputed. customer is requesting to Dispute the R202.70 for 3 months. since 2 months was already disputed i then disputed the R202.70
for the third month
",Rejection Fee Dispute,0.99,Outcome pending – DB check required.
1790499,R  ,1/8/2026 12:33,202.7,0.0,ACC,,"On the 2On the 27th of December, customer had an amount of R776.05 on her bank account and telkom attempted to debit an amount of RR599.00 which backedout.

Therefore, i am disputing the rejection fee as customer had more than enough for telkom to debit.
",Rejection Fee Dispute,1.0,Outcome pending – DB check required.
1790209,R  ,1/8/2026 17:06,202.7,0.0,ACC,,"Good day kindly assist with waving off the 202.70 extra charges as the payment managed to be debited by
Telkom in December 2025 and customer cancelled her contracts few months back please update customer FA please.",Rejection Fee Dispute,0.95,Outcome pending – DB check required.
1791123,J  ,1/8/2026 19:45,202.7,0.0,ACC,,"Billing Template 
Affected Number: 0670132441
Alternative Number: 0763240846
Customers Name: Mimi  Malang
ID Number: 7705020422082
Billing Arrangement: 336628311
FA ID Number: 502781615
What have you tried: checked the payment on CRM the payment is showing
Additional Information: assist the customer with the credit once off of the rejection fee 
because they made a payment before the debit date
",Rejection Fee Dispute,0.95,Outcome pending – DB check required.
1791360,J  ,1/9/2026 12:01,202.7,0.0,ACC,,"good day 

please kindly assist with this customer 

Payment Rejection fee 177228626 02 Dec 25 R 202.70

the customers wanted to change bankig details and the consultant did not do it 

therefore we continued to debit on the closed account with the customer getting rejection fees ",Rejection Fee Dispute,0.99,Outcome pending – DB check required.
1791551,R  ,1/10/2026 11:13,606.0,0.0,ACC,,"Good day 
kindly assist with debit order rejection fees on fa 510456266 ba 345443308 customer is disputing debit order rejection amounts charged for september october an december 2025, customer had sufficient funds in her account, please find attched bank statement for the last 6mnths affected number 0754024586
kind regards",Rejection Fee Dispute,0.99,Outcome pending – DB check required.
1791771,J  ,1/12/2026 10:56,226.03,0.0,ACC,,customer is disputing the rejection fee and late payment fee,Rejection Fee Dispute,0.99,Outcome pending – DB check required.
1791797,J  ,1/12/2026 12:52,202.7,0.0,ACC,,"
Incoming call contact tel. no. 0109030899081
Notes:
Name:N precious Raphalalani
ID NO:0109030899081
Email address:raphalalaniprecious@gmail.com
509641029
344627059
Customer made manual payment prior in December and wa not advised that has to pay 10 working days prior debit order 

customer is disputing this rejection fee charge 202.70",Rejection Fee Dispute,0.97,Outcome pending – DB check required.
1794349,J  ,1/15/2026 9:33,176.26,26.44,DEB,DCK,"customer was not awre they will be debited on 27/12/2025, customer is desputing rejection fee",Rejection Fee Dispute,0.95,Outcome pending – DB check required.
1795215,R  ,1/15/2026 10:06,202.7,0.0,ACC,,"Good day

Please kindly waiver the debit order rejection fee of R202.70 as the customer had more than R1000.00 in her bank account however the R85.00 didn't go off.
See attached bank statement",Rejection Fee Dispute,1.0,Outcome pending – DB check required.
1795502,R  ,1/15/2026 13:42,211.25,0.0,ACC,,"Good day

Can you please assist to credit customer that had a debit order go off on the 27/12/2025, but the agreed date is the end of the month,which was meant to go off the 31/12/2025, an amount of R202.70 debit order rejection fee including a late payment interest of R8.55 making a total of R211.25",Rejection Fee Dispute,1.0,Outcome pending – DB check required.
1794423,J  ,1/15/2026 19:38,14960.0,0.0,ACC,,"Contact Phone: 0724025994  CREDIT MEMO ON ATTACHMENT

Notes: Good day, please as per case no 89753221 resolution. Please can an amount of R440 charged as device obligation/carry over be reversed. It is now a duplicated charge since the customer is paying for the same device on number 0724025994.  The replace offer was done to correct the deal provided with renewal on 07 August 2025 where system was only charging for the sim only instead of R549 which was the deal subscription fee",Rejection Fee Dispute,0.95,Outcome pending – DB check required.
1796259,R  ,1/16/2026 10:23,405.4,0.0,ACC,,"Good day 

Kindly assits, customer changed the debit date on the 22 october 2025, from capitec to nedbank, and its not deducting, customer is desputing the rejection amount.  kindly assists.",Rejection Fee Dispute,0.95,Outcome pending – DB check required.
1794616,R  ,1/21/2026 15:47,202.7,0.0,ACC,,"Good Day.
Can you please assist in reversing the R202.70 for the client did pay on time just dont know why they have charged the customer a rejection fee.
Billing Arrangement 335488101
Financial Account  502040307",Rejection Fee Dispute,0.99,Outcome pending – DB check required.
1798016,J  ,1/21/2026 16:09,202.7,0.0,ACC,,"Customer explained that when she downgraded she was advised that she must be on debit order but someone's else's banking details were captured so she keeps getting charged a rejection fee but she pays before the debit order date.

The previous invoices have been credited.

Payment Rejection fee 120717219 13 Nov 25 R 202.70

",Rejection Fee Dispute,0.97,Outcome pending – DB check required.
1799015,R  ,1/22/2026 13:39,600.0,0.0,ACC,,"Good day 

i hope you are well
kindly refer to case 90740572  

it states ""contacted customer on 0837232609
advised customer that the amount that has been charged as a rejection fee was reversed and we have re-instated teh debit order"" 

i have checked on the collection system and the collection failed on the 19.12.2025 (reason no such account)

customer advised me that when he was called there was a debicheck done and he went to the bank to approve it (however i cannot see the approved mandate).
the case also said that the rejection amount will be reversed but it still hasnt reversed.
kindly  credit the customer as per the case 

furthermore customer is irate that this is happening to him every month. 
please note i only recieved an email from the customer, i havent spoke to him in person.
kindly assist in verifying if customer will be debited end of this month?
if not what is the way forward when the debit order was re instated as per case 90740572.

kindly contact the customer and advise him the outcome of this case.

Regards
Cherise",Rejection Fee Dispute,0.95,Outcome pending – DB check required.
1799203,R  ,1/22/2026 17:32,202.7,0.0,ACC,,"Good day.

I trust that you are well.

Please kindly assist with the folllowing matter.

Customer had enough funds in his bank account but the debit order did not go through.Customer had R1029.19 in his account and the debit was for R169.00

Please do not charge customer 202.70 on his next bill.

The bank statement is attached as proof.

Please call customer with feedback on 0722895694

Kind regards 
Jade Reddy",Rejection Fee Dispute,0.95,Outcome pending – DB check required.
1799488,R  ,1/23/2026 14:09,202.7,0.0,ACC,,"Good day, Please see attached customer was penalised a 202.70 but fund were available on account and telkom did not deduct.",Rejection Fee Dispute,0.95,Outcome pending – DB check required.
1799901,J  ,1/24/2026 11:45,202.7,0.0,ACC,,"Rejection Fee

Dispute Group: Subscription
Credit Reason: Subscription – FA 

Billing Template	 
Affected Number: 0670698501 	 
Alternative Number: 0670864949
Customers Name: Lorenzo Dunn
ID Number: 9108295113080 
Billing Arrangement: 339366240
FA ID Number: 504421035
What have you tried: Customer was not debited on the 12/27/2025. Customer had enough money on the account and was charged rejection fee.
Additional Information: Bank statement attached.",Rejection Fee Dispute,0.97,Outcome pending – DB check required.
1799618,R  ,1/24/2026 11:45,202.7,0.0,ACC,,"Rejection Fee

Dispute Group: Subscription
Credit Reason: Subscription – FA 

Billing Template	 
Affected Number:	0814755178
Alternative Number:0722708284
Customers Name:	 THOKOZILE JOHANNA SIBANYONI
ID Number: 7606270336081
Billing Arrangement:345102871
FA ID Number:510115978 
What have you tried: I have checked the account customer made that manual payment then again, she was debited on the 27th and customer revised the amount that was debited on the 27th
Additional Information:	customer saying she was called in December the 24th she wanted to make a manual payment so the agent advised her that she must make a payment via the EFT Reference number it will be updated to her account within  4 hours so she made that payment again she was debited on the 27th she reversed the money customer was allocated with a back out on the 12/31/2025 , so customer is disputing  the rejections fee because she was advised by the agent to make that payment on her debit date",Rejection Fee Dispute,0.97,Outcome pending – DB check required.
1799429,J  ,1/24/2026 12:19,202.7,0.0,ACC,,"Affected Number : 0678268688

Alternative Number : 0676513084

Customers Name : SINETHEMBA JAMA

ID Number : 0112070781086


Billing Arrangement : 345622456


FA ID Number : 510635413

What have you tried : Checked the customer's profile and advised of the billing on the profile, as well as why the charges are correct.
Checked Debicheck mandate tool for an approved mandate and picked up that the customer has an approved mandate.

Explained to the customer that as she has made a payment of R250.00 on 1/23/2026, she needed to have paid 10 days before her debit order date, so she should expect a debit order on 31 January 2026.

Additional Information : Customer has incurred a late fee due to a back out that has occurred for the December 31st debit order that was rejectd on 1/3/2026.

The customer was advised that she needs to get confirmation from her bank that the debitorder rejection is not due to an error on their end and that Telkom is at fault for not debiting from th customer's bank account, and that only once she as the confirmation can the rejection fee be disputed.

The customer could not get any confirmation letter from her bank regarding the rejected debit order, but she provided a bank statement that showed that she had sufficient funds in her account on 11/29/2025 when we were supposed to have debited an amount of 268.00, however it then reflected that the customer had insufficient funds in her bank account.

Credited the customer via a justified dispute for the 12/1/2025 backout.",Rejection Fee Dispute,0.95,Outcome pending – DB check required.
1798095,J  ,1/20/2026 9:12,202.7,0.0,ACC,,"Customer would like telkom to dispute rejection fee of 202.70
customer says she was  not advised to paying 10 days before  debit order.",Rejection Fee Dispute,0.97,Outcome pending – DB check required.
1794568,R  ,1/20/2026 10:23,202.7,0.0,ACC,,Customer changed banks in september but was getting debited on both bank at the same time so he reverse money on one bank as he hwas debited from the new bank the same amount now he is charged a debit rejection fee,Rejection Fee Dispute,0.95,Outcome pending – DB check required.
1798222,J  ,1/20/2026 15:05,202.7,0.0,ACC,,"BoitshokoTshabile
0783993123
Customer disputing debit order rejection fee, customer changed banking details in Oct and was advised that first debit order will be Dec. However banking details were not dded on the syten Dec customer was still debited on old account and not Standard bank. Customer didputing charges ",Rejection Fee Dispute,0.97,Outcome pending – DB check required.
1798175,J  ,1/20/2026 16:17,202.7,0.0,ACC,,"Customer disputed R202.70 Telkom debited on the 27.12.2025 customer had funds and there is no dispute on customer account 
Bank Statement attached ",Rejection Fee Dispute,0.97,Outcome pending – DB check required.
1798477,J  ,1/20/2026 18:58,405.4,0.0,ACC,,"Customer dispute the amount billed for rejection fee for 3 months as she state that she went to the Telkom shop in fourways and Sinini assisted
in her request to update banking detail on the 6 October 2025 from Nedbank to Capitec.
She was tol that the update was done but was debit on the Nedbank account with resultan in the rejection.

she went back in Novemeber to follow up and was told by Sinini that the details were loaded on the account, and again the debit order went fron Nedbank account same as december 2025 resulting in suspension for three months.
the details were only update this month to the correct ons and customer want the rejection to be corrected as she state it was telkom fualtby not updating as requested.",Rejection Fee Dispute,0.95,Outcome pending – DB check required.
1798518,J  ,1/21/2026 9:23,462.91,0.0,ACC,,The customer's bank account was hacked and all her funds were taken by scammers. The customer disputes the reconnection fee and the rejection fee.,Rejection Fee Dispute,0.95,Outcome pending – DB check required.
1798336,R  ,1/21/2026 11:57,404.5,0.0,ACC,,please credit customers account with R404.5 customers account was never debited even though his debit order was activated so ever since last year up untill november 2025 his account was starting to be debited and is now being charged rejection fee,Rejection Fee Dispute,0.97,Outcome pending – DB check required.
1798687,J  ,1/21/2026 14:06,405.4,0.0,ACC,,"Affected Number:0814684276
Alternative Number:0647754210
Customers Name:Billy Lloyd Mathebula
ID Number:8504295782083
Billing Arrangement:345310732
FA ID Number:510323689
What have you tried:Checked on customer account was charged with rejection fee on
November and January .
Additional Information:Customer is being debited on the 1st instead of Last day
of the month then debit order rejects
 
POP sent to TM SOC Billing:Yes
",Rejection Fee Dispute,0.95,Outcome pending – DB check required.
1798348,J  ,1/21/2026 14:33,202.7,0.0,ACC,,rejection fee,Rejection Fee Dispute,0.95,Outcome pending – DB check required.
1798601,J  ,1/21/2026 14:34,202.7,0.0,ACC,,"affected number: 0694833790
contact number: 0603966051
ID: 7710106227082
cst name: Nkosinathi Mahlangeni
FA: 509004438
BAR: 343989343
more info:  The cst had funds on his account however he was still charged a rejection fee.
- bank statement attached.",Rejection Fee Dispute,0.95,Outcome pending – DB check required.
1793709,J  ,1/14/2026 8:35,202.7,0.0,ACC,,"Good Day 

Please note Customer received an invoice that he needs to pay R295.00 
because it was still picking up a manual and debit order payment.
later oon the debit order rejected.

now customer is disputing the rejection fee and the shortfall

thank you",Rejection Fee Dispute,0.99,Outcome pending – DB check required.
1793722,J  ,1/14/2026 9:04,202.7,0.0,ACC,,Customer would like to dispute 202.70 payment rejection fee charged for november rejection as she was debited on the 29 instead of the 30th ,Rejection Fee Dispute,0.99,Outcome pending – DB check required.
1792140,R  ,1/14/2026 9:42,202.7,0.0,ACC,,Please credit customer debit order rejection fee. Debit order rejected due to incorrect charged,Rejection Fee Dispute,0.97,Outcome pending – DB check required.
1795450,R  ,1/15/2026 12:25,202.7,0.0,ACC,,kindly assist the customer to credit the 202.70 customer was not aware that he no longer have money in account and is the first time not to payment ,Rejection Fee Dispute,0.95,Outcome pending – DB check required.
1795309,J  ,1/16/2026 11:45,260.21,0.0,ACC,,"Customer called to dispute the charges on the account 

Customer was billed for the month of 10/22/2025 but the lines were only active on the 10th of November 2025
Case was logged on the accout case REF number 90122028 
Notes 
General customer comment
Notes: TIN4134092 and B320004383 credit from 08/10/2025-29/10/2025
845*21/31=572.42
0665206788
Dear Valued Customer Thank you for contacting Telkom Billing enquiries. Please kindly note that your case 90453489 for the disputes has been approved. No usage was found. You will have to wait for the next invoice to see credits. We do apologize for any inconvenience caused. Thank you for contacting Telkom Internet Dispute

!For Internal Use Only! TIN4134092 and B320004383 credit from 08/10/2025-29/10/2025
845*21/31=572.42
0665206788

Customer was then credit on the 12/4/2025 but was charges 202.70 and 260.21 

Calculation 
debit rejection fee 202.70 x 2 10/21/2025- and 11/21/2025-
reconnection fee 260.21 for 11/21/2025

Total =665,61
",Rejection Fee Dispute,0.97,Outcome pending – DB check required.
1796608,J  ,1/16/2026 15:53,202.7,0.0,ACC,,"Affected Number:0676771964
Alternative Number:0699896590

Customers Name:Lamis Buys

ID Number:0306241152082

Billing Arrangement:345483157

FA ID Number:510496115

What have you tried:Checked customer FA and BA , accounthas been cahrged 
with rejetion fee

Additional Information: Customer was not debited on her debit day but she has
been charged with rejection fee.",Rejection Fee Dispute,0.95,Outcome pending – DB check required.
1796837,R  ,1/18/2026 13:16,202.7,0.0,ACC,,"Good day

Could you please assist with credit customer the debit order rejection fee. Customer was charged R202.70 for debit order rejection fee, becouse of insuffient fee while she had enough funds in her bank.

I have attached customers bank statement.

Customer name: Pauline Ewerts
FA:510513103",Rejection Fee Dispute,1.0,Outcome pending – DB check required.
1797366,J  ,1/19/2026 10:45,207.16,0.0,ACC,,Customer is disputing the rejection fee charged for the month of Jan-as per the customer's Bank Statement funds were sufficient.,Rejection Fee Dispute,1.0,Outcome pending – DB check required.
1795863,R  ,1/19/2026 13:56,202.0,0.0,ACC,,"Good day 
The customer was charged a debit rejection fee on which she did pay the account in store.
",Rejection Fee Dispute,0.95,Outcome pending – DB check required.
1800001,R  ,1/25/2026 12:52,1800.0,0.0,ACC,,"Good day team 

Can you please assist with customer account as csutomer account was in collection on FA 503939629 and was told that it woukld be handed over to collections customer however couldnt wait for collections and made manuel payment which in turn unsuspended his account but as of last night customer bank account was debited again from collections and took a R1700+- . Customer wants to know why the information was not sent to collections that he made manuel payment and that collections do not have to debit his account again. And customer would also like to be credited a R202.70 rejection fee which will be a result of the collections taking money from his account last night.

Please contact and provide customer with feedback 0636386151

Customer name: Maslamani Pather
Customer iD: 104429769
BA: 338884833
FA: 503939629
Service number: 0766876308

reagards",Rejection Fee Dispute,1.0,Outcome pending – DB check required.
1799516,R  ,1/25/2026 13:16,799.0,0.0,ACC,,"Good day
Kindly assist with rejection fees. customer states tha she paid her account but she keeps getting charged R202.70",Rejection Fee Dispute,1.0,Outcome pending – DB check required.
1800018,R  ,1/25/2026 15:01,202.7,0.0,ACC,,Good day Team please assist with a billing dispute as customer state tha she made payment 10 days before the peyment date but she was charged the the rejection fee on R202.70 on her account.,Rejection Fee Dispute,0.99,Outcome pending – DB check required.
1800078,J  ,1/26/2026 9:44,202.7,0.0,ACC,,"custome want to dispute the rejection fee of december advice to send statement to proof 

Last day of the month changed 

customer send statement and it reflect that funds was still on he account ",Rejection Fee Dispute,0.99,Outcome pending – DB check required.
1800331,R  ,1/26/2026 17:45,202.7,0.0,ACC,,customer would like to dispute the first 202.70 for the first backout as she was told her first debit order will be R329 which she was the money she reserved in her account only for telkom to try and debit R856 . customer is refusing to pay the backout fee as she says its not  her fault.,Rejection Fee Dispute,0.95,Outcome pending – DB check required.
1800912,J  ,1/27/2026 7:42,202.7,0.0,ACC,,"Customer had funds on the account when they were debited but it rejected and they were charged a rejection fee 
Affected Number:0614063463

 

Alternative Number:0614063463

 

Customers Name:EVA MOTSEPE

 

ID Number: 7208270831086

 

Billing Arrangement:(If Applicable)  340406668

 

FA ID Number:(If Applicable) 505461461

 

What have you tried: Customer sent statement and it was validated 

 

Additional Information: Rejection fee to be disputed",Rejection Fee Dispute,0.95,Outcome pending – DB check required.
1801421,J  ,1/27/2026 8:18,1743.68,0.0,ACC,,"Good day

The credit is for the split billing not allocated in September, October and November and payment rejection fees charged.

",Rejection Fee Dispute,0.97,Outcome pending – DB check required.
1800935,R  ,1/27/2026 12:17,202.7,0.0,ACC,,Customer is disputing a rejection fee that was wrongfully charged on his account since there was money in the account when debit went through on the 27th of December ,Rejection Fee Dispute,0.95,Outcome pending – DB check required.
1802723,J  ,1/27/2026 14:05,202.7,0.0,ACC,,"Customer is querying the debit rejection fee amount that was charged on his bill as the pmt was done already, customer to be dispute the debit rejectionfee amount of R202.70.",Rejection Fee Dispute,1.0,Outcome pending – DB check required.
1801473,R  ,1/27/2026 17:40,211.99,0.0,ACC,,"Good day,

Please assist with disputing the payment rejection fee of R211.99. The customer states he was advised that his first debit will be the end of decemember and not the end of November.

Kind Regards,",Rejection Fee Dispute,0.97,Outcome pending – DB check required.
1801546,R  ,1/28/2026 9:02,202.7,0.0,ACC,,Customer request a credit back of R202.70 for the unpaid debit order of the 29/11/2025 as there was enough funds on the Account from the 26th Nod 2025 to debit the monthly invoice.,Rejection Fee Dispute,0.97,Outcome pending – DB check required.
1798352,R  ,1/21/2026 15:50,202.7,0.0,ACC,,"Good Day.
Can you please assist in reversing the R202.70 for the client did pay on time just dont know why they have charged the customer a rejection fee.
Billing Arrangement 335488101
Financial Account  502040307",Rejection Fee Dispute,0.99,Outcome pending – DB check required.
1798766,R  ,1/21/2026 18:32,202.7,0.0,ACC,,"Billing Template
 
Affected Number:
0753285032
Alternative Number:
0695491906
Customers Name:
SAMKELISIWE SHEZI
ID Number:
9509261226089
Billing Arrangement:(If Applicable)
344797617
FA ID Number:(If Applicable)
509811203
What have you tried:
Checked Customers FA id 
Additional Information:
Customer called in to dispute rejection fee.

I advised the customer we would not be able to dispute as payment was not made 10 working days prior.

Customer requested escalation  as she was told to make manual payment by agent",Rejection Fee Dispute,0.95,Outcome pending – DB check required.
1798801,J  ,1/22/2026 8:47,202.7,0.0,ACC,,"Affected Number:0695718638
Alternative Number:0722542987
Customers Name:Nobuhle Myeni
ID Number:9112290387087
Billing Arrangement:340559327
FA ID Number:505614119
What have you tried:Checked on both customer account was charged with rejection fees.
 .
Additional Information:Customer was debited on the 27th of December instead of the 
25th of December . She states she never received any communication about debit order 
that it would go off on 27th so debit orders rejected.
POP sent to TM SOC Billing:Yes",Rejection Fee Dispute,0.97,Outcome pending – DB check required.
1798859,J  ,1/22/2026 10:18,202.7,0.0,ACC,,"Customer was told that he  was suppose to pay 10 days prior to debit date 

Customer was charged a rejection fee , Customer never has a backout and he thought if he paid early , he was making his account to be up to date ",Rejection Fee Dispute,0.95,Outcome pending – DB check required.
1799229,J  ,1/23/2026 8:14,202.7,0.0,ACC,, client called saying that she was billed for a Payment Rejection fee 121375064 30 Dec 25 R 202.70 but there was money in the account and yet the payment bounced back ,Rejection Fee Dispute,0.97,Outcome pending – DB check required.
1799370,R  ,1/23/2026 11:20,202.0,0.0,ACC,,"kindly wave off the rejection fee on the customers billing ,she had enough funds yet the debit order got rejected bank statement attached on crm",Rejection Fee Dispute,0.95,Outcome pending – DB check required.
1799882,J  ,1/24/2026 10:37,202.7,0.0,ACC,,Customer was charged the amount of R202.70 twice on the 01/01/2026 and 31/12/2025.,Rejection Fee Dispute,0.97,Outcome pending – DB check required.
1799948,J  ,1/24/2026 15:43,202.7,0.0,ACC,,"Affected Number:0699014358

Alternative Number:

Customers Name: MIMI MOTSHWAEDI

ID Number: 7106250771084

Billing Arrangement: 345649121

FA ID Number:510662078

What have you tried: Checked FA ID 

Additional Information: Caller wanted his account to be debited 
on the 25th but that has never been done till this day 
and now he has a rejection fee 

 

 ",Rejection Fee Dispute,0.95,Outcome pending – DB check required.
1799559,R  ,1/25/2026 11:18,202.7,0.0,ACC,,"BAN 344359954
FA 5093744408
Customer was meant to be debited on the 25th December 2025 which was not deducted 
She came into Telkom and queried and was advised to pay the invoice which she duly did 
Telkom tried to deduct after and there was a debit rejection as she said she had gone and paid it 
The customer wants a credit for the R202.70 as it was our own error 

Customer contact 0727743900   ",Rejection Fee Dispute,0.97,Outcome pending – DB check required.
1800055,R  ,1/26/2026 9:26,1.0,0.0,ACC,,"Payment arrangement.

 

Customer Query : Customer would like a payment arrangement.

Affected Number: 0602097370

Alternative Number: 0798888459

Customers Name: Quinten De jonge

ID Number: 0106225170088

Billing Arrangement: 345532023

FA ID Number: 510544980

Status of account:Suspended, active and the account is in collection.

Amount in Collection: R2,930.36

Additional Information:Customer did not agree on the plan, Customer can only afford to pay R2000 inclusive of the subscription fee.

Customer agreed on the plan (30/30/40): Yes
 ",Rejection Fee Dispute,0.95,Outcome pending – DB check required.
1800069,J  ,1/26/2026 9:35,202.7,0.0,ACC,,"Affected number:0817721482
Alternative number:0817647353
ID number:9010195724083
Customer name: MARTIN NICO VAN ONSELEN
FAID: 503907793
BAID: 338852997

Customer called to update banking details to someone elses name  on  19th December 2025 and states they accepted mendate  on their side but we still debited his own account.
Customer disputing rejection fee.",Rejection Fee Dispute,0.95,Outcome pending – DB check required.
1800314,R  ,1/26/2026 15:12,202.7,0.0,ACC,,"Good Day 

Customer is desputing the payment rejection fee for the failed debit order in December. Customer says he did have money in the account. Can you assist and check. Your assistance will be appreciated. ",Rejection Fee Dispute,0.95,Outcome pending – DB check required.
1796345,R  ,1/16/2026 11:12,1.0,0.0,ACC,,"Payment arrangement.
 
Customer Query :
Customer would like a payment arrangement. Because the customer lost the job
Affected Number:
  0683666911
Alternative Number:
  0824647473
Customers Name:
 Senzekile Makhanya
ID Number:
  8210170518085
Billing Arrangement:
  Customer would to pay the reaming amount and customer would only afford R250 per month over a period of 6 month. Customer states would be able to increase amount once employed
FA ID Number:
 509324525
Status of account:
active 
Amount in Collection:
 R5 170.00
Additional Information:
Customer did not agree on the plan, Customer can only afford to pay R250 per month....exclusive of the subscription fee.
Customer agreed on the plan (30/30/40):
No",Rejection Fee Dispute,0.95,Outcome pending – DB check required.
1796462,R  ,1/16/2026 12:59,608.1,0.0,ACC,,please credit customers account with rejection fees customer is being charged with rejection fees incorrectly after he changed his payment date to last day of the month and there was available funds even though they deducted on the 15th but his payment date shoudl actually be last day of the month,Rejection Fee Dispute,0.97,Outcome pending – DB check required.
1797020,J  ,1/17/2026 9:48,202.7,0.0,ACC,,"Affected Number:0817976716
Alternative Number:0817976716
Customers Name: Michael  Havelock Sean Smyrke
ID Number: Customer Id:  6208185125088
Billing Arrangement: 343835435
FA ID Number: 508850611
What have you tried: the customer would like to be credted back the 202.70 as there were available funds on the account 
Additional Information: the customer had enough funds 

",Rejection Fee Dispute,0.95,Outcome pending – DB check required.
1797305,J  ,1/19/2026 9:16,202.7,0.0,ACC,,"Billing Case
 
Affected Number:
0834473327
Alternative Number:
0834473327
Customers Name:
BETHUEL  MANALANDILE  MATEZA
ID Number:
6101315749085
Billing Arrangement:(If Applicable)
334679898
FA ID Number:(If Applicable)
501331827
What have you tried:

Additional Information:
Customer was charged a rejection fee of 202.70 but they had sufficient funds in the account 

POP sent to TM SOC Billing:






",Rejection Fee Dispute,0.97,Outcome pending – DB check required.
1797328,R  ,1/19/2026 9:42,202.0,0.0,ACC,,"Good day 

kindly note that customer was charged R202 for rejection fees however there was money in the customers account kindly assist with crediting customers account.",Rejection Fee Dispute,0.97,Outcome pending – DB check required.
1797843,R  ,1/19/2026 14:51,202.7,0.0,ACC,,"Good day 

I Trust you are well please assist with disputing the R202.70 for the payment rejection fee customer did have enough availlable funds funds on the bankstatement as i proved with my checkings 

Best regards 

Abongile ",Rejection Fee Dispute,0.99,Outcome pending – DB check required.
1795911,J  ,1/20/2026 15:05,405.4,0.0,ACC,,Customer has problems with her bank account advised her i will help her with the last 2 rejection fees however to avoid penalty fees she needs to pay before the 25th however she also mentioned they can change the bank details to her husband account advised they need to go to a store for that ,Rejection Fee Dispute,0.97,Outcome pending – DB check required.
1798177,J  ,1/20/2026 16:54,202.7,0.0,ACC,,rejection fee,Rejection Fee Dispute,0.95,Outcome pending – DB check required.
1798471,J  ,1/20/2026 21:00,202.7,0.0,ACC,,"Customer was not debited but he had money his account. He wants to dispute the rejection fee.

27/12/2025 Eft Debit Order Insufficient Funds (R827.99): Telkommobi 
(51005615601186)
27/12/2025 Eft Debit Order Insufficient Funds Fee Fees -6.00 1 831.98",Rejection Fee Dispute,0.99,Outcome pending – DB check required.
1797998,J  ,1/21/2026 10:59,202.7,0.0,ACC,,the customer made the payment after that was charged for the rejection fees on account ,Rejection Fee Dispute,0.97,Outcome pending – DB check required.
1796939,J  ,1/21/2026 14:30,202.7,0.0,ACC,,"SABA MIHLALI
0784352471
9702096054087
344760746
509774333
customer is disputing the rejection fee charge for failing of december 2025 because there were enough funds in his account in december 2025",Rejection Fee Dispute,0.99,Outcome pending – DB check required.
1802914,J  ,1/28/2026 12:41,210.41,0.0,ACC,,"THABILE GAJU
Customer has been charged for the debit order rejection fees, the account opened in November 2025 and there wa sdispute logged, I advised customer as it is her forst rejection it would be credited but the next time it will not. She made the maunal payment.

Account subscriptions & once-off R 210.41Once-off charges
Description Service/No Reference Date/Period
Payment Rejection fee 263615243 31 Dec 25 R 202.70Late payment Interest 345545520 04 Jan 26 R 7.71*
 ",Rejection Fee Dispute,1.0,Outcome pending – DB check required.
1803030,R  ,1/28/2026 14:10,202.7,0.0,ACC,,"Good day
Kindly assist to clawback the charged rejection fee for the December debit order. Customer made a payment on the 22 December 2025 and the debit order did also went of on the last day of the month and charged them.

",Rejection Fee Dispute,0.97,Outcome pending – DB check required.
1803038,J  ,1/28/2026 15:24,202.7,0.0,ACC,,The cx calls in would like to be assisted wth the payment that she done on the 25th dec and was debited again on the 27th dec 2025 now the cx would like to dispute the 202.70  as she was already done the payment when she was being debited again.,Rejection Fee Dispute,0.95,Outcome pending – DB check required.
1803233,J  ,1/29/2026 9:28,506.27,0.0,ACC,,"Customer is credited for the incorrect device charge and the rejection fee 
There was no delivery for the device 
The contract is cancelled 

View Case: 91336739",Rejection Fee Dispute,0.95,Outcome pending – DB check required.
1803504,J  ,1/29/2026 12:58,202.7,0.0,ACC,,"Billing Case
 
Affected Number:
0813186859
Alternative Number:
 0813186859
Customers Name:
 NKULULEKO TEMBE
ID Number:
 0002265436085
Billing Arrangement:(If Applicable)
 344354094
FA ID Number:(If Applicable)
 509368528
What have you tried:
 CRM
Additional Information:
 Customer is disputing the rejection fee because it there was money in the account

POP sent to TM SOC Billing:
Yes referred to case 91569766",Rejection Fee Dispute,0.99,Outcome pending – DB check required.
1803336,R  ,1/29/2026 14:54,856.0,0.0,ACC,,"Good day 

FA:510759541
Customer ID:105688101,  Boitumelo Ramela,Consumer

Kindly assist the customers account had sufficient funds on the account however it indicates that their was insufficient funds therefore customer requests that they do not get charged the debit order rejection. Bankstatement attached on CRM for proof of the funds. Customer has done a manual payment ",Rejection Fee Dispute,0.95,Outcome pending – DB check required.
1803621,R  ,1/29/2026 17:25,202.7,0.0,ACC,," Billing Template 	
Affected Number:0685404075
Alternative Number:0828481747
Customers Name:BOITUMELO TSHOLOFELO DITLE
ID Number:9712240443086
Billing Arrangement:(If Applicable):345679188
FA ID Number:(If Applicable):510692145
What have you tried:	Customer have payment rejected on the 29/11/2025 and changed a rejection fee of R202.70
Additional Information:	 Customer  did sent thebank statement,customer had fund in the account 
",Rejection Fee Dispute,1.0,Outcome pending – DB check required.
1803834,J  ,1/30/2026 12:28,405.4,0.0,ACC,,"Suspended from 14 January until 30 January 2026.
R139 x 15 days\31= R 67.25
Account credited 2 x debit order rejection fees. 
September 2025 rejection fees R202.70
September 2025 late payment fees R 2.59
November 2025 rejection fees R202.70
November 2025 late payment fees R 0.86",Rejection Fee Dispute,1.0,Outcome pending – DB check required.
1804495,R  ,1/30/2026 16:32,202.7,0.0,ACC,,"Good day 
customer does not understand this 202.70 Telkom did bill customer on the 31st of December can you please assist to waive this 202.70
Many thanks 
Busi Chauke ",Rejection Fee Dispute,0.95,Outcome pending – DB check required.
1804635,O  ,1/31/2026 12:57,202.7,0.0,ACC,,"The customer was due to be debited R209 on 31 October 2025 with a remaining balance of R321 in the Bank Account to which the transaction failed to deduct, resulting in an additional debit order rejection fee of R202.70 on the following months bill in which R662.48 was deducted
Please refer to the attached bank statement for reference",Rejection Fee Dispute,1.0,Outcome pending – DB check required.
1801503,R  ,1/27/2026 9:23,202.7,0.0,ACC,,Good day could you kindly assist with customer as she has cancelled her services 20Mbps cease was done on the 11 Nov but customer has received a backout fee of 202.70,Rejection Fee Dispute,0.95,Outcome pending – DB check required.
1801584,O  ,1/27/2026 11:14,1469.0,0.0,ACC,,"Billing Template

 

Affected Number:

0685073700

Alternative Number:

 0788402056

Customers Name:

 Vusumuzi Lawrence Ndlovu

ID Number:

9304165723088


Billing Arrangement:(If Applicable)

 

FA ID Number:(If Applicable)

 505815447

What have you tried:

 crm

Additional Information:

cx wants to know why he paid 

Subscription & usage for 0685073700 40GB LTE Deal R 1,475.63Subscription services
Description Period
40GB LTE Wireless 01 Dec 25 - 31 Dec 25 R 169.00Device Subscription Fee 01 Dec 25 - 31 Dec 25 R 1,300.00Subtotal R 1,469.00

instead of the normal bill of 

Subscription & usage for 0685073700 40GB LTE Deal R 826.58Subscription services
Description Period
40GB LTE Wireless 01 Jan 26 - 31 Jan 26 R 169.00Device Subscription Fee 01 Jan 26 - 31 Jan 26 R 650.00Subtotal R 819.00",Rejection Fee Dispute,0.95,Outcome pending – DB check required.
1800369,J  ,1/28/2026 11:08,206.05,0.0,ACC,,"Affected number: 0817568912
Customer name:Lungiswa khumalo
ID number:9104100873083
FAID:508787588
BAID:343772386

Customer disputing rejection fee as she has enough funds on her account in december. Bank statemnt sent and customer did have enough funds",Rejection Fee Dispute,0.97,Outcome pending – DB check required.
1802910,R  ,1/28/2026 11:31,2649.63,0.0,ACC,,"Good Day 

The customer was charge R200.02 on the 29th of DEC 2025 rejection fee and the customer had money into his account and the customer is in collection.
 please assist me with locating the payment R649.63 which was deducted on the 23th of January 2026 its not reflecting on the FA. 

 please see the attached document on CRM (bank statement) that show the payments.",Rejection Fee Dispute,0.95,Outcome pending – DB check required.
1803035,J  ,1/28/2026 14:20,202.7,0.0,ACC,,Customer is charged for a failed debited order rejection as there has sufficient funds dispute 202.70,Rejection Fee Dispute,0.95,Outcome pending – DB check required.
1803458,J  ,1/29/2026 12:29,202.7,0.0,ACC,,customer was incorectly charged a rejection fee penalty,Rejection Fee Dispute,0.95,Outcome pending – DB check required.
1803588,R  ,1/29/2026 15:38,202.7,0.0,ACC,,"Good day
Please assist with dispute of debit order rejection fee as there were fund in customers account",Rejection Fee Dispute,0.99,Outcome pending – DB check required.
1798137,R  ,1/20/2026 12:02,202.0,0.0,ACC,,Customer was told by another telkom branch that she can make payment for her account 2 days prior to her debit date which she done but she was still debited on the last day of the month and she didnt have money in her account because she had already made payment. Customer said she cannot be liable to pay the rejection fee because she was told by the telkom consultant that she can pay 2 days before he deibt date and she wont be debited because she has paid . Customer would like the rejection fee cleared off her account because she was given the wrong information,Rejection Fee Dispute,0.95,Outcome pending – DB check required.
1798422,J  ,1/20/2026 16:09,415.37,0.0,ACC,,"Customer Name:ASIVILE CUNGWA
affected Number:0676849803
Alternative N.O:0682564151
FAID:509074720
ID N.O:0208080145088
Query:
- Bill
 customer is disputing the below charged i have checked the bank statement and it attached on CRM
Resolution:
 -Bill explained
 -Additional usages explained
 -Rejection fee explained
Late payment Interest R9.97
Backout payment R202.70 12/18/2025 12:00:00 AM
Backout payment R202.70 11/18/2025 12:00:00 AM

Total R415.37
",Rejection Fee Dispute,0.99,Outcome pending – DB check required.
1798855,J  ,1/22/2026 10:15,202.7,0.0,ACC,,"Nokuthula Mnimi
Customer enquiring about the debit order rejection fees. Customer is receiving a grant, and the debit order date is on the same day of a grant. Advised to change the debit order date, she requested the 10th. Mandate done. She is requesting the rejection fee be cleared 

Account subscriptions & once-off R 206.50Once-off charges
Description Service/No Reference Date/Period
Payment Rejection fee 242182905 07 Jan 26 R 202.70Late payment Interest 345150406 15 Jan 26 R 3.80*

STANDARD BANK
10087254415
051001
savings
thuliemnini26@gmail.com
0839596842
335",Rejection Fee Dispute,1.0,Outcome pending – DB check required.
1799132,J  ,1/22/2026 15:10,202.7,0.0,ACC,,"Customer Name:HLENGIWE MTHETHWA
affected Number:0692056351
Alternative N.O:0790882665
FAID:506469034
ID N.O:8101280341080
Query:
- Bill
 
Resolution:
 -Bill explained
 -Rejection fee explained
Customer dispute the below charge as she has funds on the account, and the Bank statement is attached on CRM.
Once-off charges
Description Service/No Reference Date/Period
Payment Rejection fee 100373979 02 Dec 25 R 202.70",Rejection Fee Dispute,0.97,Outcome pending – DB check required.
1799042,R  ,1/22/2026 12:23,205.72,0.0,ACC,,"Billing Template

Affected Number: 0679169312
Alternative Number: 0764034086/ rosemary.voulgarellis@gmail.com
Customers Name: Rosemary Voulgarellis
ID Number: 5005240017081
Billing Arrangement: 344908258
FA ID Number:509921843
What have you tried: checked the customer's account and it was still open and active and billing was taking place as per the contract's terms and conditions.
Additional Information: Good day, 
I am lodging a complaint in connection with a Debit Order which you have been deducting from my account at Standard Bank, Bay Side Mall, Parklands since September 2025. 
The amount is R219.00 per month 
My mobile number is as follows :0679169312
I went to Telkom at Bayside Mall in Parklands, Cape Town on the 15th September 2025 to cancel my debit order as I was planning to leave South Africa for a few months. 
The cancellation was done on the 15th September 2025 by a gentleman who helped me. 
He did not give me any proof that it was cancelled although 
I had asked him for paperwork of proof that he had indeed cancelled but he confirmed that my Mobile number and Debit Order was cancelled. 
I departed from Cape Town the same day and I am still in Europe until March 2026. 
I find this extremely unprofessional and not acceptable. 
You are deducting money from my account without my permission. 
I am expecting my money to be returned to me immediately 
I am not using the SIM at all. 
Could you please assist me with this matter as soon as possible. 
My full name is
Rosemary Voulgarellis 
My address is D2 Cambridge Court, Mansveldt Rd Tijgerhof, Milnerton 7441 
My ID 5005240017081 
Kind Regards 
Rosemary Voulgarellis 

-Please credit the customer the penalty fee of R202.70 as well as the late payment interest of R3.02 as the last time they used the service was in October 2025, please refer to the invoice for October 2025. The customer will be informed of the balance they will be liable to pay. ",Rejection Fee Dispute,0.97,Outcome pending – DB check required.
1799098,J  ,1/23/2026 9:06,202.7,0.0,ACC,,Customer is fairly new to telkom advised her moving forward she needs to make sure she has funds in her account if not so she will be liable for the rejection fee ,Rejection Fee Dispute,0.95,Outcome pending – DB check required.
1799646,R  ,1/23/2026 14:16,202.7,0.0,ACC,,"FA : 505718082
AMOUNT : R202.70
Please assist with credit for rejetion fees as there was charges on the account",Rejection Fee Dispute,0.88,Outcome pending – DB check required.
1799654,J  ,1/23/2026 14:38,405.4,0.0,ACC,,Customer replaced the rejected debit order and was charged rejection afterwards. Rejection fees creditted. ,Rejection Fee Dispute,0.97,Outcome pending – DB check required.
1799542,J  ,1/24/2026 9:27,212.91,0.0,ACC,,"
customer is disputing the rejection fee because he expected the debit to run on the agreed date when he had funds available",Rejection Fee Dispute,0.99,Outcome pending – DB check required.
1799927,R  ,1/24/2026 14:07,379.0,0.0,ACC,,"Good day please assist with the following. 

Customer is disputing her account and would like to be credited for the amount of R379.00

Customers account backed out at the end of October for the amount of R379.00 and the following month was issued an invoice of R966.49, customer only made payment of R587.49 for the months installement plus rejection fee. 

The balance of that account was now carried over for her January account which has been debited but customer is requested refund of R379 for the month she was billed R966.49.

We have cancelled the contract and she is requested that the credit of R379 be put on the account to cover the final invoice for services.

Please advise

Kind regards",Rejection Fee Dispute,0.95,Outcome pending – DB check required.
1799962,J  ,1/24/2026 18:00,202.7,0.0,ACC,,"Affected Number:0684695645
Alternative Number:0659514205
Customers Name:Samantha Dyer
ID Number:9007220050088
Billing Arrangement:345561967
FA ID Number:510574924
What have you tried:cx is disputing an penalty fee of 202.70 that was charged in never because she was debited on a wrong account after changing banking details in sept the agent only changed on 1 account",Rejection Fee Dispute,0.95,Outcome pending – DB check required.
1799963,J  ,1/25/2026 7:23,202.7,0.0,ACC,,"Billing Template
Affected Number:0685833621
Alternative Number: 0681833200
Customers Name:  Mr. Phiwayinkosi  Nyawo
ID Number:9201255797081
Billing Arrangement:344480070
FA ID Number:509494302
What have you tried: checked the profile
Additional Information: the customer dispute the rejection fee R202.70",Rejection Fee Dispute,1.0,Outcome pending – DB check required.
1800021,J  ,1/25/2026 15:50,202.7,0.0,ACC,,The customer is disputing the rejection fee because they had funds in their account when we came to debit on 20/11/2025,Rejection Fee Dispute,0.99,Outcome pending – DB check required.
1804978,O  ,2/2/2026 12:18,810.8,0.0,ACC,,"Good day

Kindly assist with crediting customer rejection fee for 4x months (Aug 2025, Nov 2025, 22 Dec 2025 & Jan 2026), reason for rejection was due to insufficient funds however as per customer bank statement funds were available, please note that i have checked and these are the only months that we are incorrectly charging customer, the others had been explained to customer and customer doesnt mind paying what she is at fault for however would like to be creditied for the fault on telkom side.
Bank statement attached ref to dispute 
Please mail Willag7@telkom.co.za for any additional docs or info",Rejection Fee Dispute,0.95,Outcome pending – DB check required.
1805093,R  ,2/2/2026 14:39,1.0,0.0,ACC,,"Credit Limit
 
Affected Number:
0693324362
Alternative Number:
0693324362
Customers Name:
SIPHESIHLE  SIBIYA
ID Number:
0104175353085
Billing Arrangement:(If Applicable)
345674317
FA ID Number:(If Applicable)
510687274
What have you tried:
 
Additional Information:
 Customers package is more than his credit limit 

Customer is asking for his credit limit to be reviewed 

Credit limit is 1000 

Customers package - is R 1,366.19
Subscription & usage for 0693324362 Telkom FlexOn 4 Deal R 979.00Subscription services
Description Period
Device Subscription Fee 01 Jan 26 - 31 Jan 26 R 790.00Telkom FlexOn 4 01 Jan 26 - 31 Jan 26 R 189.00Subtotal R 979.00Subscription & usage for 2100597063 Device Insurance R 387.19Subscription services
Description Period
Device Insurance BAND RC 01 Jan 26 - 31 Jan 26 R 387.19Subtotal R 387.19Total (Charges for Dec 2025) R 1,366.19VAT @ 15% included on taxable items R 178.19",Rejection Fee Dispute,0.95,Outcome pending – DB check required.
1805524,R  ,2/3/2026 9:50,202.7,0.0,ACC,,"Good day 
Kindly assist as customer requests a refund on the backout fee of R202.70 as she has money in the account in december but was charged for Insufficient funds 
thank you",Rejection Fee Dispute,0.97,Outcome pending – DB check required.
1805557,J  ,2/3/2026 10:21,202.7,0.0,ACC,,"Good day 

Please kindly assist and not carge customer the R202.70 fee , If you check her FA the amount was already reflecting on the 25th and still she was tried to be debited on the 26th. Thanks",Rejection Fee Dispute,0.97,Outcome pending – DB check required.
1806061,J  ,2/3/2026 15:09,202.7,0.0,ACC,,"Billing Template
 
Affected Number:
0618087611
Alternative Number:
0618087611
Customers Name:
NDUMISO HLATSHWAYO
ID Number:
7701015763085
Billing Arrangement:(If Applicable)
341422348
FA ID Number:(If Applicable)
506473880
What have you tried:
Checked Customers FA id 
Additional Information:
Customer called in to dispute rejection fee as he upgraded once however prices increased twice as one device was added prematurely",Rejection Fee Dispute,0.97,Outcome pending – DB check required.
1806108,O  ,2/3/2026 16:03,202.7,0.0,ACC,,"Good day 

Please kindly assist by not charging the customer with R202.70 as the debit order rejected in December but yet the cutsomer had money in their account.
Kindly view the bank statement attached on the system as proof.
",Rejection Fee Dispute,0.97,Outcome pending – DB check required.
1806538,J  ,2/4/2026 11:50,202.7,0.0,ACC,,"client was billed for a rejection fee and yet had money in the account 
Payment Rejection fee 164325682 04 Jan 26 R 202.70",Rejection Fee Dispute,0.97,Outcome pending – DB check required.
1806593,J  ,2/4/2026 13:20,202.7,0.0,ACC,,"Cx would like to dispute rejection fee of 202.70
Customer had funds ",Rejection Fee Dispute,0.97,Outcome pending – DB check required.
1803375,O  ,1/31/2026 13:04,202.7,0.0,ACC,,"Good Day 

May you please assist with a debit order rejection  dispute  due to the customer came in october 2025 to change her date with me msizak at Telkom Wonderboom  to the last day of the month but seems like the changes did not take effect as we did the change ",Rejection Fee Dispute,0.95,Outcome pending – DB check required.
1804922,R  ,2/2/2026 10:33,202.7,0.0,ACC,,"Good day

Kindly assist as the customer would like to dispute the rejection fee billed in January for December. The customers debit order for December went successfully off on the debit date scheduled the 31.12.2025 however the customer is being billed an amount of R202.70.

Please credit the cutsomer the amount of R202.70

POP attached on the customers profile",Rejection Fee Dispute,1.0,Outcome pending – DB check required.
1804948,R  ,2/2/2026 11:02,202.7,0.0,ACC,,"Credited a customer the R202,70 rejection fee because the customer was debited on the incorrect debit date and the invoice shows that the customer was to be debited on the 26 of Jan",Rejection Fee Dispute,0.95,Outcome pending – DB check required.
1804024,R  ,2/2/2026 11:31,202.7,0.0,ACC,,"Good day

Kindly assist as customers payment rejeted on the 31 December 2025 yet funds over R169 WERE IN THE ACCOUNT. Customer agreed to being debited on the 5th of every month yet she was biiled on the 31st. Kindly rectify the rejection fee as its before its debited.

kind regards",Rejection Fee Dispute,0.97,Outcome pending – DB check required.
1805000,R  ,2/2/2026 12:23,202.7,0.0,ACC,,Kindly assist to credit the balance of R202.70 as the customer had funds available to be debited on the 29/11/2026,Rejection Fee Dispute,0.97,Outcome pending – DB check required.
1805007,R  ,2/2/2026 12:43,202.7,0.0,ACC,,"Good day , Kindly please find attached bank statement , customer had enough funds on  29/11/2025 and she was still charged for payment rejection fee. Please kindly dispute this, customer contact on 0631754179",Rejection Fee Dispute,0.95,Outcome pending – DB check required.
1805029,J  ,2/2/2026 13:00,202.7,0.0,ACC,,The customer advised that he was not told about the debit order rejection fee said that he also had funds to pay now he is disputing the debit order rejection fee,Rejection Fee Dispute,0.97,Outcome pending – DB check required.
1799624,J  ,1/23/2026 14:08,202.7,0.0,ACC,,"Good day customer was disputing a rejection fee as it was the first time in six months of service, how ever R202.70 will be credited to the customer as good will gesture because customer was not notified when they took the contract with us.",Rejection Fee Dispute,1.0,Outcome pending – DB check required.
1799657,R  ,1/23/2026 15:36,202.7,0.0,ACC,,Rejection fee - 202.70,Rejection Fee Dispute,0.97,Outcome pending – DB check required.
1799570,J  ,1/26/2026 9:28,202.7,0.0,ACC,,"client called syaing that she called requesting to cancel the debit order and was told that it was cancelled 
and was not told that client will be billed for a rejection fee 
Payment Rejection fee 236980085 17 Jan 26 R 202.70",Rejection Fee Dispute,0.97,Outcome pending – DB check required.
1800200,J  ,1/26/2026 13:24,202.7,0.0,ACC,,Customer has not mised a payment advised using my discretion because the money came in late advised i will credit the rejection fee howevr in future they need to let us know on time ,Rejection Fee Dispute,0.95,Outcome pending – DB check required.
1800228,R  ,1/26/2026 17:08,202.7,0.0,ACC,,"Good Day 
Trust you are well 

Kindly assist with customer disputing debit order rejection fee as she had funds in her account and was not debited on the 27.12.25 
please find bank statement attached on crm

thank you ",Rejection Fee Dispute,0.99,Outcome pending – DB check required.
1800817,J  ,1/26/2026 16:39,1100.7,0.0,ACC,,"customer was short credited on 90145829
20Mbps LTE All Hours BO-R449*2
Backout payment-R202.70",Rejection Fee Dispute,0.88,Outcome pending – DB check required.
1800818,R  ,1/26/2026 17:03,1.0,0.0,ACC,,"december debit order was belayed then customer decided to make manual payment 
later the customer was charged rejection fee 
customer would like to dispute the rejection fee since the debit order was delayed and had to make a manual payment ",Rejection Fee Dispute,1.0,Outcome pending – DB check required.
1801438,J  ,1/27/2026 9:00,202.7,0.0,ACC,,"client is disputing the rejection fees that was billed since there was money in the account 
Payment Rejection fee 225293595 02 Dec 25 R 202.70",Rejection Fee Dispute,1.0,Outcome pending – DB check required.
1802595,J  ,1/27/2026 10:31,202.7,0.0,ACC,,"affected number: 0659608637
Thabang   Thamaga
9212255501084
thamagamaster@gmail.com
0659608637
10235  Angikatali Street Palm Ridge, Katlehong , 

Customer called to cancel contract, reason due to billing says charged rejection fee resulted in high billing so would rather  cancel ... customer was unaware  of this rule .... also says gets little data on curent plan barely uses mins also so feels its not value for money ....ina n effort to retain  advised can reverse charges but moving forward if such a case happens is liable  .",Rejection Fee Dispute,0.97,Outcome pending – DB check required.
1802615,J  ,1/27/2026 11:43,5600.0,0.0,ACC,,"Summary of Complaint

The customer previously held a FreeMe 3GB Deal contract (MSISDN: 068 175 7233) with a Samsung Galaxy S22 Ultra 256GB. An early upgrade was processed on 30 March 2024 at TDS by user andrewaa (Order Number: 2000130223A).

Telkom was required to continue billing the customer for the previous device at an instalment amount of R560.00 per month, effective from April 2024 until the contract expiry date of 12 March 2025. However, due to an error, the device instalment was not added timeously. As a result, in November 2025, the customer was incorrectly billed a lump-sum device obligation fee of R6,160.00 instead of the monthly instalments.

Resolution

The device obligation fee has been converted to a monthly instalment of R560.00 for 10 months (ITSD Reference Number: 10640172).

An amount of R5,600.00 will be credited to the account.

The remaining R560.00 represents the valid device instalment for the November billing period for the Samsung Galaxy S22 Ultra 256GB.

Contract Details

Deal: FreeMe 3GB

MSISDN: 068 175 7233

Contract Start Date: 13 March 2022

Contract End Date: 12 March 2025

Contract Term: 36 months

Device: Samsung Galaxy S22 Ultra 256GB (Burgundy)

Monthly Subscription Fee: R699.00

Device Instalment Fee: R560.00",Rejection Fee Dispute,0.95,Outcome pending – DB check required.
1802649,J  ,1/27/2026 15:32,202.7,0.0,ACC,,Reversed 202.70 as customer changed banking details and was incorrectly debited,Rejection Fee Dispute,0.95,Outcome pending – DB check required.
1801614,J  ,1/28/2026 9:16,202.7,0.0,ACC,,"Affected Number:0750283163
 
Alternative Number: 0710772432
 
Customers Name: NOMATHEMBA TSHABALALA
 
ID Number: 9202010701087
 
Billing Arrangement: 345174011
 
FA ID Number:510186968
 
Query: Customer stated that she was not debited for November invoice and made a manual payment. Customer is charged for the debit order rejection. Customer is disputing the rejection fee that was charged on their account. 
 
Additional Information: Checked the customer's statement and the customer had enough money when the debit order was suppose to go through however the payment shown an error message saying there's insufficient fees.",Rejection Fee Dispute,1.0,Outcome pending – DB check required.
1800984,J  ,1/28/2026 21:15,202.7,0.0,ACC,,"DORINA  JACOBS
0738177351
6810300249089
0692727438
344667068
509680806
customer is disputing the rejection fee charge because when telkom was debit in november 2025 the debit order failed failed due to unsufficient funds, but the customer has forwarded bank statement and there enough funds in the customers account",Rejection Fee Dispute,0.99,Outcome pending – DB check required.
1803286,R  ,1/29/2026 10:06,898.0,0.0,ACC,,please credit customer account with R898 customer is being charged with rejection fees he requested a change of payment date last year already was never done as requested,Rejection Fee Dispute,0.97,Outcome pending – DB check required.
1803512,J  ,1/29/2026 13:20,202.7,0.0,ACC,,Customer made payment using the wrong ref number he incurred a rejection fee sent him the correct steps on how to make an eft so next time he will be liable for the rejkction fee ,Rejection Fee Dispute,0.95,Outcome pending – DB check required.
1803615,J  ,1/29/2026 16:13,608.1,0.0,ACC,,"CC:91570199:Incorrectly logged to payment not on account  iso payment rejection ,Bank statement attached case relogged-Bongi  0415050013.
kindly assist with the customer biiling account every debit order that is done say insufient funds but the
 customer always has money on her account and this request her to pay by eft and she gets chrged everytime the 202.70 charge",Rejection Fee Dispute,0.95,Outcome pending – DB check required.
1803616,R  ,1/29/2026 16:14,202.7,0.0,ACC,,"Good day

Please refer to case 91558476.
Customers debit order shows it backed out on their account even though there were enough funds to debit.
Please see attached bank statement highlighted the failed payment.
Please assist by disputing rejection fee. Pleasew contact Thabile Khotha - 0676487716 for more information.

Thabile Khotha
ID - 0006210544083
BAN - 345459666
FA - 510472624
Cell no. - 0676487716",Rejection Fee Dispute,0.95,Outcome pending – DB check required.
1800177,J  ,1/26/2026 12:38,202.0,0.0,ACC,,Good day kindly please assist with crediting account for rejection fees agent didnt tell the cust once the debit date is change it take effect the following month hence the rejection,Rejection Fee Dispute,0.97,Outcome pending – DB check required.
1802712,O  ,1/27/2026 13:44,1.0,0.0,ACC,,"Billing Case
 
Affected Number:
 0752412042/0659657736
Alternative Number:
 0679765938
Customers Name:
 NOTHANDO KHWELA
ID Number:
 9210160709081
Billing Arrangement:(If Applicable)
 344092483
FA ID Number:(If Applicable)
 509107545
What have you tried:
 
Additional Information:
 Customer was charge R202.70 which she is disputing the charges....customer wasn't debited ",Rejection Fee Dispute,0.97,Outcome pending – DB check required.
1802794,R  ,1/27/2026 17:31,202.7,0.0,ACC,,"Good day
Please assist customer has been charged R202.70 for debit order rejection for 12/27/2025 the attached statement shows that there was sufficient money in his account 
Regards",Rejection Fee Dispute,0.99,Outcome pending – DB check required.
1802863,J  ,1/28/2026 10:09,202.7,0.0,ACC,,"Good day 

Please not customer is disputing the rejection fee on the account as the account rejected twice in november
and she did pay the penalty fee as on the invoice for one rejection

amount disputed is R202.70

thank you ",Rejection Fee Dispute,1.0,Outcome pending – DB check required.
1802897,R  ,1/28/2026 10:56,1.0,0.0,ACC,,"Payment Agreement

 

Customer Query :

Customer would like a payment agreement

Affected Number:

 0817080211

Alternative Number:

 0823945217

Customers Name:

 Tebogo molelekedi

ID Number:

 8405270618088


Billing Arrangement:

 

FA ID Number:

 505970565

Status of account:

Suspended, and the account in collection

Amount in Collection:

5,247.10  

Additional Information:

Customer agree on the plan, Customer can to pay R1000.00 inclusive of the subscription fee.

Customer agreed on the plan (30/30/40):

 No",Rejection Fee Dispute,0.95,Outcome pending – DB check required.
1801622,R  ,1/28/2026 11:38,202.7,0.0,ACC,,he customer says she was charged the payment rejection fee but the customer says she had transfered money into her FNB account on the 27 December  she says the funds were available on the 29 December  but it was FNB fault she called the bank to dispute the debit fee charged now she wants telkom to credit account  Payment Rejection fee 103882196 31 Dec 25 R 202.70 please find the attached proof of bank statement  please contact customer on 0843032018,Rejection Fee Dispute,0.97,Outcome pending – DB check required.
1803188,J  ,1/28/2026 18:01,202.7,0.0,ACC,,"Customer is desputing the rejection fee of 202.70 charged as the agent advised the customer to reverse the amount debited.

Listened to the called and and the agent did advise customer incorrectly with incorrect information.",Rejection Fee Dispute,0.99,Outcome pending – DB check required.
1803201,J  ,1/28/2026 20:53,202.7,0.0,ACC,,Customer disputes rejection fee billed,Rejection Fee Dispute,0.95,Outcome pending – DB check required.
1803209,R  ,1/29/2026 8:10,202.0,0.0,ACC,,customer was charged rejection fee wrongly,Rejection Fee Dispute,0.97,Outcome pending – DB check required.
1803241,R  ,1/29/2026 10:09,202.7,0.0,ACC,,"The custyomer is not happy that she was charged Payment Rejection fee 106535827 02 Dec 25 R 202.70 
  she says she paid account early in december and telkom idid not debit she wants the amount dredited ",Rejection Fee Dispute,0.97,Outcome pending – DB check required.
1804749,J  ,2/1/2026 13:20,202.7,0.0,ACC,,"THULANI  NYEMBE 
0812637351
9403195236085
0680271588
344517655
509531795
customer is disputing the rejection fee charge saying that there were enough funds in his account when telkom was debiting in dec 2025
customer has forwarded bank statement and there were enough funds in dec 2025 when telkom was ",Rejection Fee Dispute,0.99,Outcome pending – DB check required.
1806141,O  ,2/3/2026 17:15,202.7,0.0,ACC,,"Good Day
Kind assist with waiving the charges,
The customer was a wrongfully charged but it was rectified and now there's a rejection Fee of R202.70",Rejection Fee Dispute,1.0,Outcome pending – DB check required.
1803652,R  ,1/29/2026 17:01,202.7,0.0,ACC,,"Can you please assist to credit the amount of R202.70 for the rejection fee on the 29 Nov 2025, the last day fell over the weekend therefore client funds only went into is account on the 1 Dec 2025

FA: 510416324
Alt no: 0814955207",Rejection Fee Dispute,0.99,Outcome pending – DB check required.
1803655,J  ,1/29/2026 20:05,709.7,0.0,ACC,,"Incoming call
Contact Phone: 0722275493

Notes: Billing Case
 
Affected Number:
0691570931
Alternative Number:
0722275493
Customers Name:
phulushi hEROLD tHOKWANE Business
ID Number:
9511225749081
Billing Arrangement:(If Applicable)
340948863
FA ID Number:(If Applicable)
506003654
What have you tried:
Kindly assist the customer , customer wanted on his number to be canceled but they never cancelled the number customer has been billed for the number.
Additional Information:
Customer cancelled  the number on October and make an up grade from 40 to 80 gb , customer was told that the 40 gig number has been cancelled which was never cancelled 

Customer would like the 202.70 charges to be waved and the charges for 40 gb to be waved off too . Since he never used the data on the sim card 
",Rejection Fee Dispute,0.95,Outcome pending – DB check required.
1803899,R  ,1/30/2026 13:02,202.0,0.0,ACC,,"customer had enough money on her account but the debit order did not go through, please assist and remove the charges of rejection fee. I have attached the customer bank statement for your perusal.",Rejection Fee Dispute,0.95,Outcome pending – DB check required.
1806424,J  ,2/4/2026 13:54,202.7,0.0,ACC,,"affected number: 0614921558
phakamile ngubane
8102040787083
phakamilengubane@gmail.com
0823969904
510271 FISHING RD, EDENDALE, 3217

Customer called to cancel contract, reason customer pays by EFT , incurred rejection fees though paid ... informed to avoid rejection fees to pay days prior her payment datse to allow paymetnt to reflect in time otherwide paying on the same day system will also try to debit .. customer was unaware .. looked into FA cash payments would reflect a day before end of the month ... advised how to manage billing in future ...in an effort to retain  reversed subscrp 
Backout payment 202.70 Period:1/1/2026-1/31/2026
Backout payment 202.70 Period:12/1/2025-12/31/2025
Backout payment 202.70 Period: 11/1/2025-11/30/2025
Late payment Interest 6.97 Period:1/1/2026-1/31/202",Rejection Fee Dispute,0.99,Outcome pending – DB check required.
1776697,J  ,12/9/2025 12:48,202.7,0.0,ACC,,"Affected Number: 0691858108
Alternative Number:?0659820676???
Customers Name: VHUSANI MAWELA
ID Number: 9610080319087
Billing Arrangement: 340860353
FA ID Number: 505915144
What have you tried: there is no debit order
Additional Information: customer is disputing a late payment of R202.70 for october",Rejection Fee Dispute,0.97,Outcome pending – DB check required.
1777200,J  ,12/10/2025 14:52,550.0,0.0,ACC,,"RELOG TO S/FEE / WAIVE D/O REJECTION FEE / NOV INVOICE / R 202.70 
Good day 
please assist with refund customer debit order rejection fee as there was funds in account, however debit order rejected 
i have attached a proof on crm
",Rejection Fee Dispute,1.0,Outcome pending – DB check required.
1803641,R  ,1/29/2026 16:57,202.7,0.0,ACC,,please credit customers account with R202.7 customer is being charge incorrectly with rejection fees customer debit order did go through on the 29/11/2025 but acording to the system it was back out ,Rejection Fee Dispute,0.97,Outcome pending – DB check required.
1803699,J  ,1/30/2026 8:33,28.54,0.0,ACC,,"THABISOGIGABA customer paid account in full August and cancelled servives in Sep 2025 ease(Broadband,Internet) 9/5/2025 2624288078A
Reconnection Fees - 260.21
Backout payment 202.70 x 4 = 810.80
Late payment Interest 13.90 + 14.64 = 28.54
Fibre R665",Rejection Fee Dispute,0.95,Outcome pending – DB check required.
1803784,R  ,1/30/2026 13:30,202.7,0.0,ACC,,kindly assist customer is dusputing the pernalty feeof R202.70 charge for the month of december they are saying that their debit order date is the last day of the month and she never get money erlier than that therefor she cannot be charge for that pernalty since their debit order date is the last day of the month ,Rejection Fee Dispute,0.97,Outcome pending – DB check required.
1804009,R  ,2/1/2026 9:15,642.06,0.0,ACC,,"Good day

Could you please assist with allocating customer payment, Customer was debited on the 24 Jan 2026 an amount of R642.06. However the payment does not reflect on the system.

Ccustomer is being charged for debit order rejection fee where as when telkom tried to debit their account there was money in the account which mean there shouldn't be any problem with the debit order. Customer is disputing the amount of R204.06.

Financial Account:505203513
Billing Arrangement:340148720
Customer ID:142371170

Your assitance on the matter is higly appreciated.

Thank you.",Rejection Fee Dispute,0.99,Outcome pending – DB check required.
1804010,R  ,2/1/2026 9:36,202.7,0.0,ACC,,"Good Day.
Can you please waiver the rejection fee of R202.70 off clients account, because client has made payment already.
Billing Arrangement 340351572
Financial Account 505406365",Rejection Fee Dispute,1.0,Outcome pending – DB check required.
1805027,J  ,2/2/2026 13:56,202.7,0.0,ACC,,customer requested for payment date to be on 5th of every month but telkom was debitingon the last dya of the month shes disputing the debit order rejection of R202.70,Rejection Fee Dispute,0.99,Outcome pending – DB check required.
1805151,J  ,2/2/2026 16:53,202.7,0.0,ACC,,Late payment & rejection fee reflected in current invoice.,Rejection Fee Dispute,0.95,Outcome pending – DB check required.
1805153,R  ,2/2/2026 17:13,1942.0,0.0,ACC,,"Good Day 

Please assist on account as the customer claims that they did not use the services since last year July 2025. They made a payment of the subscription/service however they do not want to pay rejection fees and reconnection fees as they were not using the service and they wanted to cancel the service as they do not use it however customer services did not assist them. They made a payment of R3000 manually for the smartvoice packages.

Regards
Sithembele ",Rejection Fee Dispute,0.97,Outcome pending – DB check required.
1805516,R  ,2/2/2026 18:12,507.0,0.0,ACC,,"Customer is having an issue with her account being billled for more than 3months but her sim card is not working, the customer did try to do a sim swop but her order for the sim swop was stuck because the system was showing a POP UP notification which was stating that the customer is having a balance of R202.70 which was a rejection fee that was incorrectly charged on the customer so the was a dispute that was done to wave of the R202.70 so now kindly assist with refunding the customer the money that ws debited from her account and she did not have any service the balance is R507",Rejection Fee Dispute,0.99,Outcome pending – DB check required.
1776659,R  ,12/9/2025 11:40,202.7,0.0,ACC,,"Refund Case
 
 
customer Query :
Customer  would like an amount of R202.70 returned back to her personal account because she was a rejection fee, the payment was successfully debited  
Affected Number:
0671035591
Alternative Number:
0619638261
Customers Name:
ASANDA GQONTSHI
ID Number:
8505260310081
Billing Arrangement:
345544950
FA ID Number:
510557907
Amount Debited:
 R419.00
What have you tried:
On FA ID an amount of R202.70 is reflecting.
 
Additional Information:
Cx was debited on october on this month she is
charged a rejection fee the payment was succesfully on october , offered cx the credit option, and wants money because its out of budget",Rejection Fee Dispute,0.99,Outcome pending – DB check required.
1803948,R  ,1/30/2026 14:52,202.7,0.0,ACC,,Kindly assist with refunding an amount of R202.70 customer overpayed a cancelled BA Please see the bank statement for the refund to be made to on attatchents ,Rejection Fee Dispute,0.97,Outcome pending – DB check required.
1776479,J  ,12/8/2025 17:57,202.7,0.0,ACC,,"Billing Template
 
Affected Number:
0601809050
Alternative Number:
0680789380
Customers Name:
GIBSON MASE
ID Number:
8401295746087
Billing Arrangement:(If Applicable)
344085147
FA ID Number:(If Applicable)
  509100151
What have you tried:
customer  is disputing the rejection fee as they had enough funds on their account on 10/31/2025
Additional Information:
customer would like for the charge disputed as they are wrongfully charged .",Rejection Fee Dispute,1.0,Outcome pending – DB check required.
1776652,J  ,12/9/2025 11:27,202.7,0.0,ACC,,"Billing Case


Affected Number:0671035591

Alternative Number:0619638261

Customers Name:ASANDA GQONTSHI

ID Number:8505260310081

Billing Arrangement:345544950

FA ID Number:510557907

What have you tried:customer is charged a rejection fee i asked for the statement 
to prove she had enough money on her account on the debit date 

Additional Information: customer sent the statement the payment went off 
and the customer was charged a rejection fee 
does appear 

POP sent to TM SOC Billing:yes",Rejection Fee Dispute,0.95,Outcome pending – DB check required.
1776066,R  ,12/7/2025 20:02,202.7,0.0,ACC,,"Good day. Customer is disputing the rejection fee that is charged on her account as Telkom tried to debit on a different date as aggreed. Her debit date is on the last day of the month but Telkom tried to debit on the 29th. Her funds were available on the last day of the month. 
Kind regards",Rejection Fee Dispute,0.99,Outcome pending – DB check required.
1776966,J  ,12/9/2025 21:42,612.3,0.0,ACC,,"Customer requested to her debit date on the 25th of each and every month however the sales agent put the debit date on the last day of the month , the customers account has got rejection fee on the account.

The contract was taken on whatsapp uploaded the the whats app text on the system and whatsapp audio can  be provided upon request.",Rejection Fee Dispute,0.95,Outcome pending – DB check required.
1776132,J  ,12/8/2025 8:53,293.73,0.0,ACC,,"Customer had DSL landline, dsl cables were removed, Fibre lines were installed in the area, 
when they were migrating the customer to Fibre ther did internet as well but the customer 
never requested or had internet with Telkom. Customer was overcharged.
Retail Fibre Installation -R2 300.00
Backout payment - R202.70 * 4 MONTHS = 810.80
Late payment Interest - R89.23 + 85.10 + 72.97 + 46.43 = 293.73",Rejection Fee Dispute,0.97,Outcome pending – DB check required.
1776342,J  ,12/8/2025 15:29,202.7,0.0,ACC,,Customer says sthe date of the debit order is not good for them advised them incurring the debit order rejection fee for the first time i will use my discretion to credit ,Rejection Fee Dispute,0.97,Outcome pending – DB check required.
1776623,R  ,12/9/2025 10:50,202.7,0.0,ACC,,customer was debited after the debit date and despute the backout payment of 202.70 that was billed in her december invoice,Rejection Fee Dispute,0.95,Outcome pending – DB check required.
1776820,R  ,12/9/2025 16:27,202.7,0.0,ACC,,"Good day
Customer disputes debit order rejection fees. enough money in the account for the debit order the 1st and 2nd time for R975, but was returned immediately each time. Please see bank statements attached?
Cust ID:223845069
FA:509753908
Kind regards",Rejection Fee Dispute,0.99,Outcome pending – DB check required.
1776809,J  ,12/9/2025 18:01,202.7,0.0,ACC,,"The customer requested to be debited on the last data of the month and they captured the 25th of the month, the debit date was changed on the 4th of November however the debit order went through again on the 25th. Credit the debit order rejection fee R 202.70. 

Affected: 0751732023
BA ID: 341430202",Rejection Fee Dispute,0.99,Outcome pending – DB check required.
1804882,J  ,2/3/2026 10:49,202.7,0.0,ACC,,"dpa passed  

balance enquery 

Customer is   pensioner and advised that she does not want the Debit order  . but the system does not llow for the debit order to be removed 

she always get the sassa momey after the debit order has debited that causes her the fees 

please approve the debit order rejection fee  ",Rejection Fee Dispute,0.99,Outcome pending – DB check required.
1806080,O  ,2/3/2026 15:11,242.0,0.0,ACC,,please credit customers account customer gets pensioners rebate but she did not receive rebate between the months of may and june,Rejection Fee Dispute,0.85,Outcome pending – DB check required.
1804079,J  ,2/3/2026 16:06,3228.97,0.0,ACC,,"Telkom Number: 0678672906
Start date:
End date:
Cancellation date: 
Subscription of services: Retail Fibre Broadband 500/250Mbps 
Monthly charge: R 1,614.47
Credit 2 November 2025 and December 2025.
Customer billed for Retail Fibre Broadband 500/250Mbps for two months credit R 1614.47 x 2= R 3,228.94.


Debit order rejection fees: R202.70 December 2025 invoice
Late payment fees R 72.70 December 2025.
Late payment fees: R 85.05 January 2026.
Credit suspension period: 14 January 2026 until 3 February 2026 for Telkom Number: 0659180144

Customer aware of the following services: 
Telkom number: 0659180144
Credit suspension period: 14 January 2026 until 3 February 2026 for Telkom Number: 0659180144
R135.00 x 20 days/31= R 87.09
",Rejection Fee Dispute,1.0,Outcome pending – DB check required.
1778786,J  ,12/12/2025 13:00,202.7,0.0,ACC,,"Effected number :  0703317502
Alternative:  0703317502
Name and surname :  LONDIWE CELE
Id no :  8303130563083
FA ID Number: 510337039   
BA : 345324082  
What have you tried: I checked on the customers account 
Additional Information:  the customer would like to dispute the rejection fee that she is being charge with because on the day she needed to be debited she did have enough funds for telkom to debit her account but then the payment still never went off ",Rejection Fee Dispute,0.99,Outcome pending – DB check required.
1779440,J  ,12/15/2025 10:17,202.7,0.0,ACC,,customer is disputing the backout fee because the had sufficient fund to be debited on the month of Septemeber but the payment bounced and they were charged 202.70,Rejection Fee Dispute,0.95,Outcome pending – DB check required.
1782131,J  ,12/17/2025 15:57,202.7,0.0,ACC,,"customer was billed twice in october of which the first month it was a trail 
disputed the reconnection fee and rejection fee",Rejection Fee Dispute,0.95,Outcome pending – DB check required.
1781463,R  ,12/15/2025 18:02,202.7,0.0,ACC,,"Good Day

Please assist with disputing 202.70  customer had funds in her account.

Kind Regards
.M",Rejection Fee Dispute,0.95,Outcome pending – DB check required.
1781826,R  ,12/17/2025 10:44,202.7,0.0,ACC,,"Good day 

can you please assist with crediting an amount of R202.70 which the  customer is disputing.as Telkom went and debited on the 
28 NOVEMBER 2025.

BA:345155038
FA:510168051
CUS ID:242302633 

YOUR ASSISTANCE IN THIS MATTER WOULD BE HIGHLY APPRECIATED.

KIND REGARDS
APELELE",Rejection Fee Dispute,0.97,Outcome pending – DB check required.
1782245,R  ,12/18/2025 9:45,652.7,0.0,ACC,,"Service ID: 0641956583

Customer disputes the Back amount R202.70 + Device obligation R450 Total = R652.70
Customer is billed a Device Obligation / Carryover, currently showing as a pending one time charge of R450, however, there is not replace offer issued for the customer wich may have triggered the charges, and this has led to a high bill thus the unsuccessful debit order",Rejection Fee Dispute,0.97,Outcome pending – DB check required.
1804501,J  ,1/30/2026 16:50,202.7,0.0,ACC,,"Summary of Call:
The customer advised that Telkom failed to update her banking details in October 2025. As a result, the debit order was processed against the old bank account and was subsequently returned unpaid. The customer requested that the debit order rejection fee of R202.70 be reversed.

Feedback Provided:
The customer was informed that updates to banking details require a processing period of up to 30 days. Consequently, changes submitted in October 2025 would only take effect in the following month, which resulted in the debit order being processed on the previous bank account for October.

In the interest of fairness, Telkom will waive the debit order rejection fee.

Resolution / Next Steps:
The customer confirmed that she will settle the outstanding difference of R86.30 in February.",Rejection Fee Dispute,1.0,Outcome pending – DB check required.
1777164,J  ,12/10/2025 13:30,202.7,0.0,ACC,,"Goodday please assit, customer was debited on the inocrrect date which is the 29th and not the 30th of october. A debit order rejection fee was charged yet the customer had money in their account. bank statement attached on CRM.",Rejection Fee Dispute,0.97,Outcome pending – DB check required.
1777690,J  ,12/11/2025 12:32,202.7,0.0,ACC,,"Affected Number: 0692546059

Alternative Number: 0648339378

Customers Name: LungeloDlamini

ID Number: 9906225749083

Billing Arrangement:(If Applicable) 344713627

FA ID Number:(If Applicable) 509727214

What have you tried: customer had enough funds to his account

Additional Information: Customer would like to dispute rejection (R202.70) fee because he had enough funds to his account for the month of November 2025",Rejection Fee Dispute,0.88,Outcome pending – DB check required.
1778009,J  ,12/11/2025 13:01,202.7,0.0,ACC,,"Affected Number:0697005095

Alternative Number:0642959705
 

Customers Name: Maisien Cele

ID Number:9604275091080

Billing Arrangement:340785201

FA ID Number:505839992

 

What have you tried:Checked FA ID

 

Additional Information:Customer disputes rejection fee.",Rejection Fee Dispute,0.95,Outcome pending – DB check required.
1782109,J  ,12/17/2025 20:49,202.7,0.0,ACC,,"ing the debit order rejection that occurred on 01/11/2025. The customer made a payment of R1,327.00 on 06/08/2025 via the Telkom App.

Had this payment reflected on the account timeously, the debit order would not have been rejected, and the penalty fee would not have been incurred. However, the payment only reflected on the account after approximately four (4) months, despite having been made through an official Telkom payment channel.",Rejection Fee Dispute,0.95,Outcome pending – DB check required.
1776895,R  ,12/11/2025 14:53,202.7,0.0,ACC,,"Good Day

Please kindly assist.
Client is disputing Payment rejection fee that was charged in November.
there was no attempt to debit and the end of september (29th) however debit was rejected on the 2nd of October. Based on the bank statement there were sufficient funds on the account 

Affected Number:0671757598
Contact Number:0786308751
Customers Name:SINENHLANHLA NGCOBO
FA ID:509898172
BAR ID:344884586

Please see attached bank statements

Kind Regards",Rejection Fee Dispute,0.95,Outcome pending – DB check required.
1778329,R  ,12/11/2025 17:17,657.65,0.0,ACC,,"Please assist as the customers debit date was changed to last day of the month which she requested that it should be debited on the 15 yet the customer is being charged debit order rejection fees, please refer to the document attached labelled BVS as it shows that upon the application the date which was chosen was on the 15th as proof that the agent did the correct things but somehow the date was set on the last day of the month",Rejection Fee Dispute,0.99,Outcome pending – DB check required.
1776393,J  ,12/8/2025 14:29,557.88,0.0,ACC,,"CC:90595814: Spoke to Mrs Nel she confirmed she requested for the service to be cancelled and did 
pay the final account and for the debit order to be cancelled and was now charge debit order
rejection fee credit of R557.88 arranged to clear the account she is satisfied Elsa 0119979313
Good day
Please assist, the customer cancelled the contract on the 3rd of November 2025 and made a payment of R547.70 while the balance was R345, 
the customer must have a credit on her account but telkom tried to debit R350 instead. please check and give feedback.
Thank you.

Contact: 0826814471
",Rejection Fee Dispute,0.97,Outcome pending – DB check required.
1776402,J  ,12/8/2025 15:48,202.7,0.0,ACC,,"Customer querying payment rejection fees and was requesting records of the call as they were not told. They are following up as they were told they would be called back with the recording 

Used my discretion as account has been well paid all the time and this is the customer's first offense. Advised in future they will be held liable for the R202.70",Rejection Fee Dispute,1.0,Outcome pending – DB check required.
1776407,J  ,12/9/2025 10:01,202.7,0.0,ACC,,customer is disputing the rejection fee penalty because he has made a manual payment the his account is not being debited,Rejection Fee Dispute,0.99,Outcome pending – DB check required.
1776326,J  ,12/8/2025 13:49,206.26,0.0,ACC,,"Customer Name: VUYELWA NGUBO
affected Number: 0677598318
Alternative N.O:0680419811
FAID:510424925
ID N.O:9306181127087
Query:
- Bill
 
Resolution:
 -Bill explained
 -Additional usages explained
 -Rejection fee explained
Account subscriptions & once-off R 206.26
Once-off charges
Description Service/No Reference Date/Period
Payment Rejection fee 191341391 01 Nov 25 R 202.70
Late payment Interest 345411967 01 Dec 25 R 3.56* Subtotal R 206.26
customer is disputing this amount as on her bank statement shows that she has the available funds POP attached via CRM ",Rejection Fee Dispute,0.97,Outcome pending – DB check required.
1776714,J  ,12/9/2025 13:13,405.4,0.0,ACC,,"Customer would like telkom to dispute rejection fee for October and November.

Customer had funds but telkom didnt debit his account.",Rejection Fee Dispute,0.95,Outcome pending – DB check required.
1776922,J  ,12/9/2025 16:50,202.7,0.0,ACC,,"Refund Case	 
Customer Query : Customer was charged a backout fee, but we are the ones that came to debit on the 25th but the customer's debit date is the last day of the month
Affected Number:	 0815459833
Alternative Number:	0835373809 
Customers Name:	 NKANYISO BORNAVENTURE DUBE
ID Number:	 8609085284081
Billing Arrangement:339118184	 
FA ID Number:504172980	 
Amount Debited: R202.70	 
What have you tried: Customer was charged a backout fee, but we are the ones that came to debit on the 25th but the customer's debit date is the last day of the month

Additional Information: customer would like the R202.70 for the back out fee credited before their next debit date",Rejection Fee Dispute,0.97,Outcome pending – DB check required.
1776972,J  ,12/10/2025 10:38,202.75,0.0,ACC,,Customer disptes being charged Rejection fees in October account. As per bank statement money was in the account and no debit order went off.,Rejection Fee Dispute,0.99,Outcome pending – DB check required.
1777314,J  ,12/11/2025 7:50,405.4,0.0,ACC,,"Affected Number:0670253997


Alternative Number:0734173738


Customers Name:Nobuhle Gloria Gumede


ID Number:8403260845084

 
Billing Arrangement: 341502903


FA ID Number: 506554414


What have you tried:Checked on the bank statement debit did not debit her bank account.


Additional Information:Customer called to query that Telkom did not debit her account in Septembr and October but has been change rejection fee.

 The customer is disputing charges on December

Statement date: 01 Oct 2025

Payment Rejection fee 176349615 27 Sep 25 R 202.70

Invoice date: 01 Dec 2025

Payment Rejection fee 176349615 07 Nov 25 R 202.70
Late payment Interest 341502903 01 Dec 25 R 6.63* 
Subtotal R 209.33

I've attached 3 month bank statement.",Rejection Fee Dispute,0.97,Outcome pending – DB check required.
1783264,R  ,12/18/2025 17:42,0.01,0.0,ACC,,custs bank account was inserted as capitec iso absa cust has been charged penaltion or rejection fees for rejected debit order please kinldy reverse the amounts,Rejection Fee Dispute,0.97,Outcome pending – DB check required.
1783350,J  ,12/19/2025 10:14,202.7,0.0,ACC,,"i am crediting the rejection fee so that when the invoice is issued out for the pending charged the credit passed witll cover the invoice

customer is not being assisted with adjusting the credit limit and is furious as to why a charge that is pending is affecting the lines",Rejection Fee Dispute,0.95,Outcome pending – DB check required.
1783483,J  ,12/19/2025 13:04,405.4,0.0,ACC,,"Good day, please assist with a senior citizen, customer is disputing x2 rejection fees, customer had a contract with telkom of a landline using eft payment, agent sales approached customer with a monthly instalement of R409 and the contract is R489. customer was not made aware of a debit order of his capitec account, customer is willing to change bank to absa debit order, affected sn B410011398, ban id 345611882, fa id 510624839, contact no 0828064498.",Rejection Fee Dispute,0.97,Outcome pending – DB check required.
1782710,J  ,12/19/2025 13:41,202.7,0.0,ACC,,"customer would like to dispute the 202.70 that she is being charged she went to the store to change her banking details shewas advised tht because the account is not older thant three months she will be debited after three month but the customer was billed same month she changed the banking details on the account she was told will be debited in three months tim when i check the account is stilll not older than three months so the customer will be credited and i was also advised to credit the customer the amount 
63179935566 
The reference number for this request is:
4576-B643-37594
ACCOUNT OPEN FOR 3 MONTHS

No
",Rejection Fee Dispute,0.95,Outcome pending – DB check required.
1783568,J  ,12/19/2025 15:46,202.7,0.0,ACC,,"Good day,
239241776, Pieter Lucas, Consumer
BA-345086552
R202.70
Please assist with client's query he is disputing the R202.70 penalty for  November 2025, he made a Easypay payment before the debit date 31st Nov and it reflected on his FA, but he still got penalised he is requesting it to be investigated and credits to be passed accordingly.
Regards",Rejection Fee Dispute,0.97,Outcome pending – DB check required.
1782774,J  ,12/20/2025 12:02,204.74,0.0,ACC,,"Absa 
Acc  no 4116087635
cheque
customer disputing rejection  fee and late payment",Rejection Fee Dispute,0.95,Outcome pending – DB check required.
1783828,J  ,12/20/2025 12:21,202.7,0.0,ACC,,"Good day

Please assist with disputing the R202.70 penalty fee on the customer's invoice as there were funds avaliable on her account on the 25th of November but the debit order did not go through. Please find the attached Bank statement.",Rejection Fee Dispute,0.97,Outcome pending – DB check required.
1783689,R  ,12/22/2025 10:30,202.7,0.0,ACC,,"Good day

kindly assist as client would like to dispute the charges of r202.70 for november month which was added to decembers invoice . Clients debit date is set for the last day of the month , however clients account was debitted on the 24.11.2025. which is before the debit date
kind regards",Rejection Fee Dispute,0.97,Outcome pending – DB check required.
1783691,R  ,12/22/2025 10:53,202.7,0.0,ACC,,"Credit Limit
 
Affected Number:
 0658153640
Alternative Number:
 0677615332
Customers Name:
 SYDNEY HLOPHE
ID Number:
 9806285612082
Billing Arrangement:(If Applicable)
 
FA ID Number:(If Applicable)
 509272955
What have you tried:
 
Additional Information:
 Customer is disputing rejection fees of 202.70
He was debited on the incorrect debit date",Rejection Fee Dispute,0.99,Outcome pending – DB check required.
1784101,J  ,12/22/2025 15:09,202.7,0.0,ACC,,"Billing Template
 
Affected Number:
0752917423
Alternative Number:
0752917423
Customers Name:
Julian West
ID Number:
9212145436087
Billing Arrangement:(If Applicable)
345039561
FA ID Number:(If Applicable)
510052682
What have you tried:
customer is disputing the rejection fees charged on DEC because they had enough funds on their account on the 15th of Nov",Rejection Fee Dispute,1.0,Outcome pending – DB check required.
1784248,J  ,12/22/2025 15:59,202.7,0.0,ACC,,"Affected Number: 0692719970
Alternative Number: 
Customers Name:  Khombisile Khathi
ID Number: 8704150705084
Billing Arrangement:343888732
FA ID Number: 508903844
What have you tried:   The customer would like to dispute the 202.70 as they had funds on the account
Additional Information:  the statement had  enough funds
",Rejection Fee Dispute,0.95,Outcome pending – DB check required.
1803442,J  ,1/29/2026 12:26,202.7,0.0,ACC,,"Sphelele Mnyandu
 Customer wants to update the banking details. Receives invoices. I have tried to change the banking details but the EasyAVS system it not taking theis bank account, not 3 mnths old yet. Customer had to cahnge as the bank was hacked. 

Capitec bank
2484957288
Savings.
0738668566
sthelelemnyandu1@gmail.com

Success!
The reference number for this request is:
D8B5-FA8C-57A64

Drag a column header and drop it here to group by that column
Query Results	
Bank Statement Authentication
Mandate Authentication Type
Date Captured
ID Photo
User
Initials
Name
Branch
Account
ID Number
Bank
Status
Account Valid
Account Open
ID Valid
Initials Valid
Name Valid
Accepts Debits
Accepts Credits
Open for 3 Months
Phone Valid
Email Valid
Fingerprint Match
BVS First Names
BVS Surname
Reference
Sim Swap Date
Risk Indicator
Best Day 1
Best Day 2
Best Day 3
29/01/2026 12:20:08 PM		Msimango_PF	S	MNYANDU	470010	2484957288	8404255492080	Capitec Bank	Final Report				
N/A
						
ND
D8B5-FA8C-57A64

Account subscriptions & once-off R 202.70Once-off charges
Description Service/No Reference Date/Period
Payment Rejection fee 111039517 02 Dec 25 R 202.70	

",Rejection Fee Dispute,0.97,Outcome pending – DB check required.
1804592,J  ,1/31/2026 10:36,314.28,0.0,ACC,,"Customers Name:
 Mariam Suliman
ID Number:
 8207120753085
Billing Arrangement:(If Applicable)
 341160104
FA ID Number:(If Applicable)
 506214692
What have you tried:
 customer has been upgraded from the 50/25 to 100/50 kindly and customer as been billed an additional R314.28 as customer is charged extra as per the below 

Retail Fibre BB Lite 100/50Mbps 09 Dec 25 - 08 Jan 26 R 793.48
Retail Fibre BB Lite 50/25Mbps 09 Dec 25 - 08 Jan 26 -R 479.20
Retail fibre contract fee (Consumer) 09 Dec 25 - 08 Jan 26 R 16.02
Retail Fibre BB Lite 100/50Mbps 09 Jan 26 - 08 Feb 26 R 793.48Retail fibre contract fee (Consumer) 09 Jan 26 - 08 Feb 26 R 71.52


Kindly assist to dispute the R314.28",Rejection Fee Dispute,0.95,Outcome pending – DB check required.
1778663,R  ,12/12/2025 9:53,202.74,0.0,ACC,,"Good day 
Please assist with crediting customers account with the rejection fee as he had money in his account and it came as a insuffient and there was money in his account.
 His account was debited now from the collections department for a R638.41 and he refuses to pay that rejection fee. I attached his bank statement ",Rejection Fee Dispute,0.97,Outcome pending – DB check required.
1778673,J  ,12/12/2025 10:16,176.26,26.44,DEB,DCK,"Customer was billed extra because of susbcriptions, customer was not awere of susbcriptions
Customer is desputing rejection fee",Rejection Fee Dispute,0.95,Outcome pending – DB check required.
1778849,R  ,12/12/2025 14:28,202.7,0.0,ACC,,"Billing Template	 
Affected Number:	 0602137995
Alternative Number:	 0619542741
Customers Name:	 THOBANI MHLONGO
ID Number:	 9204035502086
Billing Arrangement:(If Applicable)	344039133 
FA ID Number:(If Applicable)	 509054263
What have you tried:	 CUSOTMER WAS CHARGED A REJECTION FEE 
Additional Information:	CUSOTMER SENT HIS BANK STSTEMETN AND IT SHOWS HE HAD ENOUGH FUNDS TO COVER HIS BILL AMOUNT ",Rejection Fee Dispute,0.95,Outcome pending – DB check required.
1777756,J  ,12/12/2025 16:26,202.7,0.0,ACC,,"Billing Case
 
Affected Number:
 0685880593
Alternative Number:
 0769682166
Customers Name:
 Lowrence Thabo Hlangwana
ID Number:
 8706115508081
Billing Arrangement:(If Applicable)
 341627015
FA ID Number:(If Applicable)
 506678398
What have you tried:
 due to crm
Additional Information:
 customer say he's always been debited on the 15 but now he's been debited on the last day of the month want to know why its changed

customer say he never called to change a debit day
customer accumulated a rejection fee due to this

customer is being penalized because Telkom debited on a wrong day

",Rejection Fee Dispute,0.95,Outcome pending – DB check required.
1778963,J  ,12/12/2025 17:14,202.7,0.0,ACC,,Customer was charged a rejection fee in NOVEMBER for the payment TELKOM claims that they did debit on the 31st OCTOBER 2025 but on the customers statement it is not showing any debit order from TELKOM ,Rejection Fee Dispute,0.95,Outcome pending – DB check required.
1779424,J  ,12/15/2025 9:30,202.7,0.0,ACC,,"customer disputing debit rejection fee
please ref to case:90121796
Amount:202.70",Rejection Fee Dispute,0.97,Outcome pending – DB check required.
1783626,J  ,12/20/2025 11:08,202.7,0.0,ACC,,"
The customer never had a active mandate which affected her bill

Rejection Fee was credited
",Rejection Fee Dispute,0.95,Outcome pending – DB check required.
1783745,J  ,12/23/2025 12:29,202.7,0.0,ACC,,"Customer would like to dispute the rejection fee  of 18 November 2025 as she was debited an amount of 17,096.70 and it was an incorrect bill ",Rejection Fee Dispute,0.99,Outcome pending – DB check required.
1784731,J  ,12/24/2025 10:04,202.7,0.0,ACC,,"Good day team

Please assist with crediting customer account with R202.70

Customer was debited early, she is scheduled for last day of the month but was debited the 27th.

BAN: 341527158
CMID: 176828876
FA: 506578559",Rejection Fee Dispute,0.88,Outcome pending – DB check required.
1786113,J  ,12/29/2025 9:48,202.7,0.0,ACC,,"customer is billed an amount R202.70 cause debit order bounce on the 29/11/2025, but the due date of the customer is the last day of the money.
customer did make a manual payment on the 1december ",Rejection Fee Dispute,0.97,Outcome pending – DB check required.
1778696,R  ,12/12/2025 11:02,202.7,0.0,ACC,,"
Affected Number:0817757924

Alternative Number:0604277103

Customers Name:Jonathan  Hendricks

ID Number:8609015150089

Billing Arrangement:338403841

FA ID Number:503658398

What have you tried:Checked on customer FA and BA balance is inclusive of rejection fee.


Additional Information:Payment reflected on debit day , but attempt of debit
went off on 15th while payment was already allocated. 

POP sent to TM SOC Billing: No",Rejection Fee Dispute,0.95,Outcome pending – DB check required.
1778772,R  ,12/12/2025 13:04,663.7,0.0,ACC,,"Good day 

Please assist customer has been charged R202 twice, telkom has stoped debiting customers account 
at the store we created a new debit cheque for the customer to bedebited but still every month customer has to pay a rejection fees
and we have been longig cases for this customer, on the last day of November telkom debited a custmer R259 which is the normal bill, this morning telkom debited teh customer the amount of R663
which is not supposed to be debited, Please have a look into customers accuont and she wants to cancel the services wih telkom. 

FA: 505755365
BA: 340700574
Contact number: 0730009545

Thank Yo",Rejection Fee Dispute,0.97,Outcome pending – DB check required.
1776197,J  ,12/8/2025 11:07,202.7,0.0,ACC,,Customer was billed for payment rejection fee R202.7  and changed the payment date on the latest invoice December 2025 refer to the 89909815,Rejection Fee Dispute,0.97,Outcome pending – DB check required.
1776293,J  ,12/8/2025 13:14,205.36,0.0,ACC,,"8701110097081

customer states sherequested to be debited on the 15th 
but her account was debited on the last day of the month 
customer is disputing the rejection fee that was added on her invoice last month November",Rejection Fee Dispute,0.99,Outcome pending – DB check required.
1783707,J  ,12/20/2025 14:47,202.0,0.0,ACC,,"ood day 

kindly assist with waving off the debit rejection fee on an upcoming customers bill , because she had money in her account on the 29th of november however we did not debit her which resulted into her having to be charged a rejection fee of R202",Rejection Fee Dispute,0.97,Outcome pending – DB check required.
1779174,J  ,12/13/2025 13:53,202.7,0.0,ACC,,"Refund Case
 
 
customer Query :
Customer  would like an amount of R 202.70 returned back to his Telkom account  because he wasn't debited but he had money on his account.
Affected Number:
0704241461
Alternative Number:
0678773599
Customers Name:
Bonolo Ezzy Maphoto
ID Number:
0511205440080
Billing Arrangement:(If Applicable)
345328326
FA ID Number:(If Applicable)
510341283
Amount Debited:
 R202.70

What have you tried:
On FA ID an amount of R202.70 backout shows to be added on her account
 
Additional Information:
Customer would like R202.70 to be returned back to her Telkom account. Find the attached bank statement.",Rejection Fee Dispute,0.97,Outcome pending – DB check required.
1779668,J  ,12/15/2025 12:54,202.7,0.0,ACC,,Customer says requested payment date change two months back and it was not dome and I will remove the penalty payment rejection fee R202.7 ,Rejection Fee Dispute,0.97,Outcome pending – DB check required.
1778799,R  ,12/12/2025 15:14,404.0,0.0,ACC,,"good day 

kindly assist with waving the debit rejection fee for the month of november and december because the customer had money in her account  for the debit to run  however she has never been debited . missing payments can result into a customer getting charged debit rejection fee but in this case customer customer had enough funds in her account for the debit to be successful ",Rejection Fee Dispute,0.95,Outcome pending – DB check required.
1779444,R  ,12/15/2025 10:45,202.7,0.0,ACC,,"Good day,

Customer had sufficent money in his account but money was rejected. And was charged a rejection fee. Please assist.

Thank you",Rejection Fee Dispute,0.95,Outcome pending – DB check required.
1781590,R  ,12/16/2025 13:09,202.7,0.0,ACC,,"Good day
Please assist with dispute of debit order rejection fee as customer had funds in her acc on the last day of the month

Regards
Hassen",Rejection Fee Dispute,0.99,Outcome pending – DB check required.
1776716,J  ,12/9/2025 13:15,202.7,0.0,ACC,,"Customer Name: LAKSHMIPRIYA SRIDHARAN
affected Number:0812651368
Alternative N.O:0625921806
FAID:502003007
ID N.O:8912181504182

customer is disputing the rejection fee, he advised thar he had enough funds on his account and bank statement is attached on CRM
Account subscriptions & once-off R 202.70
Once-off charges
Description Service/No Reference Date/Period
Payment Rejection fee 112221430 28 Nov 25 R 202.70",Rejection Fee Dispute,1.0,Outcome pending – DB check required.
1779069,J  ,12/13/2025 11:09,205.0,0.0,ACC,,"customer paid in advance to cover the outstanding as she is a pensioner, 

however is still being charged even though she settle the whole amount,

customer was misinformed with the information as she paid in that amount in advance so please assist wtih crediting the R260.21 charged 

FA:510484962",Rejection Fee Dispute,0.95,Outcome pending – DB check required.
1779792,J  ,12/16/2025 11:44,202.7,0.0,ACC,,Disputing the rejection fee because debit order bounced and there were funds in the customer's bank account,Rejection Fee Dispute,0.99,Outcome pending – DB check required.
1781795,R  ,12/17/2025 10:14,202.7,0.0,ACC,,Disputing the rejection fee because customer's account number was incorrectly logged,Rejection Fee Dispute,0.99,Outcome pending – DB check required.
1776302,J  ,12/8/2025 14:16,202.7,0.0,ACC,,"The customer is disputing the rejection fee, because they were incorrectly charged.",Rejection Fee Dispute,0.99,Outcome pending – DB check required.
1776710,R  ,12/9/2025 13:28,202.7,0.0,ACC,,"Good day
Kindly assist with a refund of R202.70 rejection fee  . Customer is disputing that he had funds in his bank account on the 25th which is his debit date. ID and bank statement attched on CRM.",Rejection Fee Dispute,1.0,Outcome pending – DB check required.
1776370,J  ,12/9/2025 18:13,202.7,0.0,ACC,,"affected number: 0676694200
SHAQEELAH KING
9704110798087
shaqeelah11@gmail.com
0621347464
30 CROWLEY ST, BLANCO, 

customer called to cancel contract, reason was overcharged in March ... probed what happened customer says submitted bank statement at branch, had funds in account then but incurred unpaid debit order fees resulted in high billing ... also did not understand why was charged for the other months .... advised was suspended from using the service but billing doe snot stop ... advised to send me bank statement from March to-date so we can log disputes in that regard 

>>>>>
customer sent bank statement shows had funds available at the time of debit order, it did not collect on the system shows returned unpaid as such incurred unpaid debit order fees .. reversing charge Backout payment  202.70 Period:4/1/2025-4/30/2025

Late payment Interest 0.41 Period: Period:

same applied in May Backout payment 202.70 and Late payment Interest 20.47 Period: 6/1/2025-6/30/2025

Late payment Interest 25.73 Period:7/1/2025-7/31/2025

Late payment Interest 27.51 Period: 8/1/2025-8/31/2025

Late payment Interest 25.79 Period: 9/1/2025-9/30/2025

also Oct funds werw available but deduction returned unpaid Backout payment 202.70 and Late payment Interest 4.51 Period: 11/1/2025-11/30/2025",Rejection Fee Dispute,0.95,Outcome pending – DB check required.
1776981,J  ,12/10/2025 9:00,202.7,0.0,ACC,,customer had money on the account and they are chaged R202.70 after the debit is being rejected so they are disputing the debit rejection fee.please find thee attached statement on NGcrm,Rejection Fee Dispute,0.99,Outcome pending – DB check required.
1777449,J  ,12/11/2025 9:28,176.26,26.44,DEB,DCK,"Affected Number:0751789872

Alternative Number:0636860280

Customers Name:MBALI CHONCO

ID Number:9402200606081

Billing Arrangement:345342829

FA ID Number:510355786

What have you tried: customer says they had enough funds debit did not go through

Additional Information:Customer is desputing rejection fee",Rejection Fee Dispute,0.95,Outcome pending – DB check required.
1784304,J  ,12/23/2025 7:30,202.7,0.0,ACC,,"customer is disputing a rejection fee as they had called in to change the debit date however they still got debited on the very same date

checked interactions and confirmed that customer called in on the 28th of october however still the changes were not made 

",Rejection Fee Dispute,0.97,Outcome pending – DB check required.
1784311,R  ,12/23/2025 10:40,202.7,0.0,ACC,,"Rejection Fee

Dispute Group: Subscription
Credit Reason: Subscription – FA 

Billing Template	 
Affected Number: 0672668080	 
Alternative Number: 0744471103 
Customers Name: Thuthuka Gcabashe
ID Number: 8704075758085	 
Billing Arrangement: 343790604	 
FA ID Number: 508805780 
What have you tried: Customer was charged a rejection fee but he had enough money on the account when we debited.	 
Additional Information: Advised the customer they will be credited the 202.70. ",Rejection Fee Dispute,0.97,Outcome pending – DB check required.
1784501,R  ,12/23/2025 12:21,810.8,0.0,ACC,,"Good Day

Kindly assist with customer Debit Order Rejection Fee Dispute for the ammount of 810.80 as the customer was debited every month but the money just keeps bouncing since the month of august 2025. The customer was debited 30/08 R973.86 and it rejected but the customer had R5387.39 in her account, then in september no debit order went off and the customer paid manually R926.33. On 01/11 the customer was debited R1000.00 and it rejected but there was R1576.19 in her account, however the customer still made a manual payment of R1137.75 seeing that her debit order bounced but still having money in her bank account. Finally end 29/11 the customer was debited R907.66 and the debit order bounced but the customer had R5295.69 in her bank account. The customer is furious and she gets angry as her debit order is supposed to go off every last day of the month but it bounces even if she has more than enough money in her account. Please assist with this dipute as customer is affected on her credit status and her account is constantly behind even though she paid.

Please see attached bank statement as reference.

Kind Regards
Juevane Nyshe Anthony",Rejection Fee Dispute,0.97,Outcome pending – DB check required.
1784374,J  ,12/23/2025 12:40,202.7,0.0,ACC,,"
Affected Number: 0659351322
Alternative Number: 
Customers Name:  CELI ANN JULIUS
ID Number: 9212180284087
Billing Arrangement:336036555
FA ID Number: 502389800
What have you tried:   the customer would like to dispute the 202.70 as she had enough funds 
Additional Information:  the statement had  enough funds
",Rejection Fee Dispute,0.95,Outcome pending – DB check required.
1784585,J  ,12/23/2025 14:17,202.7,0.0,ACC,,"Affected Number: 0681380534
Alternative Number: 
Customers Name:  TANYA VAN DER WESTHUIZEN
ID Number: 9809290022081
Billing Arrangement:344150372
FA ID Number: 509165213
What have you tried:   the customer would like to dispute the 202.70 as she had enough funds 
Additional Information:  the statement had  enough funds
",Rejection Fee Dispute,0.95,Outcome pending – DB check required.
1784155,J  ,12/23/2025 17:14,202.7,0.0,ACC,,"Good day 

Kindly asist with disputing the late payment rejection fee the customer had money on his account but telkom didnt debit.
Bank statement attached.

Kind regards",Rejection Fee Dispute,0.95,Outcome pending – DB check required.
1784709,J  ,12/24/2025 9:42,260.21,0.0,ACC,,"the customer has a contract that says he should be debitted on the last day of the month however he was always debited on the 20th of every month ever since the contract resumed, the customer was charged the reconnection fees of R260.21 whereas the account was suspended due to the charges of debit rejection fees",Rejection Fee Dispute,0.97,Outcome pending – DB check required.
1784898,J  ,12/24/2025 17:25,202.7,0.0,ACC,,"Affected Number:0601080694

 

Alternative Number:0646948160

 

Customers Name:  AMOGELANG TSHITE

ID Number:0207160450087

 

Billing Arrangement:345151370
 

FA ID Number: 510164383

 

What have you tried:Checked FA ID

 

Additional Information:Customer would like to disputes rejection fee.


",Rejection Fee Dispute,0.97,Outcome pending – DB check required.
1784961,J  ,12/27/2025 8:33,202.7,0.0,ACC,,"Affected Number:
 0601643565
Alternative Number:
 0794111387
Customers Name:
 PETRONELLA MOLEMOENG MOUMAKWE
ID Number:
 9704280581081
Billing Arrangement:(If Applicable)
 345604257
FA ID Number:(If Applicable)
 510617214
What have you tried:
 customer has been charged an amount of R202.70 for missing the debit order  of 11/29/2025 kindly assist to dispute the penalty fee as customer did have funds in her bank account and the attached is the bank statement as proof ",Rejection Fee Dispute,0.97,Outcome pending – DB check required.
1785040,J  ,12/27/2025 11:16,202.7,0.0,ACC,,"Gated: Customer is disputinf the rejection fee R202.70.
Customer says debit order did not go off.Confirmed acccount number it is correct but debit order went off on the 29th of November but customer says the debit date is set on the 31st/last day of the month so they cant debit before the set date.",Rejection Fee Dispute,1.0,Outcome pending – DB check required.
1786061,R  ,12/28/2025 18:16,202.7,0.0,ACC,,"Good day

Kindly assist with crediting rejection amount of R202.70 as client only had 2 backouts in the last 6 months yet is being charged a 3rd backout fee of R202.70 when he has paid the previous 2 backouts.

Kind regards",Rejection Fee Dispute,0.97,Outcome pending – DB check required.
1786086,J  ,12/29/2025 10:41,462.91,0.0,ACC,,"Darine Prince
Customer wants to re-apply for the line and has been paying forthge account, but for the previous three months invoices has been charged for the service fees. She is requesting the chanrges be cleared as paid the last fees of R500 and R300.

Reconnection Fees 25 Nov 25 R 260.21
Payment Rejection fee 259884704 27 Nov 25 R 202.70Late payment Interest 345485011 04 Dec 25 R 18.01*

Total= R260.21+202.70=R462.91",Rejection Fee Dispute,0.97,Outcome pending – DB check required.
1785150,R  ,12/29/2025 11:21,1687.05,0.0,ACC,,"customer came in store on the 18th stating that she will be able to pay the following month

customer then said she was debited an amount of R1687.05
the bank statement shows that the amount went out but its not on the system 

checked the naedoo too its not reflecting 

 FA_ID    





  



Collections Not Found 
 
 
 Collected Amount         
Search_FA        Last Successful Date     
  FA_Number      Arrears     
Cus_Names   Rujira Kanha   Total Due     
     
 Last Debit Order Rejection Date     

  Rejection Reason   NOT PROVIDED FOR (EQUIVALENT TO R/D ON A CHEQUE)  

All Collections Transactions For The last Three Months  



Group

Amount

Action_Date

Status

Latest_Status_Description

Lastest_Status_Effective_Date

Telkom EFT Collections 1687,05 2025-11-25 Failed NOT PROVIDED FOR 2025/11/27 00:00:00 
VVM Telkom EDC - EFT 1265,29 2025-10-31 Failed NOT PROVIDED FOR 2025/11/02 00:00:00 
VVM Telkom EDC - EFT 1687,05 2025-10-25 Failed NOT PROVIDED FOR 2025/10/28 00:00:00 

kindly assist with payment alloction ",Rejection Fee Dispute,0.95,Outcome pending – DB check required.
1781600,J  ,12/17/2025 9:17,202.7,0.0,ACC,,Debit rejection fee dispute,Rejection Fee Dispute,0.95,Outcome pending – DB check required.
1781784,R  ,12/17/2025 10:01,1.0,0.0,ACC,,"ID Number: 9303266201085

Billing Arrangement:(If Applicable) 345694060

FA ID Number:(If Applicable) 510707017

What have you tried: Commitment period Start date 11/29/2025 3:32 PM,, Subscription & usage for 0703750154 Telkom FlexOn 2 Deal R 498.00Subscription services
Description Period
Device Subscription Fee 01 Dec 25 - 31 Dec 25 R 260.00Telkom FlexOn 2 01 Dec 25 - 31 Dec 25 R 139.00Deal Discount Wireless Activation Fee 29 Nov 25 -R 102.75Wireless Activation Fee 29 Nov 25 R 201.75Subtotal R 498.00Total (Charges for Nov 2025) R 1,017.51

Additional Information: Customer would like to dispute the December invoice the amount R498.00 she took the contract on the 29th of November 2025 his first payment was going to be in January 2026",Rejection Fee Dispute,0.95,Outcome pending – DB check required.
1781837,R  ,12/17/2025 11:09,202.7,0.0,ACC,,Customer states that she didnot get the Mandate and she is disputing 202.70 stating that the was Money available on the accpunt.,Rejection Fee Dispute,0.95,Outcome pending – DB check required.
1781731,J  ,12/17/2025 8:40,202.7,0.0,ACC,,"Customer was billed incorrectly 10/2/2025 and debited 1,074.00

Debit was done and rejected, customer being credited the rejection fee 

View Case: 90712607",Rejection Fee Dispute,0.95,Outcome pending – DB check required.
1782337,J  ,12/18/2025 9:23,202.7,0.0,ACC,,"customer is disputing the rejection that was charged on their account. customer was debited however the debit order was reversed. customer stated that they never had issues with their debit orders it was only for this month. checked customer's bank statement and they had funds on their account
rejection fee 202.70",Rejection Fee Dispute,0.99,Outcome pending – DB check required.
1782505,R  ,12/18/2025 12:07,202.7,0.0,ACC,,"Customer was Billed on 25 October 2025 with sufficient funds on the bank balance ,but Telkom did not deduct causing a late payment fee of R202.70 to be deducted on his account",Rejection Fee Dispute,0.97,Outcome pending – DB check required.
1781896,J  ,12/17/2025 12:01,405.4,0.0,ACC,,Customer wants to Dispute the Penalties of R202.70 for 01/11/2025 & 01/12/2025 as she is unhappy with the Telkom Plus that was deducted from her account.  Hence she refersed the payments and made manual payments,Rejection Fee Dispute,0.97,Outcome pending – DB check required.
1781872,J  ,12/17/2025 12:45,1216.2,0.0,ACC,,"passcred credit for the Debit order rejection  fees because the customer's banking details were added incorrectly.
June 202.70
Aug 202.70
sep 202.70
oct 202.70
nov 202.70
dec 202.70",Rejection Fee Dispute,1.0,Outcome pending – DB check required.
1782101,J  ,12/17/2025 15:58,202.7,0.0,ACC,,"Billing Template
 
Affected Number:
0817354408
Alternative Number:
27783215082
Customers Name:
MFUNDO MASETI
ID Number:
8809175355086
Billing Arrangement:(If Applicable)
345599044
FA ID Number:(If Applicable)
510612001
Additional Information:
The customer Is disputing the 202.70 cos he had money on his bank account and Telkom reversed the money.
What did you do:
Attached the bank statement.",Rejection Fee Dispute,0.95,Outcome pending – DB check required.
1782407,J  ,12/18/2025 10:30,202.7,0.0,ACC,,"A Telkom glitch resulted on debit order rejection fee, it has been reversed.",Rejection Fee Dispute,0.97,Outcome pending – DB check required.
1782483,R  ,12/18/2025 14:18,202.7,0.0,ACC,,"Billing Template	 
Affected Number:	 0728940393
Alternative Number:	0728940393 
Customers Name:	 BOIPELO MAGADIGALE
ID Number:	 0204240094084
Billing Arrangement:(If Applicable)	 
FA ID Number:(If Applicable)	 
What have you tried:	 
kindly assist with waving the debit rejection fee for the month of November and December because the customer had money in her account for the debit to run however, she has never been debited . missing payments can result into a customer getting charged debit rejection fee but in this case customer customer had enough funds in her account for the debit to be successful . customer account number 341138770",Rejection Fee Dispute,0.95,Outcome pending – DB check required.
1782607,R  ,12/18/2025 14:18,462.7,0.0,ACC,,Debit order rejection fee charges clients wishes to dispute,Rejection Fee Dispute,0.97,Outcome pending – DB check required.
1783467,J  ,12/19/2025 12:50,202.7,0.0,ACC,,"Name & Surn: Edgar Tereka   Baloyi
Affected Number: 0707727464
FA Number : 510657134
BA Number : 345644177 
ID Number : 8009175633083

Customer made a contract and the wrong banking details was captured on the system and he recived a rejection fee on the the current invoice. bbank account is now updated on the system 

Reason : Rejection fee (202.70) for incorrect information captured 
Debit date: Telkom did not go to the customer account for debit. ",Rejection Fee Dispute,0.97,Outcome pending – DB check required.
1783474,J  ,12/19/2025 16:39,202.7,0.0,ACC,,Customer wants to dispute rejection fee.,Rejection Fee Dispute,0.95,Outcome pending – DB check required.
1783664,J  ,12/20/2025 9:18,202.7,0.0,ACC,,"customer had money in her account, therefore would like to dispute the R202.70 that was charged on the 31 October
",Rejection Fee Dispute,0.99,Outcome pending – DB check required.
1782780,J  ,12/20/2025 18:50,202.7,0.0,ACC,,customer want to dispute the rejection fee because we debited him on the wrong date,Rejection Fee Dispute,0.99,Outcome pending – DB check required.
1778069,J  ,12/11/2025 14:50,202.7,0.0,ACC,,"Customer did request service to be cancelled in April but service was never cancelled 
was only cancelled later rejection fee credited of R202.70 Elsa 0119979313",Rejection Fee Dispute,0.99,Outcome pending – DB check required.
1778641,R  ,12/12/2025 10:49,202.7,0.0,ACC,,please credit customers account with R202.7 customers haven't been debited for the last 8 months now and is being charged rejection fees after a deduction was made aFTER HE ALREADY PAID HIS ACCOUNT,Rejection Fee Dispute,0.99,Outcome pending – DB check required.
1776614,R  ,12/9/2025 10:22,202.7,0.0,ACC,,"Good day

Please assist with Payment Rejection Fee - FA client was never debited 
BAN : 335443217
FA : 501995423",Rejection Fee Dispute,0.95,Outcome pending – DB check required.
1786520,R  ,12/30/2025 13:48,202.7,0.0,ACC,," Gated. Customer refuses to pay the rejection fee for December because she was not debited on her side,and she changed banking detatils 2 months ago.",Rejection Fee Dispute,0.95,Outcome pending – DB check required.
1785170,J  ,12/30/2025 15:56,202.7,0.0,ACC,,Customer disputed rejection fee on case : Case: 90796712,Rejection Fee Dispute,0.95,Outcome pending – DB check required.
1787011,R  ,1/2/2026 8:49,202.7,0.0,ACC,,Customer was debited more in October and reversed amount because of event billing and was charged a rejection fee. ,Rejection Fee Dispute,0.95,Outcome pending – DB check required.
1786345,J  ,1/2/2026 10:18,202.7,0.0,ACC,,"Good day 

Kindly assist with the below

Id number: 9301030994084
Customer’s Name and Surname: NOLOYISA MAVIS Matross
Affected number: 0754360412
Enquiry:customer was charged a debit order rejection fee but was debited on the incorrect date

Attched avs and telkom application form

Regards,",Rejection Fee Dispute,0.97,Outcome pending – DB check required.
1787177,J  ,1/2/2026 16:19,202.7,0.0,ACC,,"Billing Template
 
Affected Number:
0678891765
Alternative Number:
0739986556
Customers Name:
MALEFETSANE MOTHABENG
ID Number:
7512055535089
Billing Arrangement:(If Applicable)
341463155
FA ID Number:(If Applicable)
506514685
Additional Information:
The customer was not debited on her debit date and there was money on her account, the customer is now charged the 202.70 rejection fee.
What did you do:
Attached the bank statement.",Rejection Fee Dispute,0.97,Outcome pending – DB check required.
1785215,J  ,1/3/2026 17:03,202.7,0.0,ACC,,"Good Day
Customer claims they came in last month to change bank details however the incorrect details was on syatem it is now correctly changed however customer would like to credited the upcoming debit rejection fee R202.70
for any enquiries call 0827348385",Rejection Fee Dispute,1.0,Outcome pending – DB check required.
1787293,R  ,1/3/2026 19:35,202.7,0.0,ACC,,"Good day.

I trust that you are well.

Please kindly assist with the following matter.

Customer had funds in her account however telkom did not debit the account and now the cusomer is being charged the R202.70 and she is very unhappy about it.

Please kindly refund customer the R202.70

The proof is attached under attachments.

Please call customer with feedback on 0616447430.

Kind regards
Jade Reddy",Rejection Fee Dispute,0.97,Outcome pending – DB check required.
1787427,R  ,1/4/2026 11:58,301.0,0.0,ACC,,"Good Day
Please assist with me refunding the customer.
the customer was charged Deal Discount Wireless Activation Fee on the 5th of dec, and the customer took a contract 4/29/2025.
Telkom debited R-268.00 ON THE 5TH OF DEC and telkom created a backout fee the customer was charge 202.70 the statement shows the customer had money into his bank account
the customer paid -437.00 which is a payment of December and January and the once fee Deal Discount Wireless Activation R99 once off.
According to the payments and bank statement customer should not be realiable to pay the backout fee and he was not supposed to be charged Discount Wireless Activation Fee.",Rejection Fee Dispute,0.95,Outcome pending – DB check required.
1787547,R  ,1/5/2026 10:55,697.7,0.0,ACC,,"Good day

Please assist with customer issue as customer was billed R310 in October and novemebr due to event billing. Customer states that she is a pensioner and can't afford to pay for something she did not use at all and only use the data for whatsapp.
Customer name:ALIDA SOPHIA ESTHERHUIZEN
Customer cell no: 0798925585

BA ID:339270903
FA ID:504325699

Thank you. ",Rejection Fee Dispute,0.95,Outcome pending – DB check required.
1782262,R  ,12/18/2025 15:19,203.0,0.0,ACC,,"Customer is  suspended due to credit limit 
Customer paid the rejection fee of 202.70 which it on pending charges
The total balance she paid is 203.00",Rejection Fee Dispute,0.97,Outcome pending – DB check required.
1783412,R  ,12/19/2025 11:44,202.7,0.0,ACC,,"Good day 

Please see attached bank statement the customer had the money in the account telkom did not debit on her account R202.70 to not be charged on the nexr billing",Rejection Fee Dispute,0.97,Outcome pending – DB check required.
1783440,R  ,12/19/2025 12:11,202.7,0.0,ACC,,"Kinldy assit by disputing R202.70 from the customers account s their debit order was scheduled for the 15th nof each month, but the customer was charged on the 30th of n0vember instead of the 15th ",Rejection Fee Dispute,0.97,Outcome pending – DB check required.
1783450,R  ,12/19/2025 14:07,169.0,0.0,ACC,,"Good Day
Kindly assist with debit order rejection fee. Customer requested that banking details be changed in October 2025. According to customer agent changed banking details. Customer's account was not debited from current banking details on system. account is currently in arrears with R169. Customer will make payment today. I have attached customer banking details for your review to show that there was enough funds available in customer account. 

customer is highly upset and wants to cancel service as Telkom listed her on credit bureau. Customer is willing to pay final installment but also request that service be unsuspended whilst system investigate issue. 

customer name: AVRIL JAPHTA
contact nr: 0767474647",Rejection Fee Dispute,0.97,Outcome pending – DB check required.
1783636,R  ,12/21/2025 16:09,202.7,0.0,ACC,,"Billing Template

 

Affected Number:0752942084

 

Alternative Number:0787645359

 

Customers Name:NTANDOKAZI FLATELA

 

ID Number:6708220185088

 

Billing Arrangement:345035264

 

FA ID Number:510048385
 

What have you tried:cx was changed rejection fee

 

Additional Information:cx would like to dispute rejection fee",Rejection Fee Dispute,0.95,Outcome pending – DB check required.
1783714,J  ,12/22/2025 8:49,202.7,0.0,ACC,,"Affected Number: 0658889997
Alternative Number: 0764702025

Customers Name: Xolani  Zitha 
ID Number: 9209115608083

Billing Arrangement: 345554173
FA ID Number: 510567130

the customer wants to dispute the penalty fee of R202.70 stating that it wasn't his fault that he was charged subscriptions, and now the amount was high.
 ",Rejection Fee Dispute,0.97,Outcome pending – DB check required.
1783967,J  ,12/22/2025 9:51,210.35,0.0,ACC,,"Good day

Customer is disputing rejection fee, she has been debited on the wrong banking details
please refer to case: 90274277",Rejection Fee Dispute,0.95,Outcome pending – DB check required.
1783978,R  ,12/22/2025 11:14,202.7,0.0,ACC,,"Good day 
Please assist with disputing R202.70  on customers account she paid manualy and the money reflected on the 26/11/2025 ",Rejection Fee Dispute,0.97,Outcome pending – DB check required.
1784210,J  ,12/22/2025 14:35,202.7,0.0,ACC,,"Rejection Fee

Dispute Group: Subscription
Credit Reason: Subscription – FA 

Billing Template	 
Affected Number: 0672668080	 
Alternative Number: 0744471103 
Customers Name: Thuthuka Gcabashe
ID Number: 8704075758085	 
Billing Arrangement: 343790604	 
FA ID Number: 508805780 
What have you tried: Customer was charged a rejection fee but he had enough money on the account when we debited.	 
Additional Information: Advised the customer they will be credited the 202.70. ",Rejection Fee Dispute,0.97,Outcome pending – DB check required.
1784329,R  ,12/23/2025 9:17,202.7,0.0,ACC,,"Good day 

Please assist with disputing R202.70 for customer since customer has already been debited.

Supported docs has been attached.",Rejection Fee Dispute,0.97,Outcome pending – DB check required.
1783922,J  ,12/21/2025 15:42,202.7,0.0,ACC,,"customer said the banking details 
on the account was incorect since
he open the bank he said he never gave Telkom permision to take the debit order off from
the FNB account
he dont use the FNB account 
customer said he never provide Telkom with FNB account where did Telkom get these bank details he said
customer dispute the debit order rejection fee  date 1 November 2025 202.70
customer contact number is 0783690626",Rejection Fee Dispute,0.99,Outcome pending – DB check required.
1784266,J  ,12/22/2025 16:50,202.7,0.0,ACC,,"Good day 

Kindly assist with rejection fee that the customer was charged 202.70 on the 6th of December 2025, while there was money in his account an amount of R6 100.65.
Bankstatement attached on CRM.

Regards
Phumzile",Rejection Fee Dispute,0.97,Outcome pending – DB check required.
1784284,J  ,12/22/2025 17:51,202.7,0.0,ACC,,Kinldy assist by disputing a rejection fee that was charged to a customer in november. customer state that they changed their debit order date in october from the 31st to the 15th of every month but still in november she was debited on the last day of the month and she was charged a rejection fee. ,Rejection Fee Dispute,0.95,Outcome pending – DB check required.
1783748,J  ,12/23/2025 13:39,405.4,0.0,ACC,,"Effected number :  0753717606
Alternative:  0835426027
Name and surname :  SIHLE ZUMA
Id no :  7701115312080
FA ID Number:  510020694
BA :  345007489
What have you tried: I checked on the customers account 
Additional Information:  the customer would like to dispute the rejection fee that he is being charge with because of the day he was support to be debited on he had enough funds but then the payment still did not go through ",Rejection Fee Dispute,0.99,Outcome pending – DB check required.
1784609,R  ,12/23/2025 15:02,202.7,0.0,ACC,,"Good day

Please assist as customer was charged rejection fee for the debit order in October which was rejected ,however the funds were available in the account.

Bank statement attached on CRM.

Kind regards
Kurt",Rejection Fee Dispute,0.97,Outcome pending – DB check required.
1784648,J  ,12/23/2025 16:32,202.7,0.0,ACC,,"Financial Account: 509620878
Billing account: 336453582
Debit order rejction fees: R202.70 June 2025
Late payment fees R 20.08 June 2025
Late payment fees R29.87 July 2025
Late payment fees R1.47 August 2025",Rejection Fee Dispute,0.97,Outcome pending – DB check required.
1784720,R  ,12/24/2025 11:31,202.7,0.0,ACC,,"Good day
Please assist with disputing the amount of R202.70 as customer had funds in his account for the month of October 
See attached bank statement withh sufficient funds on the debit date

Regards
Joshua",Rejection Fee Dispute,0.97,Outcome pending – DB check required.
1784951,J  ,12/26/2025 9:18,210.23,0.0,ACC,,"Billing Case
 
Affected Number:
0703051024
Alternative Number:
0839886095
Customers Name:
SANDRA STANDER
ID Number:
8007020446081
Billing Arrangement:(If Applicable)
340626100
FA ID Number:(If Applicable)
505680892
What have you tried:
Customer was charged a rejection fee but they had sufficient funds in  the account.
Additional Information:
Bank statement attached 
POP sent to TM SOC Billing:


",Rejection Fee Dispute,0.95,Outcome pending – DB check required.
1784986,R  ,12/26/2025 12:02,1.0,0.0,ACC,,"
Relogged dispute:View Case: 90768169

Customer disputes the Back amount R202.70 + Device obligation R450 Total = R652.70
Customer is billed a Device Obligation / Carryover, currently showing as a pending one time charge of R450, however, there is not replace offer issued for the customer wich may have triggered the charges, and this has led to a high bill thus the unsuccessful debit order",Rejection Fee Dispute,0.97,Outcome pending – DB check required.
1785081,J  ,12/27/2025 14:07,202.7,0.0,ACC,,Rejectionfee,Rejection Fee Dispute,0.95,Outcome pending – DB check required.
1786062,J  ,12/28/2025 18:22,202.7,0.0,ACC,,Customer charged rejection fee on an account that was incorrectly activated and they had paid into an incorrect reference to settle the ,Rejection Fee Dispute,0.97,Outcome pending – DB check required.
1776131,J  ,12/8/2025 8:50,810.8,0.0,ACC,,"Customer had DSL landline, dsl cables were removed, Fibre lines were 
installed in the area, when they were migrating the customer to Fibre 
ther did internet as well but the customer never requested or had internet 
with Telkom. Customer was overcharged.
Retail Fibre Installation -R2 300.00
Backout payment - R202.70 * 4 MONTHS = 810.80",Rejection Fee Dispute,0.97,Outcome pending – DB check required.
1779458,J  ,12/15/2025 14:36,202.7,0.0,ACC,,"client had cancelled the account in october and was not told that his last payment was going to be in November 
and there after the payment rejected and is not being billed for Payment Rejection fee 108451189 27 Nov 25 R 202.70",Rejection Fee Dispute,0.97,Outcome pending – DB check required.
1780786,J  ,12/15/2025 16:58,202.7,0.0,ACC,,customer disputing a rejection fee as she was debited on a wrong date,Rejection Fee Dispute,0.97,Outcome pending – DB check required.
1781465,J  ,12/15/2025 18:10,202.7,0.0,ACC,,"MBUZO MKHWANAZI
0664576541
8202095676080   
343917655
508932798
customer is disputing the rejection fee because he called to change debit order date to the last day of the month but tekom debited on the 25 IN AUGUST 2025
I have checked, but could not find  interaction for the customers request in August 2025",Rejection Fee Dispute,0.99,Outcome pending – DB check required.
1781467,R  ,12/15/2025 18:23,205.7,0.0,ACC,,"Good day

Kindly assist with justifying the customer's bill. Customer says Telkom did not debit her account in October. She says it was not her fault that Telkom did not debit her account. She says there was money in the account. Now she is disputing the rejection fee of R 205.70",Rejection Fee Dispute,1.0,Outcome pending – DB check required.
1781562,R  ,12/16/2025 10:24,202.7,0.0,ACC,,"Good day

Please assist with dbeit rejection fee removal due to customer had a debit order for the 15th telkom attempted to do a debit on the 12th customer only recieved her sallery yesterday the 15th and has made a manuel payment witch should reflect in the next 3 busines days

warm regards ",Rejection Fee Dispute,0.95,Outcome pending – DB check required.
1781582,R  ,12/16/2025 11:30,205.7,0.0,ACC,,"Good day

Customer is disputing the rejection fee of R205.70. Customer says it was not her fault because there was money in her account, however Telkom Reversed the debit. Kindly assist with justifying her bill. The customer is frustrated and says she wont pay the rejection fee. ",Rejection Fee Dispute,1.0,Outcome pending – DB check required.
1780850,R  ,12/16/2025 13:41,1.0,0.0,ACC,,"Good day 

Please assist with correction of billing and reimburstment of funds to the account,Customer debit order date is the last day of the month, attempted debit order on the 29th failed cost the client a R150 in bank fees debit order took place 30th Of November for the amount of R778 account will be having a penalty fee of R202.70 withc needs to be removed as it was not the customers fault that telkom did a debit order a day to early customer is disputing the R202.70 that will be added as well as his R150 in bank charges because agreement debit date is the 30th, account was suspended on the 5th december another debit order took place for the amount R1742 witch is double the amount, as it stands Telkom owe the customer R778 + 202.70 +150.
Please rectify, bank statement is uuploaded to attachments.

Warm regards ",Rejection Fee Dispute,0.97,Outcome pending – DB check required.
1785257,R  ,1/6/2026 9:58,202.7,0.0,ACC,,"customer says he had funds in his account but telkom did not debit
customer disputes the R202.70 BECAUSE HE HAD FUNDS IN HIS ACCOUNT 

customer was suppose to be debitted on the 24th of dec because his debit date was on the 25th and the 25th was on a holiday
customer was debited on the 17th od dec instead

customer disputes the rejection
",Rejection Fee Dispute,0.97,Outcome pending – DB check required.
1787936,R  ,1/6/2026 15:14,201.75,0.0,ACC,,"Please assist as the customer is disputing the debit order rejection fee of R201.75 that was charged as her account was debited on the 27th hence she chose to be debited on the 25th , she also mentioned that the had to pay her account cash therefore she is not willing to pay the debit order rejection as she had already made payment.",Rejection Fee Dispute,0.99,Outcome pending – DB check required.
1789172,J  ,1/6/2026 15:58,202.7,0.0,ACC,,"Good day 
the sim activation was only billed nov 2025 but the contract started in june but not billed that 99 in june only later and customer only has 600 on her account 5th december.
Backout payment 202.70",Rejection Fee Dispute,0.95,Outcome pending – DB check required.
1789178,R  ,1/6/2026 16:12,1.0,0.0,ACC,,"customer has an active contract that she did not sign up for and the device on the subscription does have an imei number

kindly assist with cancelling the subscription and credit any charges where applicable

fa:501596232

affected number : 0706625322

Subscription & usage for 0706625322 Telkom FlexOn 2 TopUp Deal R 320.00Subscription services
Description Period
Device Subscription Fee 01 Jan 26 - 31 Jan 26 R 181.00Telkom FlexOn 2 TopUp 01 Jan 26 - 31 Jan 26 R 139.00Subtotal R 320.00",Rejection Fee Dispute,0.95,Outcome pending – DB check required.
1789270,R  ,1/7/2026 9:07,1.0,0.0,ACC,,customer despute the R202.70 that backout while she had money into her account ,Rejection Fee Dispute,0.97,Outcome pending – DB check required.
1785284,J  ,1/7/2026 9:11,109.38,0.0,ACC,,"affected number: 0672310199
9405031303086
HERISILE MAVUNDA
herisilemavu64@gmail.com
0681582525
97 THIRD AVENUE STREER, ALEX, ALEXANDER BAY, 

customer called to cancel, reason due to billing ... says paid cash and was debited thereafter so now means paid twice... called billing in this regard, says was told by agent to reverse deduction on her end as a result incurred unpaid debit order fees .... customer misled and not given correct information ... upset now is liable to pay more due to the agent advising otherwise ....

was also told a call recording will be done
feedback given was told they cannot find that specific call, even the case logged was closed with no resolution ... was promised feedback to-date has not gotten anything ... everytime is told she was called in this regard but told she does not pick up and tired that since Nov almost calls daily to find a resolution ... 

furthermore debit order did not collect recently, concerned that will be charged that rejection fee again yet has funds in her account ... ",Rejection Fee Dispute,0.95,Outcome pending – DB check required.
1789317,R  ,1/7/2026 13:26,202.7,0.0,ACC,,"Hi there

Please assist , as customer says there was money in his account on the 
15th, he is not sure why payment was reversed.
Customer says he paid twice last month, he says he refuses to pay rejection  fees
Please assist",Rejection Fee Dispute,0.97,Outcome pending – DB check required.
1785306,J  ,1/7/2026 14:11,405.5,0.0,ACC,,Please credit rejection fees due to incorrect banking details was used in customer profile.,Rejection Fee Dispute,0.97,Outcome pending – DB check required.
1785308,R  ,1/7/2026 15:10,202.7,0.0,ACC,,"Good day 

customer was charged rejection fee wrongfully 
he requsted his debit date to be move to the 15th but on the system it was not changed ",Rejection Fee Dispute,0.97,Outcome pending – DB check required.
1789299,R  ,1/7/2026 15:17,202.7,0.0,ACC,,"Good Day

Kindly assist with customer debit order rejection fee dispute as he was debited on the month of October 2025 and the debit order rejected, however the customer had money in his account.

Please see attached bank statement as reference.

Kind Regards
Juevane Nyshe Anthony",Rejection Fee Dispute,0.97,Outcome pending – DB check required.
1790151,J  ,1/7/2026 18:55,202.7,0.0,ACC,,"Good day

please assist custiomer was incorrectly billed payment rejection fee. Customer made a manual payment on the 23rd of december which was before the due date of the 25th. Customer was than debited on the 27th of december and the payment bounced in the interim was charged payment rejection fee. Please assist and reverse incorrect billing as manual payment was made before the due date thank you ",Rejection Fee Dispute,0.95,Outcome pending – DB check required.
1790516,R  ,1/8/2026 13:18,202.7,0.0,ACC,,"Kindly assist the customer made the manual payment, she was not awere that we are going to debit her on the 27th Dec 2025 and she paid on 26th becasue she saw that we didnot debit on the 24th dec and is the first time we charge the customer 202.70",Rejection Fee Dispute,0.95,Outcome pending – DB check required.
1790197,J  ,1/8/2026 14:10,202.7,0.0,ACC,,"Affected Number: 0695752702
Alternative Number: 0695752702
Customers Name: NOMPUMELELO GWALA
ID Number: 7304180448085
Billing Arrangement:345183176
FA ID Number:510196133
What have you tried: the cx would like to dispute the 202.70 as she had the funds but was not debited 
Additional Information: the bank statement proves the customer had the amount 
",Rejection Fee Dispute,0.95,Outcome pending – DB check required.
1790206,R  ,1/8/2026 16:04,202.7,0.0,ACC,,"Good day

Customer would like to be credited with the amount of 202.70 they claim money was in the acount on the 25th  off October and would like to disputed the rejection fee.

kind regards",Rejection Fee Dispute,0.97,Outcome pending – DB check required.
1791124,J  ,1/8/2026 20:45,202.7,0.0,ACC,,rejection fee,Rejection Fee Dispute,0.95,Outcome pending – DB check required.
1791160,R  ,1/8/2026 22:06,202.7,0.0,ACC,,"Affected Number:0695117111

Alternative Number:0695117111

Customers Name:Alungile Langa

ID Number:9709190762085

Billing Arrangement:341527468

FA ID Number:506578892

What have you tried:Checked the customer statement and explained to the customer.

Additional Information:The customer wanted to know how she reached the balance she had. 
Also complained why she was debited on the 29 instead of the last day of the month since that is her
debit date therefore feels like she was wrongly charged the rejection fee.",Rejection Fee Dispute,0.95,Outcome pending – DB check required.
1791161,J  ,1/9/2026 6:39,206.88,0.0,ACC,,"Customer is disputing a rejection fee, Customer had funds.
Bank statement atached",Rejection Fee Dispute,0.95,Outcome pending – DB check required.
1791137,R  ,1/9/2026 8:30,202.7,0.0,ACC,,"Billing Template	 
Affected Number: 0750035573
Alternative Number:  0727739290
Customers Name:	samukelisiwe luthuli 
ID Number:  9908150787088
Billing Arrangement:  345157603
FA ID Number:  510170616
What have you tried: Checked on CRM and asked customer to send Statement that shows she had money in the account on the 31st of December
Additional Information:  Customer says she does not want to pay the rejection fee, as she money and was not debited ",Rejection Fee Dispute,0.97,Outcome pending – DB check required.
1791211,R  ,1/9/2026 10:18,541.66,0.0,ACC,,"Good day 
FA:257678203,Miss Katlego Meagi,Consumer
Customer ID: 510544593

Kindly assist the customer has been charged debit order rejection whereas the agreed date is not the one, customer gets paid on the 15th and debit date is the last day of the month ",Rejection Fee Dispute,0.95,Outcome pending – DB check required.
1791285,R  ,1/9/2026 10:44,201.12,0.0,ACC,,"Incoming call
Contact Phone: 0786867718

Notes: Good Day 

Please assist and see attached bank statements shwoing customer made two payment of the 14/11/2025 of R384.00 and R210.00
Customer is disputing the the rejection fees.

KInd Regards
Sholin",Rejection Fee Dispute,0.97,Outcome pending – DB check required.
1784129,R  ,12/23/2025 9:33,202.7,0.0,ACC,,"Good day 

Kindly assist by removing the debit order rejection fee on the customers profile
According to the customer he called 081180 in august and requested for his date to be cahnged to the 20th and thats when he gets paid now.
Customers date was not cahnged and still being debited incorrectly
Please  credit him that R202.70 change his date for for the 20th of every month",Rejection Fee Dispute,1.0,Outcome pending – DB check required.
1784343,J  ,12/23/2025 9:55,202.7,0.0,ACC,,Customer was charged payment rejection fee on December 2025  invoice R202.7 and there was money in her account onthe 15 November 2025 Bank statement attached,Rejection Fee Dispute,0.95,Outcome pending – DB check required.
1784373,R  ,12/23/2025 11:42,202.7,0.0,ACC,,"FA : 5054257322
AMOUNT : R202.70
Please assist with rejection fees to be charged on the account telkom debited and reversied the money",Rejection Fee Dispute,1.0,Outcome pending – DB check required.
1784634,J  ,12/23/2025 16:00,202.7,0.0,ACC,,"Affected Number:B260073860

 

Alternative Number:0834209976

 

Customers Name:BALUNGILE ZONDI
 

ID Number:6508080556083

 

Billing Arrangement:345140067
 

FA ID Number: 510153114

 

What have you tried:Checked FA ID

 

Additional Information:Customer would like to disputes rejection fee
as she was debited on an incorrect bank.
",Rejection Fee Dispute,0.99,Outcome pending – DB check required.
1784635,J  ,12/23/2025 16:01,260.21,0.0,ACC,,"Affected Number:B260073860

 

Alternative Number:0834209976

 

Customers Name:BALUNGILE ZONDI
 

ID Number:6508080556083

 

Billing Arrangement:345140067
 

FA ID Number: 510153114

 

What have you tried:Checked FA ID

 

Additional Information:Customer would like to disputes rejection fee
as she was debited on an incorrect bank.
",Rejection Fee Dispute,0.99,Outcome pending – DB check required.
1784397,R  ,12/24/2025 14:15,202.7,0.0,ACC,,customer is disputing the rejection fee charge since they made a manual payment and telkom debitted their account at the end of the month ,Rejection Fee Dispute,0.99,Outcome pending – DB check required.
1784901,J  ,12/24/2025 17:50,202.7,0.0,ACC,,"
Affected Number:0698665847

 

Alternative Number:0739102999

 

Customers Name:  KALENGA MWEMA DONKAKIM

ID Number:8606131248268

 

Billing Arrangement:340913873
 

FA ID Number: 505968664
 

What have you tried:Checked FA ID

 

Additional Information:Customer would like to disputes rejection fee.

as she has no mandate",Rejection Fee Dispute,0.99,Outcome pending – DB check required.
1785139,R  ,12/28/2025 11:29,404.4,0.0,ACC,,"Good day, the customer has been charged debit order rejection fees for the last few months. Customer is unhappy because they are not being debited on the correct day and they say that there is money in their bank account when trying to debit. The customer was billed this month with a rejection note and they say that they should be up to date and they should not be billed this month with a backout fee. Please kindly see bank statement attached on crm and kindly advise. ",Rejection Fee Dispute,0.99,Outcome pending – DB check required.
1785158,R  ,12/29/2025 16:35,209.56,0.0,ACC,," Good day 

Can you please assist, the following customer has been charged an amount of R209.56 for a debit rejection fee that occured in October after she had changed her bank information. The details were updated and the debit order went off the wrong account and she went to make a manual payment

FA ID: 510582093
Customer ID: 263612443
FA ID: 510582093

Thank you",Rejection Fee Dispute,0.95,Outcome pending – DB check required.
1786222,R  ,12/30/2025 11:12,202.7,0.0,ACC,,"GOOD DAY
Customer wants a dispute of R202.70 TELKOM debited on an incorrect date yet money was in his account bt he never debit on the account 
FA 504927131",Rejection Fee Dispute,0.97,Outcome pending – DB check required.
1786330,J  ,12/31/2025 8:55,202.7,0.0,ACC,,"Megon Kusche
Customr is requesting the rejection fees be cleared as saidit was not her fault as the debit order didn't go off on the previous months, i checked and the mandate has been done.

Account subscriptions & once-off R 202.70Once-off charges
Description Service/No Reference Date/Period
Payment Rejection fee 229826920 02 Nov 25 R 202.70
",Rejection Fee Dispute,0.99,Outcome pending – DB check required.
1786740,J  ,12/31/2025 10:55,202.7,0.0,ACC,,"Customer made a request to cancel the debit order on the closed First National Bank account:63121948749, requesting to update the banking details.
The customer provided me with the new banking details which is less than 3 months old that why we cannot update the bankin detals.
I advised the customer to pay 10 days before the debit date to avoid to being charged R202.70 for a rejectin fee.",Rejection Fee Dispute,0.97,Outcome pending – DB check required.
1786297,R  ,12/29/2025 14:58,202.7,0.0,ACC,,"good day 

Customer would like to dispute the R202.70 on november invoice since the debit order went off and there was no back out payment",Rejection Fee Dispute,0.99,Outcome pending – DB check required.
1786503,J  ,12/30/2025 13:37,202.7,0.0,ACC,,"Customer asked for the banking to be changed and the system was not updating the banking and customer was charged for the debit rejection fee amount.

Customer was not at fault and the debite rejection fee amount to be reversed for the customer is R202.70.",Rejection Fee Dispute,0.99,Outcome pending – DB check required.
1786568,R  ,12/30/2025 14:00,462.91,0.0,ACC,," Gated. Customer refuses to pay the rejection fee and reconnection fee for December because she was not debited on her side and customer provided bank statement.Banking detatils were changed 2 months ago to Standard bank and confirmed the account number.
Bank statement attached and it shows that we did not debit.",Rejection Fee Dispute,0.95,Outcome pending – DB check required.
1787074,J  ,1/2/2026 12:31,202.7,0.0,ACC,,customer account was charged with the debit order rejection fee of R202.70 the customer was not aware of the charges and made the manual payment on the account on the 06 they are disputing the charges,Rejection Fee Dispute,1.0,Outcome pending – DB check required.
1785201,J  ,1/2/2026 15:29,202.7,0.0,ACC,,"Incoming call
Contact Phone: 0820523434

Notes: Customer was debited more in October and reversed amount because of event billing and was charged a rejection fee. ",Rejection Fee Dispute,0.95,Outcome pending – DB check required.
1787178,J  ,1/2/2026 16:29,202.7,0.0,ACC,,"MRS. SHANDY STEPHEN
Customer is irate as was suppose to be debited on the 31st but instead the it was on the 29th, said there was no money there. I checked on an invoice, and she is correct, she said it is not her proble if it falls on  a weekend but Telkom should take the money on an agreed payment date. 

Bank account to be debited with R 409.00 on 29 Nov 2025

Payment Rejection fee 182058489 30 Nov 25 R 202.70",Rejection Fee Dispute,0.97,Outcome pending – DB check required.
1787197,R  ,1/2/2026 18:05,2080.0,0.0,ACC,,"Good day 

can you assist from May 2024 till August 2025 customers account was incorrectly debited.telkom was suppose to debit an amount of R720 hwever incorrect amounts was debited so when we were debitinng an inncorrect amount and backout the customers bank was charging the customer an rejection fee of R130 per bounce. Now the customer would like to be reimbust for those fee as it was not his problem.she would like to to be credited an amount of  R2080 .

should you want to call her ,you can call after 16:00

BA ID:339771077
FA ID:504825871
CUS ID:136725292
contact:0837640130

your assistance in this matter would be highly appreciated.

Kind Regards",Rejection Fee Dispute,0.97,Outcome pending – DB check required.
1787465,J  ,1/5/2026 7:44,202.7,0.0,ACC,,Cx says that she was debited on the 29th instead of 30 in Nove and would like to dispute the rejection,Rejection Fee Dispute,0.95,Outcome pending – DB check required.
1805849,J  ,2/3/2026 11:55,405.6,0.0,ACC,,"Customer was billed for insurance in July when it had been cancelled 
Customer was credited for the insurance but incurred rejection fees for the unsuccessful debit of the incorrect billing 
View Case: 87982201
View Case: 91585772",Rejection Fee Dispute,0.97,Outcome pending – DB check required.
1806105,O  ,2/3/2026 16:53,202.7,0.0,ACC,,"Good Day

Please assist customer would like to dispute penalty fee of november as he had enough fund in his account penalty fee R202.70 please find attached customer bankstatement on CRM thank you",Rejection Fee Dispute,0.99,Outcome pending – DB check required.
1781978,J  ,12/17/2025 13:32,207.87,0.0,ACC,,"Billing Template

Affected Number: 0750035573

Alternative Number: 0750035573

Customer Name: samukelisiwe luthuli

ID Number: 9908150787088

Billing Arrangement: 345157603

FA ID Number: 510170616

What have you tried: Checked CRM the customer was debited on the 30/09/2025 but the debit order shows it was rejected

Additional Information: Please assist the customer would like to dispute the debit order rejection fee as there was money in her bank account. Bank statement is attached.",Rejection Fee Dispute,0.99,Outcome pending – DB check required.
1781960,J  ,12/17/2025 13:57,405.4,0.0,ACC,,"Billing Template
 
Affected Number:
0698072915
Alternative Number:
0736923853
Customers Name:
david mabasa
ID Number:
8507276085087
Billing Arrangement:(If Applicable)
344326703
FA ID Number:(If Applicable)
509341261
What have you tried:
customer is disputing the rejection fee",Rejection Fee Dispute,0.99,Outcome pending – DB check required.
1782015,J  ,12/17/2025 13:59,405.4,0.0,ACC,,REJECTION FEE ,Rejection Fee Dispute,0.95,Outcome pending – DB check required.
1782090,R  ,12/17/2025 15:23,575.38,0.0,ACC,,"Good day 

FA:510285246
Customer ID:247980447, ZAMOKWAKHE MDHLUZI,Consumer

Kindly assist the customer was debited R575.38 on the 5th of Novemeber 2025 however the money was bought back into the account on the same day. Customer has been charged a debit order rejection fee on the month . Kindly please credit the account. ",Rejection Fee Dispute,0.97,Outcome pending – DB check required.
1782202,R  ,12/17/2025 21:07,204.9,0.0,ACC,,"Good day

kindly assist on ceased service 0676668051. custome is disputing their rejection fee as they state from previous month is was Telkom that debited incorrectly and that how he October invoice was high cause it was not the amount that she had thought would be on the invoice. Kindly assist to investigate and credit the customer.
BA : 340896626
FA : 505951417
Customer's contact : 0828192186",Rejection Fee Dispute,0.97,Outcome pending – DB check required.
1782315,J  ,12/18/2025 9:12,202.7,0.0,ACC,,credit once off reject fees credited R202.70 cst has cst was given wrong debit date ,Rejection Fee Dispute,0.97,Outcome pending – DB check required.
1782538,R  ,12/18/2025 12:52,473.0,0.0,ACC,,Customer disputes the debit order rejection fees as the debit order does not run monthly causing the fees bankstatements attached on NGN CRM,Rejection Fee Dispute,0.99,Outcome pending – DB check required.
1782601,J  ,12/18/2025 14:10,202.7,0.0,ACC,,Customer was charged a rejection fee and was not told to make a payment 10 days before her debit date and she has never missed any debit order ever since ,Rejection Fee Dispute,0.95,Outcome pending – DB check required.
1782663,J  ,12/18/2025 16:25,202.7,0.0,ACC,,"NOMTHANDAZO PRINCESS MADUNA
0789445675
9410260723087
341197553
506252141
customerr is disputing the rejection fee charge for the failing of sep and oct 2025 debit order saying that there were enough funds
assisted and checked, only september 2025 the customer had enough funds in october 2025 there no enough funds in the customers bank account",Rejection Fee Dispute,0.99,Outcome pending – DB check required.
1776245,J  ,12/8/2025 11:45,202.7,0.0,ACC,,"Rejection Fee Dispute

The customer is disputing a recharged rejection fee of R202.70, stating that they had sufficient funds in their bank account at the time of the transaction.

The customer has provided a bank statement as proof.

FA Number: 509606517
ID Number: 9204070636088",Rejection Fee Dispute,1.0,Outcome pending – DB check required.
1776440,J  ,12/8/2025 16:00,202.7,0.0,ACC,,customer is disputing the rejection fee of  202.70 as he had enough funds in his account,Rejection Fee Dispute,1.0,Outcome pending – DB check required.
1776635,J  ,12/9/2025 10:55,204.96,0.0,ACC,,"customer want to dispute his bill 
Account subscriptions & once-off R 401.00Once-off charges
Description Service/No Reference Date/Period
Event Billing Usage 0684596480 R 401.00Subtotal R 401.00

 11/3/2025  CREDIT  -419.00  then month of noverber customer had a 
Account subscriptions & once-off -R 193.68Once-off charges
Description Service/No Reference Date/Period
Payment Rejection fee 180590577 17 Oct 25 R 202.70",Rejection Fee Dispute,0.97,Outcome pending – DB check required.
1777083,R  ,12/10/2025 11:13,202.7,0.0,ACC,,"Good day 
Incorrect Debit date was advised by Store agent 
Customer was billed debit rejection fees 
Kindly credit 
Thank you ",Rejection Fee Dispute,0.97,Outcome pending – DB check required.
1777022,R  ,12/10/2025 17:27,1.0,0.0,ACC,,"Incoming call
Contact Phone: 0729699106

Notes: Good day 

Kindly assist with the below customer who states that Telkom is not debiting their account. 

The customer also stated that there are always funds on her account for the debit order to take place. The customer's bank statement is attached on the system,  from the day Telkom stopped debiting her account.



Billing Case
Affected Number:0601570814
Alternative Number:0729699106
Customers Name:LERATO MABALE
ID Number:8207250579086
Billing Arrangement:(If Applicable)345142239
FA ID Number:(If Applicable)510155286
What have you tried:Checked if the mandate is still active 
Additional Information:The customer would like to have the rejection fees disputed
POP:Attached on (CRM)",Rejection Fee Dispute,0.97,Outcome pending – DB check required.
1777488,R  ,12/11/2025 10:40,202.7,0.0,ACC,,Backout fee 202.70,Rejection Fee Dispute,0.95,Outcome pending – DB check required.
1791239,J  ,1/9/2026 10:55,208.9,0.0,ACC,,"Good day

Please assist with crediting clients services as she was charged a rejection fee while there was funds in account

customer name:Dorothy Moses
customer id:170789737
customer contact:0785423287
FA:506309683",Rejection Fee Dispute,0.95,Outcome pending – DB check required.
1791362,J  ,1/9/2026 12:03,202.7,0.0,ACC,,CC:91223971:SC checked cust Sept invoice cust has R245 fund and R175 rejected 29/09/2025- waived the R202.70 charged on the  2/12/2026 -= 0815771963 informed patience lorraine account credited  Salo chetty 0313634228 ,Rejection Fee Dispute,0.97,Outcome pending – DB check required.
1791382,J  ,1/9/2026 12:48,405.4,0.0,ACC,,"Affected Number:
 0704763883
Alternative Number:
 0716524294
Customers Name:
 Pabalelo Hlahu
ID Number:
 9012105570085
Billing Arrangement:(If Applicable)
 345415663
FA ID Number:(If Applicable)
 510428621
What have you tried:
Customers banking details were captured Correctly on AVS but incorrectly on CRM,? and customer is being charged the rejection fee.
Additional Information:
customer is disputing the rejection ,? we only managed to credit customer for the only past 2 months,? now i will credit customer for the other 2 months. 
POP sent to TM SOC Billing
N/?A",Rejection Fee Dispute,0.97,Outcome pending – DB check required.
1791250,J  ,1/9/2026 13:59,202.7,0.0,ACC,,"Billing Template
Affected Number: 0658975566
Alternative Number: 0695753894
Customers Name: Nozipho Shange
ID Number: 8611260348087
Billing Arrangement: 334715047
FA ID Number: 501366976
What have you tried: Checked on FA
Additional Information:Customer called in to dispute the rejection fee from december
",Rejection Fee Dispute,0.99,Outcome pending – DB check required.
1791415,R  ,1/9/2026 14:18,49.0,0.0,ACC,,"Good day 
I trust you are well, 

Kindly asisst with the dispute of R49.00 customer was charged incorrectly for subscription fees.

FA ID:501898009

Thank you 
Regards",Rejection Fee Dispute,0.85,Outcome pending – DB check required.
1791457,J  ,1/9/2026 14:25,1372.7,0.0,ACC,,"10609574 -Customer should not have billed for device in December invoice. Please get credit approved by dispute way.
Add on Device Installment Fee-1170
Backout payment-202.70",Rejection Fee Dispute,0.85,Outcome pending – DB check required.
1791542,J  ,1/10/2026 10:17,202.7,0.0,ACC,,customer changed her debit order date and  pro-rata  took place i am going to credit her with R202.70,Rejection Fee Dispute,0.97,Outcome pending – DB check required.
1791580,J  ,1/10/2026 13:54,202.7,0.0,ACC,,the cx   calls disputing 202.70 for the payment that he paid 10 days prior and he was debited again and the debit order didnt go through,Rejection Fee Dispute,0.95,Outcome pending – DB check required.
1790431,J  ,1/11/2026 15:24,203.03,0.0,ACC,,The customer is disputing the rejection fee and late payment interest because they had enough funds when  we came to debit.,Rejection Fee Dispute,0.99,Outcome pending – DB check required.
1791678,J  ,1/12/2026 8:55,202.7,0.0,ACC,,CUSTOMER WOULD LIKE TO DISPUTE 202.70 PAYMENT REJECTION FEE CHARGED FOR NOVEMBER REJECTION AS SHE STATES THAT THE AGREED DATE IS LAST DAY OF THE MONTH NOT THE DAY BEFORE.,Rejection Fee Dispute,0.99,Outcome pending – DB check required.
1790436,J  ,1/12/2026 10:34,202.7,0.0,ACC,,"Cx says she was billed extra but she was debited on the wrong bank account

Cx wants to dispute the rejection fee of 202.70",Rejection Fee Dispute,1.0,Outcome pending – DB check required.
1791843,J  ,1/12/2026 11:45,1111.94,0.0,ACC,,"Customer is credited for the subscription fee and the rejection fee 
Customer doesn't have any usage 

View Case: 91265332",Rejection Fee Dispute,0.97,Outcome pending – DB check required.
1791906,J  ,1/12/2026 13:01,202.7,0.0,ACC,,"Contacted customer on primary contact 0605299899, the person that answered does not know sub.

Feedback:
Package was provided in April as follows: Sim-Only + R99 Once-Off Activation Fee on 12.5GB LTE TopUp @ R99 x 24 Months (12.5GB Anytime + 12.5GB Night-Surfer).
The invoice issued in May did not include sim activation fee the charges, Telkom realized in December that the account was not charged correctly in May hence an invoice was issued.
Exception for the rejection fee charges has been made the customer is credited R202.70.",Rejection Fee Dispute,0.99,Outcome pending – DB check required.
1793654,J  ,1/13/2026 16:29,202.7,0.0,ACC,,"customer was charged debit rejection fees while they changed the debits date on 20/10/2025 for 15 of every month yet on the system still not changed
disputing the amount of R202.70 on the account ",Rejection Fee Dispute,1.0,Outcome pending – DB check required.
1793670,R  ,1/13/2026 17:35,957.0,0.0,ACC,,payment not reflecting and see attached the bank statement with deduction and please credit the rejection fee as well please,Rejection Fee Dispute,0.97,Outcome pending – DB check required.
1786831,R  ,1/3/2026 9:56,202.0,0.0,ACC,,"Good day,

Please assist the customer was charged a rejection fee on the 27th of December 2025

and on the bank statement it shows the was enough funds

Please assist to remove the R202 that was charged ",Rejection Fee Dispute,0.95,Outcome pending – DB check required.
1785218,J  ,1/4/2026 11:17,202.7,0.0,ACC,,"Customers debit date is on the 25th of October 2025 , she had sufficent balance but she was not debited resulting to the 202.70 rejection fee ",Rejection Fee Dispute,0.97,Outcome pending – DB check required.
1787425,J  ,1/4/2026 11:48,405.4,0.0,ACC,,Customer us being charged rejection fee for the backouts on they account as the statement indictaes there was sufficient funds available on they account statement attached amount of R405.40 for october and november ,Rejection Fee Dispute,0.97,Outcome pending – DB check required.
1787725,J  ,1/5/2026 12:58,208.68,0.0,ACC,,Rejection fee ,Rejection Fee Dispute,0.95,Outcome pending – DB check required.
1787914,R  ,1/5/2026 18:55,202.7,0.0,ACC,,"customer disputing rejection fee for November debit order. Customer states their account was debited a day before agreed upon date. Account was debited on 29 November, not 30 November. ",Rejection Fee Dispute,0.95,Outcome pending – DB check required.
1789011,J  ,1/6/2026 9:29,202.7,0.0,ACC,,"affected number: 0680788024
contact number: 0814060017
ID: 344875067
FA: 509888653
BAR: 344875067
more info: The customer dispute the rejection fee as her debit order for 30/09 rejected however she had funds on the account.
- confirmed balance on the bank statement ",Rejection Fee Dispute,1.0,Outcome pending – DB check required.
1787937,R  ,1/6/2026 15:15,202.7,0.0,ACC,,"Good day 

Kindly assist with disputing R202.70 from customers account as they had funds in their accound when debit order backout.",Rejection Fee Dispute,0.97,Outcome pending – DB check required.
1787911,R  ,1/5/2026 18:45,1.0,0.0,ACC,,"Payment arrangement.
 
Customer Query :

Customer would like a payment arrangement.

Affected Number: 0691605733

Alternative Number: 0659574722

Customers Name: ELANDRE VORSTER

ID Number: 9705205061083

Billing Arrangement: 344019791

FA ID Number: 509034796

Status of account: Suspended

Suspended

Amount in Collection:R4,481.99

Additional Information:

Customer did agree on the plan, Customer already paid the first 40% payment of R2988.00. We are unable to log the payment arrangement  as CRM gives an error.
The reason for the error below is due to an affordability issue. The proposed arrangement exceeds the customer’s subscription fee

Customer agreed on the plan (30/30/40):

e.g. Yes",Rejection Fee Dispute,0.95,Outcome pending – DB check required.
1787923,J  ,1/6/2026 10:06,202.7,0.0,ACC,,"customer says he had funds in his account but telkom did not debit
customer disputes the R202.70 BECAUSE HE HAD FUNDS IN HIS ACCOUNT 

customer was suppose to be debitted on the 24th of dec because his debit date was on the 25th and the 25th was on a holiday
customer was debited on the 17th od dec instead

customer disputes the rejection
",Rejection Fee Dispute,0.97,Outcome pending – DB check required.
1788946,J  ,1/6/2026 10:08,202.7,0.0,ACC,,"customer says he had funds in his account but telkom did not debit
customer disputes the R202.70 BECAUSE HE HAD FUNDS IN HIS ACCOUNT 

customer was suppose to be debitted on the 24th of dec because his debit date was on the 25th and the 25th was on a holiday
customer was debited on the 17th od dec instead

customer disputes the rejection
",Rejection Fee Dispute,0.97,Outcome pending – DB check required.
1786883,J  ,1/6/2026 11:07,202.7,0.0,ACC,,Customer is disputing the payment rejection fee because he was charged a recconnection fee on the NOV invoice and dispute was log however it was logged late and the debit order went through with the full amount because the of the dispute being logged 2days before the debit order,Rejection Fee Dispute,0.95,Outcome pending – DB check required.
1788950,J  ,1/6/2026 11:12,202.7,0.0,ACC,,"Customer would like to dispute rejection fee of 202.70
customer was debited on a wrong account",Rejection Fee Dispute,0.97,Outcome pending – DB check required.
1787792,J  ,1/6/2026 14:41,202.7,0.0,ACC,,Customer requested for his debit date to be changed on the 02 of November 2025 which was 10 working days before his debit date but he was debited on the last day of the month leading to hi being charged the penalty fee of R202.70,Rejection Fee Dispute,0.97,Outcome pending – DB check required.
1788967,J  ,1/6/2026 17:59,202.7,0.0,ACC,,"customers debited order date is on the 25th , customer was told he will be debited on the 24th as the invoice states . the customer was not debited  on the 24th 
customer is disputing the rejection that was charged 
customer disputing the 202.70 that was charged on his account 
customer had funds on the 27th 
on the system it shows that the customer was debited on th 19th but the debit order failed ",Rejection Fee Dispute,0.97,Outcome pending – DB check required.
1787808,J  ,1/7/2026 10:47,1728.7,0.0,ACC,,Usage and rejection fee View Case: 91217080,Rejection Fee Dispute,0.95,Outcome pending – DB check required.
1806007,O  ,2/3/2026 12:25,202.7,0.0,ACC,,"Customer had a backout on 31.01.2026 for R419.00 but there were funds available on the account, customer will make a manual payment for the subcription, kindly assist with waiving rejection penalties of R202.70",Rejection Fee Dispute,0.97,Outcome pending – DB check required.
1782696,R  ,12/19/2025 10:17,202.7,0.0,ACC,,Customer is disputing the 202.70 for Debit rejection stating she was no alerted when to be debited.,Rejection Fee Dispute,0.95,Outcome pending – DB check required.
1783375,R  ,12/19/2025 10:52,202.7,0.0,ACC,,"Good day

Kindly assist with re instating debit order, customer always has money on his account however telkom doesnt debit and customer is disputing the rejection fees that are being charged its not his fault ",Rejection Fee Dispute,1.0,Outcome pending – DB check required.
1783493,R  ,12/19/2025 18:44,202.7,0.0,ACC,,"The customer is disputing the amount of R202.70 cherged for the back out on the October month.
As she was not aware that it wont be effective immediately. ",Rejection Fee Dispute,0.97,Outcome pending – DB check required.
1783886,J  ,12/20/2025 19:37,202.7,0.0,ACC,,rejection fee,Rejection Fee Dispute,0.95,Outcome pending – DB check required.
1784001,J  ,12/22/2025 10:18,202.7,0.0,ACC,,"Cx says she was debited on the wrong debit date,

Changed the cx's debit date on crm and sent the cx a new debi check with the correct debit date.

Cx wants to dispute the rejection fee.",Rejection Fee Dispute,0.99,Outcome pending – DB check required.
1784194,R  ,12/22/2025 14:01,202.7,0.0,ACC,,"Good day
Please kindly assist. Customer is disputing an amount of R202.70 that is charged on her account. Customer states that there were funds on the debit date that was set with Telkom. Please kindly see the attached bank statements as proof that there were enough funds in her account",Rejection Fee Dispute,0.97,Outcome pending – DB check required.
1784519,J  ,12/23/2025 12:36,202.7,0.0,ACC,,"CX HAD MONEY IN HIS ACCOUNT WHEN THE DEBIT ORDER BOUNCED ON THE 30/09/2025 AND 25/11/2025

CX WANTS TO DISPUTE THE REJECTION FEE CX'S BANK STATEMENT ATTACHED ON CRM",Rejection Fee Dispute,0.99,Outcome pending – DB check required.
1784613,J  ,12/23/2025 17:14,202.7,0.0,ACC,,"Billing case





Affected Number:
0601769938
Alternative Number:
0835917401
Customers Name:
MATLOU KOKETSO HLAKO
ID Number:
9109091170084
Billing Arrangement:(If Applicable)
344082817
FA ID Number:(If Applicable)
509097947
What have you tried:
Customer was charged a rejection fee of 202.70 as they were debited on an incorrect date, which was not the one they requested for at the store as it shows a different one on the tick sheet.
 



Additional Information:
Account subscriptions & once-off R 202.70",Rejection Fee Dispute,0.97,Outcome pending – DB check required.
1784388,R  ,12/24/2025 9:46,202.7,0.0,ACC,,"Good day 
Please assist as customer has money in his account on the 25th but the money does not get deducted from the account. and a R202.70 keeps getting added to the acount 

Thank you in advance",Rejection Fee Dispute,0.97,Outcome pending – DB check required.
1781842,R  ,12/17/2025 11:00,207.49,0.0,ACC,,"Affected Number: 0601746961
Alternative Number: 0625150858
Customers Name: FRANCES HILL
ID Number: 5804170016083
Billing Arrangement: 345673892
FA ID Number: 510686849

Additional Information: Customer is disputing the rejection fee as the billing date is also wrong. He wanted the billing cycle to be on the 5th but under CRM the only date available is the last day of the month. 
Customer's current billing cycle: 3/B
Customer's current billing date: Last day of the Month

Customer's prefered billing cycle:5/D
Customer's prefered billing date: 5TH 

Charges to be credited: R207.49 (Rejection Fee & Late payment Interest).",Rejection Fee Dispute,1.0,Outcome pending – DB check required.
1793725,J  ,1/14/2026 9:07,260.21,0.0,ACC,,Customer is a pensioner advised her i will assist her with the reconnection fee and she must understand that she needs to pay every month not skipping any months ,Rejection Fee Dispute,0.95,Outcome pending – DB check required.
1793770,J  ,1/14/2026 9:37,202.7,0.0,ACC,,"affected number: 0746016139
FAIYAZ SALOOJEE
8009125207087
faiyazsal@gmail.com
0737689797
11 BANTON RD 
ROBERTSHAM 2091 
JOHANNESBURG 

customer called to cancel contract .... reason wants method of paymet on cash ... advised can pay manually ... needs to pay 10 days prior their payment date to avoid unpaid debit order fees ..... in an effort to retain reversed rejection fee 
",Rejection Fee Dispute,0.95,Outcome pending – DB check required.
1793897,J  ,1/14/2026 12:54,202.7,0.0,ACC,,"
Name:THEMBELA NCUBE
ID NO:9604140329087
506166861
341112273

Customer states was not aware of the rejection fee charge 202.70 as we charged her on November 

cx is willing to stay with us but pay manual 10 workind days prior as advised with me . ",Rejection Fee Dispute,0.97,Outcome pending – DB check required.
1794046,R  ,1/14/2026 14:11,1301.0,0.0,ACC,,"Good day team 

Can you please assist with billing dispute as customer came in to make payment as he received communication that his services will be cut as his in collection. But according to customer requested to cancel service 0815441534 back in October of last year 2025 as it was expiring however service was never cancelled and customer continued being charged the subscription fee for that number. So customer wants to be credited for that up until todays date . In addition to that customer also changed his banking details from nedbank to capitec but details was never updated so customer wants to be credited the 202.70 rejection fee as well. Please investiagte and assist with providing feedback to customer on 0815441534

customer name: Lesley Marcus
Customer ID: 105292515
BA: 334535580
FA: 501187509
Service number: 0815441534

regards ",Rejection Fee Dispute,1.0,Outcome pending – DB check required.
1792659,R  ,1/14/2026 16:00,202.7,0.0,ACC,,"Good day 

Please assist in unsuspending clients profile.

Please review clients profile and assist or advice if clients credit limit may be increased to avoid futher suspention on account.

Also assist in allocating payment of R202.70 made 14 Jan 2026.

Kind regards 

C.",Rejection Fee Dispute,0.97,Outcome pending – DB check required.
1793904,R  ,1/14/2026 16:43,1.0,0.0,ACC,,"Greetings

Please assist with inreeasing customer spend limit. Customer's limit is R1950.00 and due to rejection fee plus her monthly installment she went over by 7 cents. Customer requests that you atleast increase her spend limit by R50 to prevent future unnecessary suspension.",Rejection Fee Dispute,0.95,Outcome pending – DB check required.
1794110,R  ,1/14/2026 17:35,514.0,0.0,ACC,,"FA:509925468
Debit order went off on the 27/12/2025 and returned mones on the same date. See attached bank statement showing that funds were available in the account when debit order bounced. Review this account and credit Rejection fee",Rejection Fee Dispute,0.95,Outcome pending – DB check required.
1794097,R  ,1/14/2026 19:36,20270.0,0.0,ACC,,"Billing Template
Affected Number:0614218293
Alternative Number:0768550955
Customers Name: MAMATJI Madisha
ID Number:9308270509084
Billing Arrangement:341327725

FA ID Number:506382003

What have you tried: Checked the customer on FA the customer paid on 28/11/25 
they were also debited on 29/11/25 

 Additional Information: customer did not know about the 10 working days 
before the debit date. they were charge the rejection fee they want to credited
the amount of 202,70",Rejection Fee Dispute,0.95,Outcome pending – DB check required.
1795603,R  ,1/15/2026 14:15,202.7,0.0,ACC,,"Good Day 

Trust you are well

Please assist with the customers bill as she was suppose to be debited on the last day of the month 31th but telkom did not debit the customer.Please assist with the dispute of R202.70 that will be charged on the customers bill.

Kindly regard
Nosipho Masheane",Rejection Fee Dispute,0.97,Outcome pending – DB check required.
1804967,R  ,2/2/2026 11:34,0.01,0.0,ACC,,"The customer says she was charged the payment rejection fee but the customer says she had transfered money into her FNB account on the 27 December she says the funds were available on the 29 December but it was FNB fault she called the bank to dispute the debit fee charged now she wants telkom to credit account Payment Rejection fee 103882196 31 Dec 25 R 202.70 please find the attached proof of bank statement please contact customer on 0843032018

",Rejection Fee Dispute,0.97,Outcome pending – DB check required.
1785289,J  ,1/7/2026 10:27,202.7,0.0,ACC,,REJECTION FEE 202.70,Rejection Fee Dispute,0.97,Outcome pending – DB check required.
1789310,R  ,1/7/2026 11:20,202.7,0.0,ACC,,"Hi there

Please pass credit as customer debit date is last day
Customer only got paid on the 31st of December 
Telkom deducted on the 27th
Please pass credit on Payment Rejection Fee - Invoice R202.70

Thanks",Rejection Fee Dispute,0.99,Outcome pending – DB check required.
1785303,R  ,1/7/2026 13:27,202.7,0.0,ACC,,Cx disputing the rejection fee because she had funds in her acc,Rejection Fee Dispute,0.99,Outcome pending – DB check required.
1789413,R  ,1/7/2026 13:59,202.7,0.0,ACC,,"customer Query : customer got charged a rejection fee even tho funds were reflecting in her account
 
Affected Number : 0697030212
email address:dorothytsatsi03@gmail.com
Customers Name :dorothy tsatsi
ID Number: 7510210637089
Billing Arrangement : 345577363
FA ID Number : 510590320 
Amount Debited : R202.70
What have you tried : probed customer, checked F.A and bank statement, funds are reflecting in customers account on debit date..

Additional Information: Customer would like R202.70  to be credited back to her telkom account",Rejection Fee Dispute,0.99,Outcome pending – DB check required.
1789258,J  ,1/7/2026 14:48,608.1,0.0,ACC,,"Customer has a problem with the debit she had funds in her bank account advised now moving forward seeing that this only started in Sep 2025 she will need to call on the same day if the money is not taken other wise she will have to pay the rejection fees 
This credit is for 3 rejection fees ",Rejection Fee Dispute,0.97,Outcome pending – DB check required.
1789466,J  ,1/7/2026 21:58,202.7,0.0,ACC,,Customer is disputing rejection fee,Rejection Fee Dispute,0.95,Outcome pending – DB check required.
1790286,R  ,1/8/2026 9:51,202.7,0.0,ACC,,kindly assist as the customer was charged 202.70rejection fees even though there were sufficient funds in the account,Rejection Fee Dispute,0.9,Outcome pending – DB check required.
1790300,J  ,1/8/2026 10:04,202.7,0.0,ACC,,"Cx says he was debited on the incorrect debit date, cx says he made a manual payment since telkom didnt debit his account, payment is reflect on the system.

Cx wants to dispute the rejection fee of 202.70",Rejection Fee Dispute,1.0,Outcome pending – DB check required.
1790354,R  ,1/8/2026 11:13,202.7,0.0,ACC,,"Good day 

The customer has been charged a double rejection fee their usual debit date is the 15th of December but the payment bounced so they were charged a backout fee, they paid manually but telkom still debited their account so they reversed the payment which has led to the double rejection kindly remove one of the rejection fee , Thank you",Rejection Fee Dispute,0.95,Outcome pending – DB check required.
1790337,J  ,1/8/2026 11:15,202.7,0.0,ACC,,Customer called in saying that they are charged for the rejection fee on their current statement and the rejection was already debited on the 31/12/2025,Rejection Fee Dispute,0.95,Outcome pending – DB check required.
1790447,J  ,1/8/2026 11:32,202.7,0.0,ACC,,"Affected Number: 0703152630
Alternative Number:?0844208393???
Customers Name: INNOCENT MADI
ID Number: 8205085283080
Billing Arrangement: 345496009
FA ID Number: 510508967
What have you tried: i checked customer's FA   customer was debited no the 27nth of december
Additional Information: customer is disputing a late payment of R202.70 ",Rejection Fee Dispute,0.97,Outcome pending – DB check required.
1804736,R  ,2/1/2026 12:05,620.0,0.0,ACC,,"
Billing Case
 
Affected Number:
 0703034775
Alternative Number:
 0614445453
Customers Name:
 MARC COX
ID Number:
 7211105075085
Billing Arrangement:(If Applicable)
 344815699
FA ID Number:(If Applicable)
 509829285
What have you tried:
 Customer has made a payment into the wrong FA account that has been canceled 508946126 customer is requesting to have funds transferred to the correct FA 509829285
Additional Information:
 Customer is also disputing the rejection fee as they made payment 10 days before the debited date in December as they have issue with they bank and has to make a manual payment 

Please  attached documents 
 ",Rejection Fee Dispute,1.0,Outcome pending – DB check required.
1787967,J  ,1/7/2026 15:19,202.7,0.0,ACC,,"Billing Case
 
Affected Number:
 0672570620
Alternative Number:
0677258176 
Customers Name:
 SIBULEE MTONGANA
ID Number:
 9909150669086
Billing Arrangement:(If Applicable)
 344103053
FA ID Number:(If Applicable)
 509118083
What have you tried:
 Customer was charged a penalty fee on her account when there was money in her account as per 3 months bank statement on Page 11 of 13
Additional Information:
 Customer would like to dispute the 202.70 as the money was brought back to her account ",Rejection Fee Dispute,0.95,Outcome pending – DB check required.
1789436,J  ,1/7/2026 15:26,250.63,0.0,ACC,,"Backout payment: R202.70
Late payment Interest: R47.93
Customer was incorrectly charged in November hence the debit order was unpaid, exception for the backout fee charges is granted due to billing error.
View Case: 90877476",Rejection Fee Dispute,0.88,Outcome pending – DB check required.
1789493,J  ,1/7/2026 16:57,202.7,0.0,ACC,,"0814351220- Customer would like to cancel as he was charged 202.70 while he had funds on his account.
 Customer says that the bank statement says he was debited on the 27th and not the 24th- customer is disputing the 202.70 ",Rejection Fee Dispute,0.95,Outcome pending – DB check required.
1790314,J  ,1/8/2026 10:26,202.7,0.0,ACC,,"Billing Case
 
Affected Number:
0697342270
Alternative Number:
0812898872
Customers Name:
ANELE NJOVA
ID Number:
9705070023085
Billing Arrangement:(If Applicable)
345501553
FA ID Number:(If Applicable)
510514511
What have you tried:
Customer would like to dispute the 202.70 charges that have been added on her account .
Additional Information:
 Customer has sent proof that she money on the account before the 28 and 29 November still the account was not debited by Telkom 
POP sent to TM SOC Billing:
Yes",Rejection Fee Dispute,0.95,Outcome pending – DB check required.
1790330,J  ,1/8/2026 10:42,202.7,0.0,ACC,,Customer dispute the rejection fee because we debited on the wrong date ,Rejection Fee Dispute,1.0,Outcome pending – DB check required.
1790310,R  ,1/8/2026 11:01,202.7,0.0,ACC,,"Good day

Please assist and remove Payment Rejection Fee on customer's account, because account was not debited while enough funds were available on the account and the bank statement is attached on CRM.

Regards
Siya",Rejection Fee Dispute,0.95,Outcome pending – DB check required.
1790342,R  ,1/8/2026 11:21,179.98,27.0,DEB,TM_RCPD111,Customer calls in wanted to know if the payment  she made is reflecting on our side and whyshe been charged R202.70 while she have funds in her acc.... advised custometr that her acc is Out Of Collection - on Trial with the past due amount of R0.00 and the balance of R485.62....ADVISED customer that the payment of R280.00 does reflects on our side....advised customer to send the POP so that i can assist to disbute the R202.70....customer did sent the POP[however Telkom didnt dipite in the customers acc ,Rejection Fee Dispute,0.97,Outcome pending – DB check required.
1790543,R  ,1/8/2026 15:59,202.7,0.0,ACC,,"Good day,
208884745, SBONGISENI MBAYISHE, Consumer
BA-345699403
R202.70
Please assist client is disputing the R202.70 on his Invoice, there was funds in account for the R638 31st December but he still got penalised, proof of bankstatement attached.
Regards",Rejection Fee Dispute,0.97,Outcome pending – DB check required.
1790409,J  ,1/9/2026 13:23,505.0,0.0,ACC,,"customer made payment on 29/11/2025(MTA) never reflected. Customer did not allow debit order in december as account was paid. 
Arranged credit for rejection fee R202.70 and interest 3.32.",Rejection Fee Dispute,1.0,Outcome pending – DB check required.
1790413,R  ,1/9/2026 15:02,202.7,0.0,ACC,,"Good Day 

Can you please assist, customer was charged for a Late Payment Fee in August that the customer was not aware of, customer would like to dispute an amount of R202.70 as the funds was available in the customers bank account.

Please assist in creditting the account with the R202.70

Find attached the customers bank statements.

Affected number: 0814870190
FA ID: 509431468
CA ID: 212246334

Kind Regards",Rejection Fee Dispute,0.97,Outcome pending – DB check required.
1791903,R  ,1/12/2026 12:50,202.7,0.0,ACC,,Customer paid and payment reflected and was debited again. Would like to dispute the rejection fee,Rejection Fee Dispute,0.99,Outcome pending – DB check required.
1792012,R  ,1/12/2026 14:57,202.7,0.0,ACC,,"good day 

can you please assist on this account customer had money on the account but was charged a rejection fee for the month of november ",Rejection Fee Dispute,0.95,Outcome pending – DB check required.
1792601,R  ,1/13/2026 14:08,202.7,0.0,ACC,,"Good day

kindly assist customer was debited on wrong debited  in August 2025 and charged rejection fee yet the was money in account, please assist with crediting customer's account, proof of amount in the account is attached",Rejection Fee Dispute,0.97,Outcome pending – DB check required.
1784779,R  ,12/24/2025 12:32,202.7,0.0,ACC,,"Affected Number:

 0677615676

Alternative Number:

 0658355759

Customers Name:

 LISA BELANI

ID Number:

 9612300386086

Billing Arrangement:

 341612855

FA ID Number:

 506664238

What have you tried:

 Checked on CRM customer was charge R202.70 beacause of the backout of November, however customer
 has sent through  her November Bankstatement as proof that she did have funds on her bank account
 on the 25/11/2025.

Additional Information:

Customer would like R202.70 to be credited because she did have money on  her bank on the exact 
date of our debit. Please assist",Rejection Fee Dispute,0.97,Outcome pending – DB check required.
1786060,J  ,12/28/2025 17:58,202.7,0.0,ACC,,rejection fee,Rejection Fee Dispute,0.95,Outcome pending – DB check required.
1786145,J  ,12/29/2025 10:40,202.7,0.0,ACC,,I reversed the payment rejection fee R202.7  because I have attched statement as confirmagtion that there was money in customer account on the 31st October 2025 Bank statement attached ,Rejection Fee Dispute,0.97,Outcome pending – DB check required.
1786236,J  ,12/29/2025 12:48,695.75,0.0,ACC,,"Customer called in to suspended but shows as cancelled 

customer called in 11/25/2025 12:13 PM

Good day B

I hope all is well , I have had a customer that was charged rejection fees and reconnection fees , customer had the mandate and everything done however Telkom does not debit and there was money in the account on both occasions. Customer claims to have consulted the bank and she said they told her to contact us , she sent the statement and it reflects there was money but Telkom did try and debit however reflected as a missed payment.



when I try to do a justified dispute for the customer after investigations , ng gives me this error, I have tried for a couple of days now , restarted ng and still the same problem.

Kindly assist 
Kindregards 
Kutlwano 

escalated to the tl as the system is giving me an error message as i was to do a dispute for the customer 

account was not justified ,m advised customer that will justify the R484,87 +210.85=R695,72 for the service fees 

customer wants to open the case 

",Rejection Fee Dispute,0.99,Outcome pending – DB check required.
1786422,R  ,12/29/2025 16:34,352.7,0.0,ACC,,"Good day 

Please assist with correction of billing and reimburstment of funds to the account,Customer debit order date is the last day of the month, attempted debit order on the 29th failed cost the client a R150 in bank fees debit order took place 30th Of November for the amount of R778 account will be having a penalty fee of R202.70 withc needs to be removed as it was not the customers fault that telkom did a debit order a day to early customer is disputing the R202.70 that will be added as well as his R150 in bank charges because agreement debit date is the 30th, account was suspended on the 5th december another debit order took place for the amount R1742 witch is double the amount, as it stands Telkom owe the customer R778 + 202.70 +150.
Please rectify, bank statement is uuploaded to attachments.

Warm regards ",Rejection Fee Dispute,0.97,Outcome pending – DB check required.
1786220,R  ,12/29/2025 19:14,1.0,0.0,ACC,,"
Search

FA_ID
 	









Collections Not Found

Collected Amount	
      
Search_FA      
507383625
Last Successful Date	
  FA_Number 
507383625
 	Arrears	
R 0,00
Cus_Names   
ZAIDAH SALIE
Total Due	
R 202,70
   
Last Debit Order Rejection Date	
2025-12-01

Rejection Reason	
DEBIT IN CONTRAVENTION OF PAYER`S AUTHORITY
All Collections Transactions For The last Three Months
Group	Amount	Action_Date	Status	Latest_Status_Description	Lastest_Status_Effective_Date
Nudebt Debicheck Telkom	784,70	2025-12-12	Disputed	Not What I Agreed To	2025/12/15 00:00:00
",Rejection Fee Dispute,0.95,Outcome pending – DB check required.
1786316,J  ,12/30/2025 8:18,202.7,0.0,ACC,,"customer open the account and fnb banking details were captured instead of tyme bank banking details
customer is desputing the debit rejection fee of R202.70 banking details were changed on the 15.12.2025 at the telkom store to timebank 
",Rejection Fee Dispute,1.0,Outcome pending – DB check required.
1786647,R  ,12/30/2025 15:43,608.1,0.0,ACC,,"Good day

Kindly assist customer had wrong banking details on the system and due to that he was charged extra rejection fee for R608.10 Please assist iwth crediting the charges",Rejection Fee Dispute,0.95,Outcome pending – DB check required.
1786328,J  ,12/30/2025 16:17,202.7,0.0,ACC,,"Store agent Name & Surname Nosipho
Store Name  Selgro 
Affected no:0704151649
ID no:8902286487086
Customers Name & Surname SUKUMANI NGCOBO
Query:
- Bill
 
Resolution:
 -Bill explained
 -Additional usages explained
 -Rejection fee explained
customer had enough funds on the account and Telkom never submitted debit order on this account, bank statement is attached on CRM 
Billing Account Number ( 345648761 )
Miscellaneous Charges
Payment Rejection fee R 202.70 
Subtotal (Miscell. Charges) VAT included at 15% R 202",Rejection Fee Dispute,0.97,Outcome pending – DB check required.
1786669,R  ,12/30/2025 17:48,202.7,0.0,ACC,,"Affected Number:0683231876	 
Alternative Number:0833293513	 
Customers Name:Nande Fesi	 
ID Number:0405165459083	 
Billing Arrangement:345489408	 
FA ID Number:510502366	 
What have you tried: The customer is disputing the 202.70 which is being charged on their account because the debit date on the invoice which was issued on November. And also there was a double debit on the customers account for month end of October.	 
Additional Information: The customer is disputing the 202.70 charge on their profile.",Rejection Fee Dispute,0.95,Outcome pending – DB check required.
1785182,J  ,12/31/2025 14:32,202.0,0.0,ACC,,"Good day 

Kindly assist customer wants to cancel the debit order on his fibre line, due to his unstable job he has. 
Customer prefers to make manuel payments on the last day of every month. Kindly contact customer and make arrangements. 
Customer always gets charged rejection fees of R202 every month which his not willing to pay. 

BA: 340802284
FA: 505857075
Affected number: 0659370835

Thank You 

Kind Regards, ",Rejection Fee Dispute,0.99,Outcome pending – DB check required.
1776756,J  ,12/9/2025 14:58,405.4,0.0,ACC,,The customer states that she was sold the 40GB LTE TopUp contract (0753445473) by Sell Direct. She claims the agent did not disclose the debit order rejection fees during the sale. She is requesting that these fees be waived.,Rejection Fee Dispute,0.99,Outcome pending – DB check required.
1777174,J  ,12/10/2025 13:49,202.7,0.0,ACC,,"Customer is disputing rejection fee because they captured her bank account wrong at the store , so she was not being debitted due to that. She has been making manual payments due to that",Rejection Fee Dispute,0.95,Outcome pending – DB check required.
1779663,J  ,12/15/2025 13:01,202.7,0.0,ACC,,"Affected Number : 0691679791

Alternative Number : 0780694415

Customers Name : SANDILE JAXWELL NDLOVU  

ID Number : 9001216029081


Billing Arrangement :341080834


FA ID Number :506135422

What have you tried :
Customer maintains that he had sufficient funs in his bank account when we were supposed to have d ebioted, and wishes to dispute the penalty fee charges.

Requested for bank statement as proof that for 8/30/2025 charges were available and that the backout reflected on 9/1/2025 is invalid. Previous backout is also showing as 11/1/2025 for debit date of 10/31/2025.

The customer was asked to provide proof that they had sufficient funds in their account on August 30th in order to dispute the backout that was added onto the October debit that was unsuccesful. On the customer's bank sattement it shows that the penalty fee charge for the October invoice is valid as the customer had insufficient funds when we needed to debit 314.16.


Additional Information : Customer's bank statement shows that on 8/30/2025 they had an amount of 115.09 available in their account, however a backout happened stating that we could not get an amount of R109.00.
Credited the customer's account with 202.70 due as the charge was invalid.",Rejection Fee Dispute,0.95,Outcome pending – DB check required.
1794432,J  ,1/16/2026 9:43,202.7,0.0,ACC,,rejection fee,Rejection Fee Dispute,0.95,Outcome pending – DB check required.
1795774,J  ,1/16/2026 12:00,405.0,0.0,ACC,,"Billing Template
 
Affected Number:
0750756158
Alternative Number:
0676331678
Customers Name:
Nomathemba Motsisi
ID Number:
0305120427086
Billing Arrangement:(If Applicable)
343727488
FA ID Number:(If Applicable)
508742690
Additional Information:
the customer says she initially requested and agreed that her debit date must be on the 5th of every month but instead she has been debited on the last day of the every month  and since the beginning of her contract, now she has been charged rejection fees which she would like to dispute cos she was charged multiple months when she initially requested for the 5th of every month
What did you do:
Attached the customers bank statement",Rejection Fee Dispute,0.99,Outcome pending – DB check required.
1796778,R  ,1/16/2026 17:42,202.7,0.0,ACC,,"Hi, 

Kindly assist, 

Customer asked for her debit to be on the 15th, however it was set on the last day. 

Customers debit date was today to the 15th on 15/01/2026

kindly credit customer rejection fee

C/N - 0828354322",Rejection Fee Dispute,0.95,Outcome pending – DB check required.
1797088,J  ,1/17/2026 12:04,202.7,0.0,ACC,,"Good day, please see attached customer was penalised R202.70 on the 27th December but funds were available on the account and Telkom did not deduct kindly assist on disputing the penalty fee for the customer",Rejection Fee Dispute,0.97,Outcome pending – DB check required.
1795825,J  ,1/17/2026 16:41,202.7,0.0,ACC,,"Affected Number:0624606274
Alternative Number:0624606274
Customers Name:Freedom Inocent Nyalungu
ID Number:9004215983084
Billing Arrangement:344349254
FA ID Number:509363749
What have you tried:cx was debited on the 15th of december but payment did not go through he had fund onthe on account when telkom debited and is now disputing the 202.70",Rejection Fee Dispute,0.95,Outcome pending – DB check required.
1795828,R  ,1/18/2026 9:45,202.7,0.0,ACC,,"Affected Number:0670818331	 
Alternative Number: 0719283785	 
Customers Name: ABRIEL WESLEY THEO JACOBS	 
ID Number: 8607205151081	 
Billing Arrangement:339235529	 
FA ID Number:504290325	 
What have you tried: Customer requested to change his banking details so that he can be debited on his standard bank, upon checking on interactions no interactions were written on the customer's profile.
Additional Information: The customer is disputing the 202.70 which he has been charged on his account.",Rejection Fee Dispute,0.95,Outcome pending – DB check required.
1791177,R  ,1/9/2026 9:19,405.7,0.0,ACC,,"customer requested for payment date to be changed to 5th  in Oct 2025 but the payment date has not been changed now debit order for Nov and Dec 25 were rejected and the customer is disputing the charges as she already paid for those months.
Dispute : 202.70 x 2 months
Dispute amount: 405.40
I have updated Payment date updated to 5th",Rejection Fee Dispute,0.95,Outcome pending – DB check required.
1790582,J  ,1/9/2026 13:38,202.7,0.0,ACC,,"Affected Number: 0672111915

Alternative Number: 0837474070

Customers Name: Zinhle Ngcamu

ID Number: 9110130271081

Billing Arrangement:(If Applicable) 345352014

FA ID Number:(If Applicable) 510364971

What have you tried: customer would like to dispute rejection fee of R202.70 for the month of December 2025. Customer was going to be debited on the 24th of December 2025 she end up doing a manual payment which the payment reflected on the 27th of December 2025 on the same day she was debited (27 December 2025) and she revers the payment.",Rejection Fee Dispute,1.0,Outcome pending – DB check required.
1791401,J  ,1/9/2026 13:40,202.7,0.0,ACC,,"Cx had funds on his account, but was not debited. Disputing the rejection fee",Rejection Fee Dispute,0.99,Outcome pending – DB check required.
1791566,R  ,1/10/2026 13:01,202.7,0.0,ACC,,"Good day. The client would like to understand (Case 90311000) why Telkom billed on the wrong date in November 2025 and now he's being charged with Late Payment Fee of R202.70 of which, according to the client it is not fair as his debit date is on The Last Day of the Month. The customer further insisted that he has never recieved any call from Telkom department and he would like to be called directly on his cellphone for further clarity regarding this case.",Rejection Fee Dispute,0.97,Outcome pending – DB check required.
1790606,J  ,1/11/2026 7:30,202.7,0.0,ACC,,"Affected Number: 0750973498
Alternative Number:?0849754104???
Customers Name: Phelelani Mlambo
ID Number: 9808146031080
Billing Arrangement: 345117081
FA ID Number: 510130188
What have you tried: i checked customer's statement money was there
Additional Information: customer is disputing a late payment of R202.70 ",Rejection Fee Dispute,0.97,Outcome pending – DB check required.
1791621,J  ,1/11/2026 9:48,202.7,0.0,ACC,,"Affected Number: 0677101550
Alternative Number: 0672653354

Customers Name: Nkosinathi Mzizi 
ID Number: 7305026083085

Billing Arrangement: 344568627
FA ID Number: 509582736

Customer called to dispute the R202.70 stating that he paid the amount early coz he is having issues with his bank and he wasn't told that he has to pay the 10 days before the debit order day, so now he is charged penalty fees. also asked that we send him debicheck mandate.
",Rejection Fee Dispute,0.99,Outcome pending – DB check required.
1791737,J  ,1/12/2026 11:47,810.8,0.0,ACC,,Customer is currently unemployed he keeps getting charged the rejection fee advised him i can assist with 4 however moving forward he needs to try and pay 10 days prior to avoid the rejection fee ,Rejection Fee Dispute,0.95,Outcome pending – DB check required.
1792103,R  ,1/13/2026 9:01,1.0,0.0,ACC,," Good day

please assist with the refund of the closed account,customer made a final payment of R202.70 and the same amount of 202.70 was debited.
",Rejection Fee Dispute,0.97,Outcome pending – DB check required.
1792104,J  ,1/13/2026 9:04,202.7,0.0,ACC,,"Kindly assist customer was being charged for two fibre because the other fibre was cancelled without a customers knowledge. Customer requested for the fibre to be activate and new was provided and they reactivate the old one and that is how the customer was charged for two fibres.

Customer requested for the other fibre to be cancelled but only B-number was cancelled not the TIN, customer for the month of Dec to Jan has been paying for two TIN.
Customer payment was rejected due to the mistake on our side not to cancel the tin.

Customer to be disputed the amount for debit rejection fee R202.70
Customer to be credited for the fibre and the TIN for Two months.

",Rejection Fee Dispute,1.0,Outcome pending – DB check required.
1791823,J  ,1/13/2026 12:34,814.28,0.0,ACC,,Customer requested Service to be  cancelled on the 14/08/2025 but the cancellation was closed on the 24.10.2025 please assist in check the last usage and to credit the accountdebit order rejection fee 202.70*4=810.80+interest 30.48 total credit 814.28,Rejection Fee Dispute,0.99,Outcome pending – DB check required.
1792649,R  ,1/14/2026 11:29,202.7,0.0,ACC,,"Good Day

Trust you are well 

Please assist with the dispute for the customer of R202.70 as the customer has funds on her bank but telkom did not take the money on th 29 November 2025

Kindly Regard
Nosipho Masheane",Rejection Fee Dispute,0.97,Outcome pending – DB check required.
1793957,R  ,1/14/2026 11:43,202.7,0.0,ACC,,"Good day

kindly assist customer was debited on wrong debited  in October 2025 and charged rejection fee yet the was money in account, please assist with crediting customer's account, proof of amount in the account is attach",Rejection Fee Dispute,0.97,Outcome pending – DB check required.
1793996,J  ,1/14/2026 13:15,468.96,0.0,ACC,,"zandile zondi
Customer made a payment this morning and still not connected of R170. Advised about 48 to 72 hours. When I checked on customer payment history there was one debit order rejection after and she paid the subscription fee. Also has been charge for the reconnection fees although has never missed the payment. She is requwsting the charges be cleared. 

Reconnection Fees 29 Oct 25 R 260.21
Late payment Interest 345490665 24 Nov 25 R 1.56*

Account subscriptions & once-off R 208.75
Payment Rejection fee 260365322 18 Oct 25 R 202.70Late payment Interest 345490665 24 Oct 25 R 6.05*
Total charges= R468.96",Rejection Fee Dispute,1.0,Outcome pending – DB check required.
1794013,J  ,1/14/2026 17:04,202.7,0.0,ACC,,"Customer was charged for event biling and reversed the debit order
Customer was credited for event billing on 10/1/2025
Customer was charged rejection fee 
View Case: 91247810",Rejection Fee Dispute,0.97,Outcome pending – DB check required.
1795222,R  ,1/15/2026 10:15,1.0,0.0,ACC,,"Good day

Kindly assist customeris disputing the rejection fee charges as she changed her banking detail in november but they were never saved, they loaded but they were not saved on the system",Rejection Fee Dispute,0.99,Outcome pending – DB check required.
1795323,J  ,1/15/2026 11:02,705.25,0.0,ACC,,"Good day,

Kindly assist with the voiding of the final invoice, as the service reflected as active on the system; however, the customer was unable to utilise the service for the entire month of January and has therefore proceeded with cancellation.

The client is a pensioner and experienced ongoing difficulties, having contacted the call centre multiple times and being referred back and forth between the call centre and stores in an attempt to have the service resumed and the matter resolved. Unfortunately, no resolution was provided during this period.

It was only on 15/01/2025 that the client was advised to switch to fibre. However, due to the prolonged inconvenience and the fact that she was unable to use her landline throughout this time, she opted to cancel the service instead.

Given the circumstances and the lack of service availability for the billed period, we kindly request that the final invoice be voided.

Your assistance in this matter will be greatly appreciated.

Kind regards,
Aashiq Lakay
",Rejection Fee Dispute,0.95,Outcome pending – DB check required.
1795516,J  ,1/15/2026 14:32,810.8,0.0,ACC,,"Good Day 

Customer had funds on the 15th of each month but was charged rejection fees as it back out and they are disputing the rejection fees since backout August 2025",Rejection Fee Dispute,1.0,Outcome pending – DB check required.
1795681,R  ,1/15/2026 17:24,1300.0,0.0,ACC,,"Good day 

Please kindly assist customer is suspended due to exceeding her credit limit 

But on the account customer's balance due is R1,223.52 and the credit limit is R1,300

Affected number: 0670714594 and 0832856719

customer's name: Jerosha Naicker

Billing Arrangement: 337586251

Obligation Amount: R1,426.22

Customer is charged a rejection fee

Customer states she cannot afford to pay the difference currently. ",Rejection Fee Dispute,0.95,Outcome pending – DB check required.
1795546,R  ,1/16/2026 10:59,1295.38,0.0,ACC,,"Good day,

Kindly assist with payment dispute of R1,295.38 for above mentioned customer, as money was in customers account however Telkom did not debit the customers account on agreed updon debit order date resulting in customers line being suspended and causing a delay in the customers renewal. Customer is irate as he needs to make manual payments resulting in him paying the rejection fee as well. Attached, copy of customers bankstatement. Customer advise that Telkom needs to debit full amount on agreed upon debit order date in order to get account up to date.

BA :344491313
FA: 509505572

Thank you",Rejection Fee Dispute,0.97,Outcome pending – DB check required.
1796284,R  ,1/16/2026 11:01,0.01,0.0,ACC,,"Customer Name:KABELO MMOLEDI
affected Number:0681996654
Alternative N.O:0724069592
FAID:501505165
ID N.O:8501095099080
-cx called regarding their account that has been suspended
-checked account has been suspended due to exceeding the credit 
-advised customer that their Telkom credit limit is set up to... R4200
-and they have to exceeding the credit limit, customer would like their credit limit to be increased because his monthly bill is total too R4666
-advised cx that they have to pay the difference they have exceeded with for their lines to be reinstate
 


Subscription & usage for 0677866224 Telkom FlexOn 6 Deal R 1,129.00
Subscription services
Description Period
Device Subscription Fee 01 Jan 26 - 31 Jan 26 R 880.00
Telkom FlexOn 6 01 Jan 26 - 31 Jan 26 R 249.00
Subtotal R 1,129.00
Subscription & usage for 0681996654 Telkom FlexOn 6 Deal R 1,209.00
Subscription services
Description Period
Device Subscription Fee 01 Jan 26 - 31 Jan 26 R 960.00
Telkom FlexOn 6 01 Jan 26 - 31 Jan 26 R 249.00
Subtotal R 1,209.00
Subscription & usage for 0685098538 Telkom FlexOn 6 Deal R 1,129.00
Subscription services
Description Period
Device Subscription Fee 01 Jan 26 - 31 Jan 26 R 880.00
Telkom FlexOn 6 01 Jan 26 - 31 Jan 26 R 249.00
Subtotal R 1,129.00
Subscription & usage for 0752833045 Telkom FlexOn 6 Deal R 1,199.00
Subscription services
Description Period
Device Subscription Fee 01 Jan 26 - 31 Jan 26 R 950.00
Telkom FlexOn 6 01 Jan 26 - 31 Jan 26 R 249.00
Subtotal R 1,199.00
Total (Charges for Dec 2025) R 4,666.0
",Rejection Fee Dispute,0.95,Outcome pending – DB check required.
1796346,J  ,1/16/2026 11:14,202.7,0.0,ACC,,"affected number:  0693787270
contact number: 0840483512
ID: 7002050270080
BAR: 334668096
FA: 501320025
more info: cst made manual payment and was still debited however she had a credit balance of R-270.00
- advised the customer to pay the account 10days before to prevent rejection fee",Rejection Fee Dispute,0.95,Outcome pending – DB check required.
1796466,R  ,1/16/2026 13:01,176.26,26.44,DEB,DCK,"Customer has been charged a backout fee of R202.70.
Customer had funds available in his account when he was debited on the 29/11/2025",Rejection Fee Dispute,0.88,Outcome pending – DB check required.
1787028,R  ,1/2/2026 10:02,20270.0,0.0,ACC,,"Rejection Fee

Dispute Group: Subscription
Credit Reason: Subscription – FA 

Billing Template	 
Affected Number:	 0685381736
Alternative Number:  0633766909 
Customers Name:	 Nthabiseng Koko
ID Number: 8105210715081	 
Billing Arrangement : 345682166
FA ID Number: 510695123
What have you tried: I checked on the customer's account saw that the account is new account was opened on the 11/12/2025 and incorrect debit date was putted on ,so she wanted the 20th of every month agent putted last day of the month , so I  have changed her debit date to the 20th updated her mandate  so customer is disputing the R202.70 for December she saying she won't pay because she told the agent
Additional Information: Customer when she opened her new contract she told the sales lady that she wants her debit date to be on the 20th of each month she reputed her self so many times but the made her debit date to be on the 31first of every month ",Rejection Fee Dispute,0.99,Outcome pending – DB check required.
1787103,J  ,1/2/2026 11:52,202.7,0.0,ACC,,"customer is disputing rejection fee charged in October 2025.
Customer reversed the payment as they were charged for the service that was not delivered to them.
Customer was later credited for device that was not delivered to them.
FA: 504923398
ID:8310065839081

Customer to be credited for R202.70 for a charged rejection fee.",Rejection Fee Dispute,1.0,Outcome pending – DB check required.
1787185,R  ,1/2/2026 17:07,202.7,0.0,ACC,,"please assist customers account was debited on the wrong date, the correct date is the 25th but the debit was made on 27th. please dispute an amount of 202.70 for rejection fee",Rejection Fee Dispute,0.97,Outcome pending – DB check required.
1785205,R  ,1/2/2026 17:40,207.0,0.0,ACC,,"Good day

Please kindly assist with current account , the customer is disputing the rejection fee amount because he states that there is enough money for the debit order in his account. please refer to case 90231483
Affected no. 0707461071 & 0680659363
FA 509092581",Rejection Fee Dispute,0.99,Outcome pending – DB check required.
1787278,J  ,1/3/2026 11:31,205.15,0.0,ACC,,due to rejection fee,Rejection Fee Dispute,0.95,Outcome pending – DB check required.
1785212,J  ,1/3/2026 12:43,665.61,0.0,ACC,,"Customer says he was advised at a Telkom store that he cannot change the debit order date, for all Telkom accounts get debited on the 1st of every month. Customer has to now pay debit order rejection fees every month, because he gets pension money on the 05th of the month.",Rejection Fee Dispute,0.99,Outcome pending – DB check required.
1787301,J  ,1/3/2026 12:48,608.1,0.0,ACC,,"Dpa passed
Selo Lekgale, 0834703909

Customer line s suspended of R53. I checked and  they have been paying on the same day of a debit order. Customer is requesting the rejection charges be cleared. 

Payment Rejection fee 236463915 02 Dec 25 R 202.70Late payment Interest 345032481 09 Dec 25 R 2.09* 

Payment Rejection fee 236463915 02 Nov 25 R 202.70

Payment Rejection fee 236463915 02 Oct 25 R 202.70

Total charges= R608.10",Rejection Fee Dispute,0.97,Outcome pending – DB check required.
1787387,J  ,1/3/2026 19:42,204.12,0.0,ACC,,"Billing Template 	
Affected Number:0692476759
Alternative Number:0724902733
Customers Name:Kefuwe Getrude Matsoso
ID Number:9806220358080
Billing Arrangement:(If Applicable):339276833
FA ID Number:(If Applicable):504331629
What have you tried:	customer was charged for arejection fee of R204.12
Additional Information:	 Customer want to dispute the rejection fee of 204.12
",Rejection Fee Dispute,1.0,Outcome pending – DB check required.
1787402,R  ,1/4/2026 9:35,202.7,0.0,ACC,,"Good day 

Kindly assist with disputing the late payment charge of R202.70 that the customer ws charged.
Bank statement attched

Kind regards ",Rejection Fee Dispute,0.97,Outcome pending – DB check required.
1786366,R  ,1/4/2026 10:35,202.7,0.0,ACC,,"Good day

Please assist with crediting customer R202.70 as customer did have funds in her account 
Please see bank statement attched on CRM.
 For any information needed please contact customer 0785078018",Rejection Fee Dispute,0.97,Outcome pending – DB check required.
1787437,R  ,1/4/2026 13:27,202.7,0.0,ACC,,"Good day
Kindly assist the customer is disputing the 202.70 charged .telkom debited before the debit date for November even December the was money but they didnt debit on the account
I have attached bank statement sent by the customer",Rejection Fee Dispute,0.95,Outcome pending – DB check required.
1787549,R  ,1/5/2026 10:58,1.0,0.0,ACC,,Customer made a manual payment of R202.70 on the 29th DECEMBER 2025 then she was debited again on the 31st DECEMBER 2025 so now the customer is requesting a refund of the amount she has paid on the 29th DECEMBER 2025 which reflected on the system on the 30th DECEMBER 2025 ,Rejection Fee Dispute,0.97,Outcome pending – DB check required.
1787330,J  ,1/5/2026 13:21,202.7,0.0,ACC,,Customer was billed for debit order rejection fees.,Rejection Fee Dispute,0.99,Outcome pending – DB check required.
1804509,J  ,1/30/2026 17:21,202.7,0.0,ACC,,"Affected number: 0752240440
Contact number: 0694372010
ID: 0305035302085
Email address: malulekakhensani03@gmail.com
Cancellation reason: billig issues. Customer`s debit order did not go through on 29/11/2025 however the customer had funds in his account . Customer was charged a R 202.70 backout fee",Rejection Fee Dispute,0.95,Outcome pending – DB check required.
1779454,J  ,12/15/2025 12:57,260.21,0.0,ACC,,Payment rejection fee reversed and payment date change was requested R260.21  260.21,Rejection Fee Dispute,0.95,Outcome pending – DB check required.
1779820,R  ,12/17/2025 11:38,266.37,0.0,ACC,,"good day

customer did not receive a notification for the outstanding rejection fee

kindly find attached proof of payment under crm attachments and interface it on the customer's account

customer details DEVRAJ POLLIAH
customer id 112133075
ban number 338990239
amount R266.37

kind regards

Tobela",Rejection Fee Dispute,0.95,Outcome pending – DB check required.
1797735,J  ,1/19/2026 12:07,202.7,0.0,ACC,,"advised customer that the backout and late payment is R218,23 but will credit R202.70 for Backout fee 
Statement shows that from October account had money but still charged backout fee and disputes it and advised that they will be charged a reconnection fee R260.21 next month billing 
they can call ing in 10210 option 2 for dispute of Reconnection fee 

statements attached ",Rejection Fee Dispute,0.97,Outcome pending – DB check required.
1796857,J  ,1/19/2026 12:12,202.7,0.0,ACC,,the customer had funds inthe account but was charged the payment rejection fee ,Rejection Fee Dispute,0.95,Outcome pending – DB check required.
1795855,R  ,1/19/2026 13:01,202.0,0.0,ACC,,"account was paid in full however there is a debit order rejection fee added to the original debit amount
can it be disputed",Rejection Fee Dispute,0.97,Outcome pending – DB check required.
1797819,J  ,1/19/2026 14:10,593.59,0.0,ACC,,"
Customer called in to dispute the debit rejcetion fee on the account 
Customer requested to move the line on the 3/28/2025 order REF number 2496443241An services B420005316
Notes 
Customer Request
Customer is relocating 

Provide(Telkom Easy Connect) 
Customer was then only provided on the 11/20/2024 for services number B420005316 Order ref 2323137685A 

Customer was then provided with another line 
Provide(Telkom Easy Connect) 
Services number B430036254 order REF 2264231959A on the 10/11/2024

Customer can not be provided with 2 line with in a space on 1 month for Octoner 2025 to November 2025 

Credit amount to be credited 
Claw back for router & install 31 Mar 25 R 1,916.64 
Debit rejection fee 202.70 x 2 for the Aprile invoice 2025
",Rejection Fee Dispute,0.97,Outcome pending – DB check required.
1794556,R  ,1/19/2026 17:02,202.7,0.0,ACC,,REJECTION FEE. ,Rejection Fee Dispute,0.95,Outcome pending – DB check required.
1798110,J  ,1/20/2026 9:28,202.7,0.0,ACC,,"From: Christiaan Gouws <christiaan@dsltelecom.co.za> 
Sent: Tuesday, January 20, 2026 8:46 AM
To: Retail High Level Support <rsp@telkom.co.za>
Subject: Zacharia Mbombo | 9012216093084 | 510241999

EXTERNAL EMAIL: Do not click any links or open any attachments, unless you trust the sender and know that the content is safe.


________________________________________
Hi Team,

I trust all is well.

Kindly advise whether there is anything that can be done regarding the rejection fee that was charged on FAID 510241999.

Account was credited R499 putting the account on zero balance then debited for R499 on the 5th of November.

Services cancelled in September.

Kind regards,

 	Christiaan Gouws | Customer Service Agent 
Email: christiaan@dsltelecom.co.za 
Phone: 087 802 0917 | WhatsApp: 087 150 8595 
Website: www.dsltelecom.co.za 
Address: Suite 6a, First Floor, Waterstone Village Office Park, Corner Main Road & R44, Somerset West, 7130 
",Rejection Fee Dispute,0.95,Outcome pending – DB check required.
1798156,R  ,1/20/2026 11:55,202.7,0.0,ACC,,CPA cancellation memo was done and signe cutomer was credited please reverse the rejection fees,Rejection Fee Dispute,0.97,Outcome pending – DB check required.
1796904,J  ,1/20/2026 13:54,213.72,0.0,ACC,,"Customer Name:RINA ENGELBRECHT
affected Number:0698386721
Alternative N.O:0727622683
FAID:508606583
ID N.O:8510130258080

Query:
- Bill
 
Resolution:
 -Bill explained
 -Rejection fee explained however customer is disputing that amount and advised she has enough funds on her account bank statement received and attached on CRM
Backout payment R202.70
Late payment Interest R11.02
Total R 213.72",Rejection Fee Dispute,0.99,Outcome pending – DB check required.
1797542,J  ,1/21/2026 10:37,202.7,0.0,ACC,,"mary salome maren
Customer internet is disconnected and she is paying through a debit order. Past due  210.02, on her invoice has been charged for two rejections. Customer is requesting for one be cleared. 

Subscription & usage for B260037510 Telkom Easy Connect R 409.00Subscription services
Description Period
Telkom Easy Connect Fibre 40/20Mbps 09 Jan 26 - 08 Feb 26 R 409.00Subtotal R 409.00Account subscriptions & once-off R 412.01Once-off charges
Description Service/No Reference Date/Period
Payment Rejection fee 165676889 09 Dec 25 R 202.70Payment Rejection fee 165676889 18 Dec 25 R 202.70Late payment Interest 344871780 09 Jan 26 R 6.61* Subtotal R 412.01",Rejection Fee Dispute,0.97,Outcome pending – DB check required.
1795939,R  ,1/21/2026 12:29,202.7,0.0,ACC,,"Good day,
Kindly assist with waiving rejection fees on FA ID: 505239388
The customer had enough funds in his account on the date of the debit order. The customer says the bank automatically did a schedule paymen of R429 to Telkom so by the time Telkom debited the account the Scheduled payment had already gone through.",Rejection Fee Dispute,0.97,Outcome pending – DB check required.
1804820,J  ,2/2/2026 9:22,260.21,0.0,ACC,,"KURT VAN RENSBURG
Customer made an arrangement and the fibre is off. I checked and there is no past due, credit limit is R540, also charged for the debit order rejection fees, advised as he is a new customer will be credited for the rejection fee but it won't happen thenext time. 

Account subscriptions & once-off R 207.82Once-off charges
Description Service/No Reference Date/Period
Payment Rejection fee 258633181 08 Jan 26 R 202.70Late payment Interest 345467521 15 Jan 26 R 5.12* Subtotal R 207.82

",Rejection Fee Dispute,1.0,Outcome pending – DB check required.
1792275,J  ,1/13/2026 16:16,215.6,0.0,ACC,,"Affected Number:0671205889

 

Alternative Number:0820884478

 

Customers Name:EUNICE MUTHOTHOMBA
 

ID Number:6712260542083
 

Billing Arrangement:345666172

 

FA ID Number:510679129
 

What have you tried:Checked FA ID

 

Additional Information: Customer is disputing the rejection fee as she wanted debit order 
to be on the 25th of every month.  ",Rejection Fee Dispute,1.0,Outcome pending – DB check required.
1792148,J  ,1/14/2026 11:52,608.1,0.0,ACC,,Customer asked for the debit order to be on the 15th however itr was set on the 31st advised her since it has been changed moving forwward she will be liable advised her i will assist with the 3 rejection fees ,Rejection Fee Dispute,0.97,Outcome pending – DB check required.
1794003,J  ,1/14/2026 13:46,608.1,0.0,ACC,,Customer was charged debit order rej fees from October to Dec R202.70 *3,Rejection Fee Dispute,0.97,Outcome pending – DB check required.
1794006,J  ,1/14/2026 14:56,202.7,0.0,ACC,,The customer was charged a debit rejection fees when the was money on her account on the day of debit which was the 29/11/2025. She later reversed the amount that was debited which was R541.50 on the 31/12/2025 and she is now disputing the debit rejection fees that are charged for that debit rejection ofof R202.70 for the reversal because it was not her fault in the first place,Rejection Fee Dispute,1.0,Outcome pending – DB check required.
1794066,J  ,1/14/2026 16:04,202.7,0.0,ACC,,customer called to dispute the debit order rejection fee on the account they change the banking details and they were advise to make the manual payment on the account they are disputing R202.70 on the accounnt,Rejection Fee Dispute,1.0,Outcome pending – DB check required.
1794090,J  ,1/14/2026 16:30,202.7,0.0,ACC,,"Affected Number:  0680557270
Alternative Number: 0659140932
Customers Name:   S,?PHESIHLE  INNOCENT  NXELE 
ID Number: 9805145542083
Billing Arrangement: 336489860
FA ID Number: 502643183
What have you tried: i checked on the customers account
Additional Information: the customer would to dispute the rejection fee that he going to be debited with because he have been having the same issue where his banking detail being change but they not debiting his account as he had the same issue with as the wrong banking details were put wrong on the first day he did the contract  ",Rejection Fee Dispute,0.99,Outcome pending – DB check required.
1794275,R  ,1/15/2026 9:13,1715.0,0.0,ACC,,"Customer Name: SIMON NGWENYA
ID NO: 7309235733084
FA ID: 505187970
Customer Query :  Customer was debited R1667,50 on the 19/12/2025 and R47,50 on the 31/12/2025 by collections. 2 Unconfirmed payments were logged with the same amount of R47.50. The customer's services are still suspended. Kindly assist with the payment allocation. 
Amount Paid: R1,715.00






Search

FA_ID
 	









Successful Collected
Partially collected

Collected Amount	
R 47,50
      
Search_FA      
505187970
Last Successful Date	
2025-12-31
  FA_Number 
505187970
 	Arrears	
R 1715,00
Cus_Names   
SIMON NGWENYA
Total Due	
R 3626,68
   
Last Debit Order Rejection Date	
2025-12-01

Rejection Reason	
NOT PROVIDED FOR (EQUIVALENT TO R/D ON A CHEQUE)
All Collections Transactions For The last Three Months
Group	Amount	Action_Date	Status	Latest_Status_Description	Lastest_Status_Effective_Date
Nudebt Debicheck Telkom	47,50	2025-12-31	Successful	Successful	2025/12/31 00:00:00
Nudebt Debicheck Telkom	1667,50	2025-12-19	Successful	Successful	2025/12/24 00:00:00",Rejection Fee Dispute,0.95,Outcome pending – DB check required.
1795314,J  ,1/15/2026 11:00,202.7,0.0,ACC,,"
Affected Number:0677170578
Alternative Number:0827751479??
???
Customers Name:JOHANNA VAN HEERDEN ?  
ID Number:5202200111083

Billing Arrangement:339669013
FA ID Number:504723807

What have you tried: I check on customer bank statement het was having money but, on the system, it shows that the payment bounce back 
Additional Information:?customer want to dispute 202.70",Rejection Fee Dispute,0.95,Outcome pending – DB check required.
1797052,J  ,1/17/2026 10:57,1216.2,0.0,ACC,,"Customer is now being charged for the debit rejection fee because the FA it shows active not cancelled, customer is getting debited every month for the debit rejectio fee and she pays her other fibre account.

Customer to be disputed the debit rejection fee amount of R1216.20.",Rejection Fee Dispute,0.95,Outcome pending – DB check required.
1796687,R  ,1/18/2026 13:25,202.7,0.0,ACC,,"Good Day.

Customer is disputing the R202.70 as they paid on the debit date and the money reflected but they were still charged the penalty fee, please reverse.

",Rejection Fee Dispute,0.97,Outcome pending – DB check required.
1797322,J  ,1/19/2026 9:36,202.7,0.0,ACC,,"Dear Customer
Thank you for the e-mail sent to Telkom Billing enquiries.

Please note that the debit order was not processed on the 30th of November because it was on a Sunday. The debit order was processed on the 29 hence you were charged the debit order rejection fee.

We will credit the charge this time but for future references, when the last day of the month falls on a Sunday the debit order will be processed on the Saturday.

Kind Regards
Athenkosi Seti
10210@telkom.co.za
",Rejection Fee Dispute,0.97,Outcome pending – DB check required.
1797845,J  ,1/19/2026 14:54,608.1,0.0,ACC,,"Billing Template
 
Affected Number:
0680657347
Alternative Number:
0844866874
Customers Name:
SHABAN HASSAN
ID Number:
8310235177081
Billing Arrangement:(If Applicable)
344245948
FA ID Number:(If Applicable)
509260686
What have you tried:
Checked Customers FA id 
Additional Information:
Customer called in to dispute rejection fee for past 3 months as when he took out contract he added his Capitec account however he is being debited on his FNB",Rejection Fee Dispute,0.95,Outcome pending – DB check required.
1797486,J  ,1/19/2026 15:37,202.7,0.0,ACC,,"Customer would like telkom to dispute rejection fee of 202.70 
Rejection fee is on pending charges and customer lines are suspended 
customer had funds on  last day of the month 

Statement attached ",Rejection Fee Dispute,0.97,Outcome pending – DB check required.
1794560,R  ,1/20/2026 8:12,202.7,0.0,ACC,,lease credit the customer for debit order rejection as he askied for the bank details to be changed and it was not done,Rejection Fee Dispute,0.95,Outcome pending – DB check required.
1789026,R  ,1/6/2026 12:16,202.7,0.0,ACC,,please note that the customer dispute the changer of R202.70 becouse they debited hi on the wron date the debit date is last day of the month but they came on the 29 and the customer get paid on the last day of the month.,Rejection Fee Dispute,0.97,Outcome pending – DB check required.
1789079,R  ,1/6/2026 13:33,202.7,0.0,ACC,,"Good day team

Please assist with customer that was incorrectly charged for debit order rejection fee even though her payment was successful and is reflecting on our system.

BAN: 344216025
FA: 509230782
CMID: 205333806",Rejection Fee Dispute,0.99,Outcome pending – DB check required.
1787938,J  ,1/6/2026 15:17,222.23,0.0,ACC,,"Billing Template
 
Affected Number:
0707622659
Alternative Number:
0718047560
Customers Name:
MNAKA NGOBELI Mhlanga
ID Number:
9202160560085
Billing Arrangement:(If Applicable)
339447739
FA ID Number:(If Applicable)
504502534
What have you tried:
Sheck the bank statement and the interaction of the agent and verify 
Additional Information:
Customer want to dispute the rejection was debited on account that she changes and its backout ",Rejection Fee Dispute,0.95,Outcome pending – DB check required.
1789167,J  ,1/6/2026 15:46,202.7,0.0,ACC,,i advised to credit custoner with R202.70 because was not told about pro-rata ,Rejection Fee Dispute,0.97,Outcome pending – DB check required.
1789199,R  ,1/6/2026 17:15,202.7,0.0,ACC,,"Good day

please assist with customer dispute for back out for R202.70 customer had enough funds in her account.

please see attached bank statement as proof.

Kind regards
Tumelo",Rejection Fee Dispute,0.97,Outcome pending – DB check required.
1788966,J  ,1/6/2026 17:46,202.7,0.0,ACC,,customer changed banking detalis last month at TDS and was not told that they would take effect the following month as a result customers debit order bounced as she was debited of her old banking details. customer would like to dispute the 202.70 rejection fee ,Rejection Fee Dispute,0.97,Outcome pending – DB check required.
1789210,J  ,1/6/2026 18:19,202.7,0.0,ACC,,customer would like to know why she is being charged a payment rejection fee whereas she made a payment prior to debit date. Customer was not told thatmanual payments should be made 10 working days proir to cancel debit order. customer would like to dispute the charge ,Rejection Fee Dispute,0.95,Outcome pending – DB check required.
1785279,J  ,1/6/2026 20:14,176.26,26.44,DEB,DCK,"Customer was not awere they were going to be debited on the 27th of december, customer is desputing rejection fee",Rejection Fee Dispute,0.95,Outcome pending – DB check required.
1787810,J  ,1/7/2026 10:55,202.7,0.0,ACC,,Customer charged rejection fee twice. Disputing one,Rejection Fee Dispute,0.97,Outcome pending – DB check required.
1785296,R  ,1/7/2026 11:39,1.0,0.0,ACC,,"Customer line was suspended due to Credit Limit, Credit Limit is 0.00 Line was suspended due to R202.70 ",Rejection Fee Dispute,0.97,Outcome pending – DB check required.
1788986,J  ,1/7/2026 13:00,202.7,0.0,ACC,,"B260057183

Customer states that she was advised to cancel her  old Then in March she was provided a new line: fibre: B260058768 due to her moving houses in Feb 2025. Then in Mar 2025 she was provided a new line: B260057183.
As of April 2025 she then billed for both lines until she was credited amount of R2300in July 2025 but the old line was not cancelled as it continued getting billed.

Customer is disputing the charges for the ols line from July to Nov 2025 as it was then cancelled in Dec 2025- Cease: 2702276779A 
After cancellation no disputed was logged and customer was not credited,

Dispue: 335 x 5 months
Dispute amount: 1675.00
REF:91246871

 customer is also  disputing the debit rejection fees as she ended up disputing the debit order because of the account double billed",Rejection Fee Dispute,0.97,Outcome pending – DB check required.
1789396,R  ,1/7/2026 13:26,1554.97,0.0,ACC,,"Good day,

Please assist with disputing all debit order rejection fess that the customer was billed for. Accordingto the customer, the full amount is never debited from his account , its laways half of the amount due which results in him having to make manual payments and incurr penalty charges.

Please advise why his account is being incorrectly debited and assist with disputing all penalty charges.

Bank statement attached under attachments.",Rejection Fee Dispute,0.95,Outcome pending – DB check required.
1787684,J  ,1/7/2026 15:29,202.7,0.0,ACC,,"Good day

customer was charged rejection fee wrongfully
he requsted his debit date to be move to the 15th but on the system it was not changed ",Rejection Fee Dispute,0.97,Outcome pending – DB check required.
1790174,J  ,1/8/2026 8:01,196.1,0.0,ACC,,"
customer want to dispute the rejection fee cause the invoice says his invoice says Bank account to be debited with R 63.40 on 05 Jan 2026 and she made a payment early befor that ",Rejection Fee Dispute,0.99,Outcome pending – DB check required.
1790183,J  ,1/8/2026 8:27,202.7,0.0,ACC,," 
customer Query :
Customer is disputing R202.70 charge on her December Invoice. Customer changed debit date in October 2025 and was advised by the Agent that she will be debited from the 5 of November. But was only debited on the last day of the Month in November again.
Affected Number:
 0671440728
Alternative Number:
 0834599001
Customers Name:
 LYNETT NTOMBELA
ID Number:
 9206270628088
Billing Arrangement:(If Applicable)
 344718504
 
FA ID Number:(If Applicable)
 509732091




What have you tried:
Checked the debit date, check December Invoice the Charges are reflecting",Rejection Fee Dispute,0.97,Outcome pending – DB check required.
1790221,J  ,1/8/2026 8:37,202.7,0.0,ACC,,"Affected Number:0814793430

Alternative Number:0723644515

Customers Name:  MAMPE  LUSHOZI
 

ID Number:6412220659081


Billing Arrangement:340380710
 

FA ID Number:505435503

 

What have you tried:Checked FA Id

 

Additional Information:Customer would like to disputes the rejection fee as she wasn't debited on debit order date.",Rejection Fee Dispute,0.97,Outcome pending – DB check required.
1790283,R  ,1/8/2026 9:46,0.01,0.0,ACC,,"Billing Case
 
Affected Number:
 0704763883
Alternative Number:
 0716524294
Customers Name:
 Pabalelo Hlahu
ID Number:
 9012105570085
Billing Arrangement:(If Applicable)
 345415663
FA ID Number:(If Applicable)
 510428621
What have you tried:
Customers banking details were captured Correctly on AVS but incorrectly on CRM, and customer is being charged the rejection fee.
Additional Information:
customer is disputing the rejection , we only managed to credit customer for the only past 2 months, kindly assist with waiving for the other months. 
POP sent to TM SOC Billing
N/A",Rejection Fee Dispute,0.97,Outcome pending – DB check required.
1790445,J  ,1/8/2026 11:31,202.7,0.0,ACC,,"= the customer is no longer working and she makes payment manually 
=advised on payment 10 days before debit order date 
 = the customer did make a payment after it bounced ands collection debited the money that was supposed to be paid on the 5th of January 
 retained the customer and crediting her R202.70",Rejection Fee Dispute,0.97,Outcome pending – DB check required.
1803611,J  ,1/29/2026 16:04,202.7,0.0,ACC,,customer was charged payment rejection fee R202.7 for 28th November  2025 and had money in account and statment attched ,Rejection Fee Dispute,0.97,Outcome pending – DB check required.
1798813,R  ,1/22/2026 9:13,0.76,0.24,DEB,DCK,"Customer called in saying that she was charged R202.70 for backout fee and she is disputing the charges....advised customer that in her current invoice theres R202.70 charges for Nov....advised customervto send the pop sonthat i can axssist to dispute the R202.70...customer did sent....checked the statment and customer wasnt debited in Nov....advised customer that i disputed the R202.70 and she will be charged R406.20 instead of R608.90 on the 26th....also updated customers email address 
",Rejection Fee Dispute,0.99,Outcome pending – DB check required.
1799456,R  ,1/23/2026 11:59,202.7,0.0,ACC,,"UTSOMERS ACCOUN IS DEBITED BECAUSE OF A MISSED PAYMENT CUSTOMER SENT A BANK STATEMENT IT SHOWS THAT THER WAS FUNDS IN CUSTOMERS ACCOUNT 

CUSTOMER DISPUTED THE REJECTION OF 202.70",Rejection Fee Dispute,0.95,Outcome pending – DB check required.
1799457,J  ,1/23/2026 12:02,3.97,0.0,ACC,,"View Case: 90795602

The customer has no usage and they state that they did not agree to any contract on their end, customer is also being credited for the failed debi order rejection fee. ",Rejection Fee Dispute,0.95,Outcome pending – DB check required.
1799413,R  ,1/23/2026 14:20,209.0,0.0,ACC,,"Good day 
Please asssit as customer was charged rejection fee of R209 thouhgh he had suffient amount in his account 
on the 06th Oct 2025 , attached his bank statement on mobile Attachements .Please review and advice ",Rejection Fee Dispute,0.99,Outcome pending – DB check required.
1799794,J  ,1/23/2026 17:43,202.7,0.0,ACC,,disputed two debit order fees as she paid on the same day advised that she will be laible for the net rejection fee and reconnnecrion fee 260.21,Rejection Fee Dispute,0.95,Outcome pending – DB check required.
1799443,J  ,1/26/2026 9:44,202.7,0.0,ACC,,the customer changed the payment date in Novermber but then payment date was changed in December so he was supposed to start making the payment on the 15 of the month this January but he was still being debited on the 5 of the month and he was charged the debit rejection fee of R202.70,Rejection Fee Dispute,1.0,Outcome pending – DB check required.
1800224,R  ,1/26/2026 15:17,202.7,0.0,ACC,,"ood Day 

Customer is desputing the payment rejection fee for the failed debit order in December. Customer says he did have money in the account. Can you assist and check. Your assistance will be appreciated. ",Rejection Fee Dispute,0.95,Outcome pending – DB check required.
1795606,J  ,1/15/2026 14:17,202.7,0.0,ACC,,"CC:91389322:issued a credit for the rej fee of 202.70 as a benefit of doubt in order for cust to not be debited she needs to pay 10 days before debit date Good day

Please waive R202 backout fee customer is saying she was informed by a Telkom Agent that if she pays manually and Telkom will not debit ",Rejection Fee Dispute,0.95,Outcome pending – DB check required.
1795518,J  ,1/15/2026 14:35,202.7,0.0,ACC,,"KHUTHADZO MATODZI
0614932292
9208151106085
0815923464
335586334
502138540
customer is calling to dispute the rejection charges because it was not her fault that telkom could not debit the full invoice
I have checked it telkom fault 
",Rejection Fee Dispute,0.95,Outcome pending – DB check required.
1795523,J  ,1/15/2026 15:39,202.7,0.0,ACC,,"Affected Number:
 B320025111
Alternative Number:
 0787938276
Customers Name:
 Tovhowani    Mudau
ID Number:
 9508310493088
Billing Arrangement:(If Applicable)
 345101484
FA ID Number:(If Applicable)
 510114591
What have you tried:
 customer was charged the penalty fees of R202.70 for not being debited successfully on the 12/31/2025 yet customer has funds in his account in his account and i did attach the bank statement as proof",Rejection Fee Dispute,0.97,Outcome pending – DB check required.
1797036,J  ,1/17/2026 10:23,202.7,0.0,ACC,,"customer requested for banking details change in nov, details add but not succefully changed on crm, customer was then debited on a wrong account
customer disputing a rejection fee",Rejection Fee Dispute,0.95,Outcome pending – DB check required.
1796740,R  ,1/20/2026 13:01,202.7,0.0,ACC,,"Good day 
please assist the customer is disputing the 202.70 penalty for december as the debit went on the 27 intsead of the 25 december ",Rejection Fee Dispute,0.95,Outcome pending – DB check required.
1794601,J  ,1/21/2026 11:08,202.7,0.0,ACC,,rejection fee,Rejection Fee Dispute,0.95,Outcome pending – DB check required.
1798712,R  ,1/21/2026 15:14,1.0,0.0,ACC,,"Incoming call
Contact Phone: 0605611376

Notes: Billing Case
 
Affected Number:
 0691044288
Alternative Number:
 0691044288
Customers Name:
 SIFUNDOKAZI LUNGISA EUGINIA JANTJIES
ID Number:
 9501130193087
Billing Arrangement:(If Applicable)
 339302515
FA ID Number:(If Applicable)
 504357311
What have you tried:
 Customer cancel her contract in the month of Dec 2025 , was provided with a once off settlement amount to pay balance was R -11,050.00 paid on 12/23/2025 Payment -11,050.00
Additional Information:
Amount now appears on customer statement as a credit , customer was than send an invoice on 1/2/2026 which includes the contract she cancelled and paid the settlement amount for Device Obligation / Carryover 850.00 

Customer requested for the amount added in Jan invoice for the device to be waved off as she only suppose to be paying for her data contract 

20Mbps LTE All Hours 01 Jan 26 - 31 Jan 26 R 449.00Device Subscription Fee 01 Jan 26 - 31 Jan 26 R 90.00Subtotal R 539.00
",Rejection Fee Dispute,0.95,Outcome pending – DB check required.
1798802,J  ,1/22/2026 8:49,176.26,26.44,DEB,DCK,"customer was not awere they were going to be debited on the 27, customer is desputing rejection fee",Rejection Fee Dispute,0.95,Outcome pending – DB check required.
1798818,R  ,1/22/2026 9:18,405.5,0.0,ACC,,"Good day,

Please asisst with payment rejection fee. Customer says Telkom never debited his account even though there is money available. Customer is disputing these charges and would like for it to be waivered/ Also can a ne mandate also be reinstated.

Please investigate and advise.

Warm regards",Rejection Fee Dispute,0.95,Outcome pending – DB check required.
1799055,J  ,1/22/2026 12:57,202.7,0.0,ACC,,"Customer was charged R202.70 although he had sufficient funds in his account on his debit day, he was wrongfully charged the R202.70 because of the backout that happened in December 2025. Customer provided his banking statement
.
12/27/2025 PYMTD -299.00 
12/30/2025 BCK  299.00",Rejection Fee Dispute,0.97,Outcome pending – DB check required.
1799061,J  ,1/22/2026 13:53,202.7,0.0,ACC,,Customer wants to dispute rejection fee because she says she had funds in her account,Rejection Fee Dispute,0.95,Outcome pending – DB check required.
1799110,R  ,1/22/2026 14:10,202.7,0.0,ACC,,"Good day

Kindlly assist with a dispute of R202.70  whereby telkom went to the customers profile on the 24th of December instead of the 31st .customer made a paymenrt of R800.70 on the 31st of December and it only reflected on the 17th of January

BA ;333648647

FA ID :500314833


CUSTOMER ID :101158397",Rejection Fee Dispute,0.97,Outcome pending – DB check required.
1799209,R  ,1/22/2026 17:47,1.0,0.0,ACC,,Customer would like to be refunded an amount of R880 as the contract was terminated due to no coverage where he stays but still the amount was deducted from his account and it also shows he has an outstanding aamount of 202.70 for the month of January ,Rejection Fee Dispute,0.95,Outcome pending – DB check required.
1799341,J  ,1/23/2026 11:04,202.7,0.0,ACC,,"Billing Template	 
Affected Number:	 0677377581
Alternative Number:	0783049894 
Customers Name:	 HLENGIWE PRECIOUS  TSOTETSI
ID Number:9803290183084	 
Billing Arrangement:(If Applicable)343547742	 
FA ID Number:(If Applicable)	 508563105
What have you tried:	 Good day. The customer is disputing the rejection fee due to an incorrect debit date. According to the invoice, the bank account was scheduled to be debited with an amount of R1,776.45 on 24 December 2025. However, the debit order was processed on the system on 27 December 2025 instead.
As a result, the transaction reflects as Direct Debit Rejected for R1,776.45 on 27/12/2025. On the customer’s side, the bank statement shows the debit attempt on 27/12/2025 as an EFT debit order with insufficient funds:
EFT Debit Order Insufficient Funds (R1,776.45): TelkomMobi (50856310501186).
Based on the discrepancy between the invoiced debit date and the actual debit date processed on the system, the customer is requesting that the rejection fee be reviewed and reversed.
 Additional Information:	",Rejection Fee Dispute,0.99,Outcome pending – DB check required.
1799778,R  ,1/23/2026 16:29,202.7,0.0,ACC,,"Client had sufficient funds in the account , yet Telkom did not deduct charging the client debit order rejection fee. Client made manual payment on the 24.12.2025. ",Rejection Fee Dispute,0.97,Outcome pending – DB check required.
1799727,R  ,1/24/2026 12:12,202.7,0.0,ACC,,"Good day

Please assist with the debit order rejection fee  the customer is charged for the customer has a debit order rejection fee but have available fund and proof of bankstatement attached.

Best regards

Abongile",Rejection Fee Dispute,0.97,Outcome pending – DB check required.
1799554,J  ,1/24/2026 14:44,213.35,0.0,ACC,,"Hi Guys

Please assist , customer is disputing rejection fee as Telkom tried to debit from incorrect bank account

Incorrect debit account: Nedbank
                                       Acc No. 2007015250

Correct account:           Capitec
                                      Acce No. 1939901497

Regards",Rejection Fee Dispute,0.97,Outcome pending – DB check required.
1790387,J  ,1/8/2026 15:46,9189.0,0.0,ACC,,"Customer References: 
Customer Name          : Charmaine Illoana Letshabo
Affected Number        : 0682049700
CES REF:                        : CRM_9443613
NCC Ref                         : CC2025/03/0278

Query Description
The complainant purchased an OPPO 60 phone from a Telkom store on the 1 February 2025, as a gift for their son, after being advised by a saleslady that it could be returned within 7 days if not suitable. When they tried to return the phone the next day (2 February), the store refused, citing that returns aren't accepted once the phone leaves the store. The complainant contacted the call center on February 3 and was directed back to the store, where the manager was unhelpful and insisted there is no cooling-off period and that the return policy does not allow cancellations. The complainant states this was never explained at the time of purchase and that they only received a copy of the contract on the 11 February. They left the phone at the store and are now being charged for a product they neither have nor want and are seeking assistance.
Findings /Resolution
Telkom FlexOn 2 TopUp Deal -0682049700
Contract start date :01 February 2025
Contract end date  : 31 January 2028
Contract term :36 months
Device :Oppo A60 256GB Wavy Blue
Monthly subscription fee R349.00

",Rejection Fee Dispute,0.95,Outcome pending – DB check required.
1790388,R  ,1/8/2026 15:55,202.7,0.0,ACC,,"good day	
The customer is disputing the R202.70 as she was debited by Telkom on the 29 of November 2025 attached is the bank statement that clearly shows that she was indeed debited.",Rejection Fee Dispute,0.97,Outcome pending – DB check required.
1790389,R  ,1/8/2026 15:58,219.0,0.0,ACC,,"Notes: Good day

Please kindly assist with credit for the customer,she had requesed her bank details for capitec.The communication was not between the two of us.
Payment rejection fee.

Regards",Rejection Fee Dispute,0.95,Outcome pending – DB check required.
1791186,J  ,1/9/2026 9:14,202.7,0.0,ACC,,"Billing Case	 
Affected Number:	0699179862
Alternative Number:	0824816235
Customers Name:	BUSISIWE CHISALE
ID Number:	9507200654080
Billing Arrangement:(If Applicable)	344478587
FA ID Number:(If Applicable)	509492870
What have you tried:	Customer was charged a rejection fee in December however the customer says that Telkom did not debit her account in the month of October and she had to make a manual payment 
Additional Information:	The customer requests to be credited as it was not her fault 
",Rejection Fee Dispute,0.95,Outcome pending – DB check required.
1791381,R  ,1/9/2026 12:47,202.7,0.0,ACC,,"Good day

please assist with the refund of the closed account,customer made a final payment of R202.70 and the same amount of 202.70 was debited.


customer :Lindi Mamabolo
account details :Capitec 
                          account number :1376617992
                          branch code :470010",Rejection Fee Dispute,0.97,Outcome pending – DB check required.
1790596,J  ,1/10/2026 10:07,202.7,0.0,ACC,,Customer provided the P.O.P showing that the debit was successful and not on account and was also charged the rejection fee,Rejection Fee Dispute,0.95,Outcome pending – DB check required.
1790440,R  ,1/12/2026 11:40,202.7,0.0,ACC,,"Affected Number:0602475003	 
Alternative Number:0728003986	 
Customers Name: NOBUHLE PRECIOUS MKHWANAZI 
ID Number: 9504110448083	 
Billing Arrangement: 344307941	 
FA ID Number: 509322499	 
What have you tried:	 
Additional Information: Customer had initially requested deduction date to be on the 31st on the month but it was changed to the 15th. Customer incurred the rejection fee penalty. Customer disputes amount ",Rejection Fee Dispute,0.95,Outcome pending – DB check required.
1791878,J  ,1/12/2026 13:20,176.26,26.44,DEB,DCK,"customer already made a payment , still debited in november,customer is desputing rejection fee
",Rejection Fee Dispute,0.95,Outcome pending – DB check required.
1791939,J  ,1/12/2026 14:51,202.7,0.0,ACC,,"7502130284084
0768872059
molatelo moabelo
7 GRABOUW RD 
NELLMAPIUS 0122 

was only meant to pay R409.00 but she was debited the full amount and as a result the debit order rejected, customer wants a credit.
now the customer keeps on geeting panalty fees 
R260.21
R202.70 
R9.11",Rejection Fee Dispute,0.88,Outcome pending – DB check required.
1800239,R  ,1/27/2026 9:05,202.7,0.0,ACC,,R202.70 charge on Invoice/ acc paid,Rejection Fee Dispute,0.97,Outcome pending – DB check required.
1801528,J  ,1/27/2026 12:13,202.7,0.0,ACC,,Rejection fee incorrect debit date  Bank account to be debited with R 218.00 on 31 Dec 2025,Rejection Fee Dispute,0.95,Outcome pending – DB check required.
1803049,R  ,1/28/2026 14:54,202.7,0.0,ACC,,Customer says she wants the rejection fee back becuase she was never informed of the rejection fee ,Rejection Fee Dispute,0.95,Outcome pending – DB check required.
1803056,J  ,1/28/2026 15:11,202.7,0.0,ACC,,"Customer would like to dispute rejection fee of 202.70


customer had funds on account 
",Rejection Fee Dispute,0.97,Outcome pending – DB check required.
1803057,J  ,1/28/2026 15:11,202.7,0.0,ACC,,"Affected Number:0693996967, 0676326004

 

Alternative Number:0658783745
 
 

Customers Name:siyabonga  selepe

 

ID Number:8411185361087

 

Billing Arrangement:343629393

 

FA ID Number:508644634

 

What have you tried: Checked on the bank statement debit order bounce on the 29 November but customer had fund available on his bank account.

 

Additional Information:Customer called stating in November on the his account was debited on the 29 November instead last day of the month which rejected cos there no funds available on his bank account

The customer to disputing Payment Rejection fee 128884036 02 Dec 25 R 202.70
 
",Rejection Fee Dispute,0.97,Outcome pending – DB check required.
1802952,J  ,1/28/2026 15:34,1155.01,0.0,ACC,,"The customer had called in earlier. The customer is disputing the payment rejection fees that are being charged on her account. 

The customer had sent in her bank statements. As per the investigation done. There aren't any Telkom debits going off the customer's bank account. 

I checked if the customer was sent a mandate. The customer wasn't sent a mandate. I verified the customer's banking details on the easy avs system. The verification process shows that the customer's banking details doesn't allow debits. 

CCOUNT NUMBER VALID

Yes

ACCEPTS DEBITS

No

ACCOUNT TYPE VALID

Yes

ACCOUNT OPEN FOR 3 MONTHS

Yes

ID NUMBER VALID

Yes

ACCOUNT STATUS

Yes

INITIALS VALID

No

PHONE NUMBER VALID

Yes

NAME VALID

Yes

Email ADDRESS VALID

Yes

OTP VALID

N/A

SDO Results
-BEST DAY 1

-BEST DAY 2

-BEST DAY 3

Credit Score
-
Description

-
Meaning the verification process was nevr done and the customer's banking details were manually added on the NG system. 

The debits would have went off the customer's bank account regardless the debit mandate being done but since the bank account doesn't allow debits, there aren't any transactions on her bank statements. 

202.70 + 4.96 + 260.21 + 1.56 + 202.70 + 8.50 + 260.21 + 202.70 + 11.47 
= 1,155.01",Rejection Fee Dispute,0.99,Outcome pending – DB check required.
1803166,J  ,1/28/2026 16:38,202.7,0.0,ACC,,"The customer was supposed to be billed on 25 December 2025, the debit order took in to effect on 27 December 2025, by then the customer balance of R1127 and an obligation amount of R708 which was not deducted, Resulting in a R202.70 debit order rejection fee. Please see attached bank Statement for reference",Rejection Fee Dispute,1.0,Outcome pending – DB check required.
1803185,R  ,1/28/2026 17:36,202.7,0.0,ACC,,"Good day 

Please assist with customer bill. Customer has a debit order rejection fee charged on her account that was incorrectly charged, her debit order went off in time and was still charged.

Please do not deduct the additional charged amount. The customer is extremely upset and does not want this additional amount charged as it is not her fault.

CMID: 104261785
FA: 508997212
BAN: 343982117",Rejection Fee Dispute,0.99,Outcome pending – DB check required.
1803424,R  ,1/29/2026 11:26,202.7,0.0,ACC,,"Good Day

Please assist with dispute of 202.70 customer had funds in their account then telkom therefore debited on the 2nd.

Kind Regards
m",Rejection Fee Dispute,0.95,Outcome pending – DB check required.
1797358,R  ,1/19/2026 10:00,202.7,0.0,ACC,,"Good day,

Please assist with Irate customer and crediting the acc accordingly 

Customer debit order went off but for some reason it was sent back to her bank account. I have attached a copy of the customers bank statement under attachments on NGN.

Can we please Credit the customer the rejection fees 

Thanks ",Rejection Fee Dispute,0.97,Outcome pending – DB check required.
1797727,J  ,1/19/2026 11:52,202.7,0.0,ACC,,"why the lines are suspended advised the customer that the account have a past due amount of R500.78  total balance is R1,045.97 due date 06/01/2026 

the customer he is disputing the Backout payment amount of R202.70 and Late payment Interest because when agreed on a debit order with us he requested  the date of the 5th of every month and in NOV debited his account on the 11/29/2025 ",Rejection Fee Dispute,0.97,Outcome pending – DB check required.
1797830,R  ,1/19/2026 14:41,202.7,0.0,ACC,,"
Billing Template
 
Affected Number:0750110634
 
Alternative Number:0812453504
 
Customers Name:Micheal Cele
 
ID Number: 0604156010083
 
Billing Arrangement:345387866
 
FA ID Number:510400824 
 
What have you tried: cx says he wants to despute 202.70 charges to his account. I checked his statement 
 
Additional Information: please refund the customer his R202.70",Rejection Fee Dispute,0.97,Outcome pending – DB check required.
1795868,J  ,1/19/2026 15:04,202.7,0.0,ACC,,"customer was billed for rejection on the 12/27/2025 bill because of the rejection that took place on the 27th of December 2026
but customer had 1 281.83 on their account on the day of the debit for us to debit 335.00, enough for us to debit 
kindly approve the credit for the rejection fee 202.70 
the statement as proof for the debit is attached ",Rejection Fee Dispute,0.97,Outcome pending – DB check required.
1797919,R  ,1/19/2026 17:12,211.25,0.0,ACC,,"Good day

Can you please assist to credit customer that had a debit order go off on the 27/12/2025, but the agreed date is the end of the month,which was meant to go off the 31/12/2025, an amount of R202.70 debit order rejection fee including a late payment interest of R8.55 making a total of R211.25",Rejection Fee Dispute,1.0,Outcome pending – DB check required.
1800174,J  ,1/26/2026 12:28,405.1,0.0,ACC,,"thw customer account is cancelled a final invoice was issued on the 9/10/2025 then the customer made a manual payment of -203.00 on the 7th of december 2025 . A debit order came after while the customer made a manual payment . The customer account is cancelled and they keep on billing him the debit rejection fees, crediting the customer with the outstanding amount of 405.10",Rejection Fee Dispute,0.97,Outcome pending – DB check required.
1799774,J  ,1/26/2026 17:42,202.7,0.0,ACC,,"Affected Number: 0699916576
ID Number: 9608050372086
Name & Surname: MBALENHLE DLADLA
FA: 508915065
BA: 343899953


Customer is disputing the rejection fee of November period as she had sufficient balance for the debit to run through even though the debit date fell on the 29th of November instead of last day of the month.

Bank statement attached ",Rejection Fee Dispute,0.99,Outcome pending – DB check required.
1802612,J  ,1/27/2026 11:52,202.7,0.0,ACC,,"good customer  made manual payment because she was not debited on the last day of the month , plese waive rejection fees please see attached bank stament .",Rejection Fee Dispute,0.97,Outcome pending – DB check required.
1801540,R  ,1/27/2026 17:41,202.7,0.0,ACC,,"Good day

May you please bve so kind to credit customer an amount of R202.70 that was charged due to debit order rejection during November, customer is disputing that his debit order date is the last day of the month not the 29 of November
please provide him with feedback on his primary number 0734676554

Your assistance is forver appreciated ",Rejection Fee Dispute,0.99,Outcome pending – DB check required.
1801541,R  ,1/27/2026 17:42,202.7,0.0,ACC,,"Good day,

Please assist in waving R202.70 cst had the funds in the account on the month of november however the debit did not go off.

BA:345156549

Kind Regards
A Mtitshana",Rejection Fee Dispute,0.97,Outcome pending – DB check required.
1802872,J  ,1/28/2026 10:24,211.86,0.0,ACC,,"customer is disputing the debit  rejection fee because she made a manual payment a day before her debit date on the 30th of november.

pop sent.",Rejection Fee Dispute,0.95,Outcome pending – DB check required.
1803144,J  ,1/28/2026 15:50,202.7,0.0,ACC,,"dpa passed

Customer was suspended because of the amount that was charged on his accontb 

customer made a apaymet prior to thendebit order date and was alaso not suspposed to be suspended 

260.21
202.70",Rejection Fee Dispute,0.85,Outcome pending – DB check required.
1803161,R  ,1/28/2026 16:26,202.7,0.0,ACC,,"Kindly assist with reviewing case no 90755555 as the customer is refusing to pay for the services because he was unfairly charged the debit order rejection fee as he had enough funds on his bank account on the date of debit 29 november 2025, the bank statement is attached as a proof (POP) .",Rejection Fee Dispute,0.99,Outcome pending – DB check required.
1803194,R  ,1/28/2026 19:39,405.4,0.0,ACC,,"Good day

Please assist to conduct the investigation on customers bank statement as Telkom charged her for late payment but there was funds available on 15th ,client being charged R202.70 for december and January ,bank statement is attached on CRM

FA ID:510443918
Customer id:253933985

Thank you
ANA

",Rejection Fee Dispute,0.97,Outcome pending – DB check required.
1803314,R  ,1/29/2026 10:19,202.0,0.0,ACC,,"customer had enough money on her account but the debit order did not go through, please assist and remove the charges of rejection fee. I have attached the customer bank statement for your perusal. ",Rejection Fee Dispute,0.95,Outcome pending – DB check required.
1803395,R  ,1/29/2026 10:51,202.7,0.0,ACC,,"Good day.

Kindly assist with disputing a rejection fee which the customer was charged for in December. Cutomer had funds in account and Telkom did deduct yet customer is charged a rejection fee. Customer is requesting to be credited on his Telkom bill.

Thank you.",Rejection Fee Dispute,0.95,Outcome pending – DB check required.
1792501,J  ,1/13/2026 12:13,405.4,0.0,ACC,,"Good Day

Cust disputing rejection fee on the acc ,says she wasnt aware of this as she first recieved a notifications  funds went off
cust has been paying well for the past months
advised she will be liable for the rejection going foward
credited acc with R405.40",Rejection Fee Dispute,0.95,Outcome pending – DB check required.
1792287,R  ,1/14/2026 9:33,202.7,0.0,ACC,,please assist with with the clawback the debit order rejection fee for january,Rejection Fee Dispute,0.97,Outcome pending – DB check required.
1792141,J  ,1/14/2026 10:06,405.4,0.0,ACC,,"Customer provided FNB details and authorised madate to debit on FNB account but was debited on Capitec, banking details captured incorrectly 
Customer was debited on Capitec account on 10/31/2025 and 11/29/2025
Customer credited rejection fee x 2 
View Case: 91326900",Rejection Fee Dispute,0.95,Outcome pending – DB check required.
1793872,J  ,1/14/2026 10:50,202.7,0.0,ACC,,"CHEILA TEMBE
0659113546
Enquiring on the debit order rejection charge
Customer states that Telkom did not debit on the 31/12/2025, advised system shows R130.00 was devited and bounced. Advised to send bank statement. bank statement shows amount rejected however customer had enough funds,statement attached",Rejection Fee Dispute,0.95,Outcome pending – DB check required.
1792536,J  ,1/14/2026 11:31,404.0,0.0,ACC,,"Good day

Can you please assist customer was wrongly charged for the fibre so the payment did not go throught and he was charged a bedit order rejection fee.

customer name:RANDALL VAN RHYNEVELD
customer id:8103125145080
fa:509585046
ba:344570937

Thank you",Rejection Fee Dispute,0.95,Outcome pending – DB check required.
1793908,R  ,1/14/2026 17:08,202.7,0.0,ACC,,"Kindly assist with payment allocation
Customer made payment of 202.70

Customer is disputing to wait for TAT

Customer says she was not advised about rejection fee",Rejection Fee Dispute,0.97,Outcome pending – DB check required.
1795333,R  ,1/15/2026 11:26,202.7,0.0,ACC,,"Hi 

Customer had money in his account at the time of the debit order however debit order still failed on the 27th December 2025 please remove rejection fee",Rejection Fee Dispute,0.95,Outcome pending – DB check required.
1795494,J  ,1/15/2026 13:26,202.7,0.0,ACC,,"Notes: Good day, may you please assist assist, customer disputes the debit order rejection fee that has been charged for two months on Dec & Nov Invoice, customers' payment details were set on wrong bank ccount that he came to change but that was corrected later after bring debited on wrong account, he request to be credited for this error",Rejection Fee Dispute,0.97,Outcome pending – DB check required.
1804631,J  ,1/31/2026 12:48,202.7,0.0,ACC,,"affected number; 0707851414
NOMHLE NGWENGAMA
9710150482086
0722808424
NOMHLENGWENGAMA@GMAIL.COM
KINGSVIEW, WHITEW RIVER, 1240,


Customer called to cancel contract, reason due to overbilling ....  probed if queried charges .... at the store she was told to ignore  it .... went through FA and advised debit order from Nov came back unpaid ... customer said had funds.. advised to send bank statement as proof so we can log dispute ....statement sent and attached on CRM , reversing charge Backout payment 202.70 Period: 12/1/2025-12/31/2025",Rejection Fee Dispute,0.95,Outcome pending – DB check required.
1805035,O  ,2/2/2026 13:22,202.7,0.0,ACC,,"Good day

Customer wants to dipsute the rejection fee of R202.7 on their account because Telkom did not attempt to debit their account. 
Only the payment rejection is appearing on the account.
Attached customer's bank statement",Rejection Fee Dispute,0.97,Outcome pending – DB check required.
1805758,J  ,2/3/2026 8:37,202.7,0.0,ACC,," the customer she was informed about the rejection fees of R202.70 and she is a new customer and tot she will be debited on the 7th, she didnt know that it will be on the 5th  ",Rejection Fee Dispute,1.0,Outcome pending – DB check required.
1805776,R  ,2/3/2026 9:24,202.7,0.0,ACC,,"Good day please assist with customer customer has been charged with a penalty fee of 202.70 a debit of R969.00 was suppose to come off 25 Dec 2025. Debit rejected on the 27th on his account but customer had over R2000 in his account. I have attached his bank statement on the attachment as proof. The debit order on the statement check on the 27th of Dec 2025 that is when it bounced 

your assistance will be highly be appreciated ",Rejection Fee Dispute,0.95,Outcome pending – DB check required.
1805900,J  ,2/3/2026 12:10,202.7,0.0,ACC,,Customer was debited by TELKOM on the 5th JANUARY 2026 the customer did have sufficient funds on his account but TELKOM claims that the customer did not have funds and he was incorrectly charged a rejection fee ,Rejection Fee Dispute,0.95,Outcome pending – DB check required.
1806046,J  ,2/3/2026 13:58,202.7,0.0,ACC,,"Cx would like to dispute rejection fee of 202.70
cx had enough funds on account ",Rejection Fee Dispute,0.97,Outcome pending – DB check required.
1806052,R  ,2/3/2026 14:07,202.7,0.0,ACC,,"Good Day

Kindly assist with debit order rejection fee as customer was debited in January and did have funds in his account and is being charged the rejection fee on his FA.

Kindly",Rejection Fee Dispute,0.99,Outcome pending – DB check required.
1794580,J  ,1/20/2026 15:25,202.7,0.0,ACC,,"Customers debit order bounced on the 20th of Dec where as he had money in his account.

Customer would like to dispute 202.70",Rejection Fee Dispute,0.95,Outcome pending – DB check required.
1798431,J  ,1/20/2026 17:41,202.7,0.0,ACC,,"Affected Number:0815637967
 

Alternative Number:0815637967
 

Customers Name:Xoliswa  Ngidi


 

ID Number:8504060831081

 

Billing Arrangement:333955382
 

FA ID Number:500621569
 

What have you tried:Checked FA ID

 

Additional Information:Customer would like to disputes rejection fee as she had funds on her Bank account on the 15th of Dec",Rejection Fee Dispute,0.99,Outcome pending – DB check required.
1795932,R  ,1/21/2026 11:25,202.7,0.0,ACC,,"
This morning at 6h14 am & 6h15am Telkom attempted to deduct R5000 on each occasion .

My non-payment issue was resolved as per sms received yesterday. 

Contradictory I received 2 other SMSes yesterday stating a demand of payment for 2 different amounts of which I am not familiar with . viz R6345.70 &

This problem could have occurred by someone attempting to commit fraud from Telkom or mixing up accounts with another subscriber info as I once received a statement referring to me as ""Don Moodley"" a while back .
Can this matter be resolved as a matter of urgency preventing further attempts to deduct money from my account .
Also ensuring that the R50 service charge from ABSA is reimbursed into my account for unpaid , unscheduled debit order from Telkom's attempt this morning .
Also ensuring I am NOT charged R202.70 from Telkom's end for unpaid debit order !!
",Rejection Fee Dispute,0.97,Outcome pending – DB check required.
1798192,R  ,1/21/2026 11:47,202.7,0.0,ACC,,"Good day. Please note that the client would like to Dispute the Late Payment Fee of R202.70 for the month of January as the client had enough amount to be debited in the account. And also, the client would like to be contact and discuss as to why Telkom does not debit on time because they always charge her Late Payment Fee.",Rejection Fee Dispute,0.97,Outcome pending – DB check required.
1797562,J  ,1/21/2026 16:41,857.27,0.0,ACC,,"View Case: 91401576
late payments 0.55+4.49+0.41+7.40=12.85
202.70*3=608.10
37*6+14.32=236.32",Rejection Fee Dispute,0.85,Outcome pending – DB check required.
1798800,R  ,1/22/2026 8:45,0.87,0.0,DEB,DCK,Customer called in saying that she was charged R202.70 for backout fee and she is disputing the charges....advised customer that in her current invoice theres R202.70 charges for Nov....advised customervto send the pop sonthat i can axssist to dispute the R202.70...customer did sent....checked the statment and customer wasnt debited in Nov....advised customer that i disputed the R202.70 and she will be charged R406.20 instead of R608.90 on the 26th,Rejection Fee Dispute,0.99,Outcome pending – DB check required.
1798941,R  ,1/22/2026 11:28,202.7,0.0,ACC,,"Good day
Kindly assist with creditting the debit rejection fees. Customer had enough to be debited.
Please reinstate the debit order.
Customer is always complaining about Telkom not debiting whilst she has enough to be debited and her lines being suspended.
She is also threatening to cancel all her contracts. Please assist",Rejection Fee Dispute,0.97,Outcome pending – DB check required.
1804591,J  ,1/31/2026 10:36,412.53,0.0,ACC,,"THOBEKILE PATIENCE MDUNA
Customer has debited twice and wants to know why. Customer has not been double debited but has ben charged for the debit order rejection fees, while she made the manual payments for Oct AND nov 2025 invoices. 


Account subscriptions & once-off R 206.83Once-off charges
Description Service/No Reference Date/Period
Payment Rejection fee 192757004 28 Sep 25 R 202.70Late payment Interest 343818756 04 Oct 25 R 4.13

Account subscriptions & once-off R 205.70Once-off charges
Description Service/No Reference Date/Period
Payment Rejection fee 192757004 29 Oct 25 R 202.70Late payment Interest 343818756 04 Nov 25 R 3.00* Subtotal R 205.70

Total charges= R412.53",Rejection Fee Dispute,1.0,Outcome pending – DB check required.
1805070,R  ,2/2/2026 14:39,202.7,0.0,ACC,,Hi kindly assist with a dispute on this account for rejection fee amount of R202.70.on the 5th customer was having enough money in his account see the attachment of his bank statement,Rejection Fee Dispute,0.99,Outcome pending – DB check required.
1805128,J  ,2/2/2026 15:50,80.63,0.0,ACC,,"The customer has migrated to VTH Fibre 1000/250Mbps but on the December and Jan 2026 they are being blled for both services 

Please assit to credit the customer the the total amount of R2,012.35

December 2025 R1,912.48 
Jan 2026 R99.87 

Becouse the customer was billed incorrectly their debit order for december bounced back they were billed rejection fee of R405.40 and late payment intrest of R80.63",Rejection Fee Dispute,0.97,Outcome pending – DB check required.
1804056,J  ,2/3/2026 9:19,1023.15,0.0,ACC,,"Fibre service B430091862 was provided 2025/08/29 and cancelled 2025/09/09 due to servcie not working. Billed rental from 2025/09/09 - 2025/10/08 , rejection levies R202.70 x 2 on Oct'25 & Nov;25 invoices and interest. Balance to be cleared",Rejection Fee Dispute,0.97,Outcome pending – DB check required.
1806603,O  ,2/4/2026 13:53,46291.0,0.0,ACC,,"Customer's credits which enables her to pay her subscriptions of r799 are not allocated in time and thus have her incur insufficient funds on her account and customer been billed that concurrently for the past 3 months,as discounts credits are allocated late.
reconnection fee r260.21
rejection fee r202.70",Rejection Fee Dispute,1.0,Outcome pending – DB check required.
1795713,J  ,1/16/2026 7:53,202.7,0.0,ACC,,"customer cancelled the insurance and was debted he called insurance they refunded back the amount and siaputed the amount , then customer had a rejection fee ",Rejection Fee Dispute,0.95,Outcome pending – DB check required.
1795535,R  ,1/16/2026 8:40,202.7,0.0,ACC,,"Good day,
Kindly assist to credit rejection fees for November as client had funds in the account 

Thank you",Rejection Fee Dispute,0.97,Outcome pending – DB check required.
1796386,J  ,1/16/2026 11:37,202.7,0.0,ACC,,Customer had requested the debit order date changed to the 20th monthly. However customer's account was debitted on the 5th December leading to another 202.70 plus 2.76 for interest which is not the customer's fault. Kindly credit 205.46 asap,Rejection Fee Dispute,0.95,Outcome pending – DB check required.
1796365,J  ,1/16/2026 11:38,202.7,0.0,ACC,,"Good Day 

customer was debited on the 29th of November were as they were supposed to be debited on the 1st December they are disputing the charge of R202.70 for failed debit order  ",Rejection Fee Dispute,0.97,Outcome pending – DB check required.
1796581,R  ,1/16/2026 16:28,202.7,0.0,ACC,,Kindly assist with Rejection fees charges. customer had funds in her account and a debit order didnt go through but she is charged rejection fees. Bank Statements attached ,Rejection Fee Dispute,0.99,Outcome pending – DB check required.
1797077,R  ,1/17/2026 11:45,202.7,0.0,ACC,,please kindly assist customer was charged R202.70 on her bill for Nov debit order that didnt went through while telkom never went on her account on november but they was funds that were are available,Rejection Fee Dispute,0.97,Outcome pending – DB check required.
1797197,R  ,1/18/2026 9:58,539.0,0.0,ACC,,"Customer debit order is set for the last day of the momth but in december the debit order ran on 27.12.2025 and got returned unpaid on the same day but there were funds on the bank account, kindly assist with waiving the rejection fees, please see bank statement attached.",Rejection Fee Dispute,0.97,Outcome pending – DB check required.
1797218,J  ,1/18/2026 12:03,202.7,0.0,ACC,,"affected number:  0683559903
contact: 0718950285
ID: 7702050745086
FA: 505344268
BAR: 340289475
more info: The customer was charged a rejection fee when she had funds on her account 15/11",Rejection Fee Dispute,0.95,Outcome pending – DB check required.
1799167,R  ,1/22/2026 14:57,202.7,0.0,ACC,,"Good day

Can you please assist, customer made payment on the 16 Dec 2025 which only reflected on the 23 Dec 2025. Telkom also requested a debit order which did not throught. Customer is now charged a Debit order rejection fee. Could you please cred the account with the R202.70.

customer name:MERRANDA  MNTUYEDWA
customer id:0005300093084
fa:510309627
ba:345296670

Thank you",Rejection Fee Dispute,1.0,Outcome pending – DB check required.
1799190,J  ,1/22/2026 16:45,202.7,0.0,ACC,,"yoliswa mbobosi
0678384246
9004090304083
0698007372
509930879
344917294
customer is disputing the rejection fee charge saying that her account had enough funds in december 2025 when telkom was debiting her.
I have checked the customers bank statement and there were enough funds when telkom was debiting",Rejection Fee Dispute,0.99,Outcome pending – DB check required.
1799389,J  ,1/23/2026 11:49,754.5,0.0,ACC,,"MATSHUDU MCHUNU
Customer enquiring about the bill. Has been charged R950 and wants to know why. I checked on an invoice and she was charged for the hardware clwback, said teh old router was not working and they have changed it. She also renewed the contract as it was expired. 

Commitment Duration,12 Months
Commitment End Date,12/12/2026 11:08 AM
Commitment Start Date,12/13/2025 11:08 AM

Change(Broadband) ,B440012410,Closed,12/13/2025,2713733346A,Telkom Core Fibre Lite
Customer Request

Up to 100Mbps download speed
Up to 50Mbps upload speed
Uncapped data
No FUP, No Throttling
Asymmetrical service
12-months contract includes router & Installation AND WOULD LIKE TO GET A NEW ROUTER

Subscription & usage for B440012410 Telkom Core Fibre Lite R 1,514.50Subscription services
Description Period
Retail Fibre BB Lite 100/50Mbps 24 Dec 25 - 23 Jan 26 R 793.48Retail fibre contract fee (Consumer) 24 Dec 25 - 23 Jan 26 R 71.52Additional Hardware Clawback 13 Dec 25 R 649.50Subtotal R 1,514.50Subscription & usage for TIN3191902 Telkom Core Fibre Lite R 179.00Subscription services
Description Period
Lite Uncapped (100/50Mbps) 24 Dec 25 - 23 Jan 26 R 179.00

Telkom Core Fibre 100/50Mbps R795.00 R845.00 R50.00

R950-R845=R105
649.50*105=R754.50
",Rejection Fee Dispute,0.95,Outcome pending – DB check required.
1799459,R  ,1/23/2026 12:01,202.7,0.0,ACC,,"Good day
Customer is a pensioner and she cancelled service 27 November 2025. She also paid the outstanding amount at the time. Every month there is a debit rejection fee which she cannot afford. Kindly please assist by creditting this.
Cust ID:124552823
FA:504017338
Kind regards",Rejection Fee Dispute,0.97,Outcome pending – DB check required.
1799468,R  ,1/23/2026 12:20,202.7,0.0,ACC,,"Good Day 

Kindly assist with penalty fee waive as customer had enough funds in her account but debit order 
did not go through on her set date. Customer debit order goes through on the last day of the month for 
an amount of R169.

Kindly assist in the matter. Please find attached 3 months Bank statement 

Customer name & surname:SIBONGILE MVELASE
Customer ID NO: 8409260529081
Affected number: 0678800108
Amount : R202.70",Rejection Fee Dispute,0.97,Outcome pending – DB check required.
1798973,J  ,1/23/2026 15:52,202.7,0.0,ACC,,rejection fee,Rejection Fee Dispute,0.95,Outcome pending – DB check required.
1799846,J  ,1/23/2026 17:44,202.7,0.0,ACC,,disputed two debit order fees as she paid on the same day advised that she will be laible for the net rejection fee and reconnnecrion fee 260.21,Rejection Fee Dispute,0.95,Outcome pending – DB check required.
1800002,R  ,1/25/2026 12:54,202.7,0.0,ACC,,kindly waive 202.70 fro the customer account as the debit order went before the due date. debit order date is the last day of the month not the 29th,Rejection Fee Dispute,0.95,Outcome pending – DB check required.
1800083,J  ,1/26/2026 10:08,202.7,0.0,ACC,,Customer is disputing the R202.70 because he is saying that the communication was not clear. The invoice stated that he will be debited on the 24th of December 2025 but Telkom ended up debiting on the 27th of december 2025,Rejection Fee Dispute,0.97,Outcome pending – DB check required.
1800292,O  ,1/26/2026 14:33,630.0,0.0,ACC,,"Kindly assist, client is quering why has her device subscription fee has moved from R100 to R730. She did not make changes to her account but this month we charged her R730 instead of R100 for this month's invoice",Rejection Fee Dispute,0.95,Outcome pending – DB check required.
1800851,J  ,1/26/2026 17:02,202.7,0.0,ACC,,customer enquiry on why account again billed the same rejection fees where she disputed from last month account and telkom updated incorrect bank details and now it is corrected with the payment and please assist to dispute the charges for rejection fees R202.70 ,Rejection Fee Dispute,1.0,Outcome pending – DB check required.
1797288,J  ,1/19/2026 8:33,288.03,0.0,ACC,,"Customer request for a cancellation on 1 December 2025 as she was relocating, the account should have been cancelled on 8 December but the customer was charged for an additional amount. Customer reversed the amount and was charged for payment rejection fees. Amount to be credited to clear the account. C/N: 0635846189",Rejection Fee Dispute,0.97,Outcome pending – DB check required.
1797353,J  ,1/19/2026 9:59,155.0,0.0,ACC,,"Customer Request

New customer applied for the Telkom Core Fibre Lite 50/25mbps for R655.00 on a 12 month contract, no voice services, 

Retail Fibre BB Lite 50/25Mbps 09 Dec 25 - 08 Jan 26 R 617.48Retail fibre contract fee (Consumer) 09 Dec 25 - 08 Jan 26 R 71.52Retail Fibre BB Lite 50/25Mbps 09 Jan 26 - 08 Feb 26 R 617.48Retail fibre contract fee (Consumer) 09 Jan 26 - 08 Feb 26 R 71.52Subtotal R 1,378.00

customer was billed 3 Tins R155 we need to credit one",Rejection Fee Dispute,0.95,Outcome pending – DB check required.
1797321,J  ,1/19/2026 10:12,202.7,0.0,ACC,,"good day 

customer disputing the rejection fees  Backout payment 202.70

the customer was debited while they did not services as their debit date was on the 5th and and they got their fibre set up on the 5th of jan 
case ref 91197765

Incoming call
Contact Phone: 0760280392

Notes: Roter reconfiguration 
Reconfigured the router through CPE system 
The customer is connecte and able to browse


customer dipsuting the rejection fees ",Rejection Fee Dispute,1.0,Outcome pending – DB check required.
1798312,R  ,1/20/2026 16:39,202.7,0.0,ACC,,"Good day

Please assist customer quering the late payment fee of R202.70 and he would like to dispute the amount",Rejection Fee Dispute,0.97,Outcome pending – DB check required.
1798544,J  ,1/21/2026 10:41,2027.66,0.0,ACC,,"
Customer requested to change debit order date in July 2025 but it was only succesfully changed in Dec 2025.
Customer disputing penalty charges .

Payment Rejection fee 257721214 02 Dec 25 R 202.70Late payment Interest 345447057 09 Dec 25 R 4.96* Subtotal R 207.66",Rejection Fee Dispute,0.97,Outcome pending – DB check required.
1798572,J  ,1/21/2026 11:26,1824.3,0.0,ACC,,"Customer called into dispute the charges on the account.

Customer did not have services for the month of April and May 2025 and then cancelled the services on the 5/02/2025.
Case REF number 90156449 states that the customer was only credited for the months of May and June 2025

request to cancel 
Cease(Broadband,Fixed Voice Product,Internet) 
order REF number 2568852045A dated 5/2/2025
This order was closed but the account only got cancelled in July 2025

Customer was then credit the total amount of 1737.98 with out looking at the debit rejection fees and the late payment interest also reconncetion
Customer was credited on the 11/17/2025 amount  -1,737.98

Customer monthly subscription was 868,99

Calculations 
Customer is due to be credited debit rejection fees 
from May to January 16th 2026

this is from May 2025 to current invoice 
202.70 x 9  Months 
= 1 621,6
Customer is due to be credited back this as the services were no longer active and the credit was only passed in November 2025


Current bill 
2,809.61 - 1 824,3
= 985,31",Rejection Fee Dispute,0.99,Outcome pending – DB check required.
1796928,J  ,1/21/2026 11:36,208.79,0.0,ACC,,"Billing Template 

Affected Number:0752583863
Alternative Number:0739576362
Customers Name:Elliot Mbongwa Tibe
ID Number:7211055378083
Billing Arrangement:345312324
FA ID Number:510325281
What have you tried:Checked the invoices that had the event billing usage and the debit order of August 2025
Additional Information:Customer had a rejected debit as Telkom debited an amount that was over with R433.00 due to event billing usages and a credit was done for even billing and forgot the rejection fee.
",Rejection Fee Dispute,0.95,Outcome pending – DB check required.
1806551,J  ,2/4/2026 12:20,202.7,0.0,ACC,,"Customer made the manual paymenton the 07/01/2026 as Telkom didn't debit, but hasn't received an invoices as was told might be charged for the debit orde rejection fees. Invoice sent. Said there was no money debited on te 5th on his email address. Advised to send the bank statement. 
 Bank ststement recieved and there was no transaction on the 5th but only reflected the rejection notifications
Account subscriptions & once-off R 202.70Once-off charges
Description Service/No Reference Date/Period
Payment Rejection fee 276415352 09 Jan 26 R 202.70

08 Jan 2026 Fee: Unsuccessful Debit Order -
TELKOMMOBI51069423301186745904 -
insufficient funds
3.00 - - 39.27
08 Jan 2026 Unsuccessful Debit Order -
TELKOMMOBI51069423301186745904
- - 398.00 437.27
08 Jan 2026 Unsuccessful Debit Order -
TELKOMMOBI51069423301186745904
- 398.00 - 39.27",Rejection Fee Dispute,0.99,Outcome pending – DB check required.
1803032,J  ,1/28/2026 14:17,202.7,0.0,ACC,,customer is disputing the dbit rejection fee because the agreed date is the 25th of every month.,Rejection Fee Dispute,0.95,Outcome pending – DB check required.
1803157,R  ,1/28/2026 16:15,202.7,0.0,ACC,,"Good day,

Kindfly assits with cancelling the penalty fee of 202.70 
Customer made a manual payment in December 2025 and cancelled the contract on the 05th of January
BAR ID:344478761
FA ID:126151960

Warm regards",Rejection Fee Dispute,0.95,Outcome pending – DB check required.
1803333,R  ,1/29/2026 13:41,202.7,0.0,ACC,,"good day
kindly assist with credit for rejection fee R202.70.  client was not debited on agreed date and made a cash payment .",Rejection Fee Dispute,1.0,Outcome pending – DB check required.
1803374,J  ,1/31/2026 13:03,3.09,0.0,ACC,,"affected number; 0707851414
NOMHLE NGWENGAMA
9710150482086
0722808424
NOMHLENGWENGAMA@GMAIL.COM
KINGSVIEW, WHITEW RIVER, 1240,

Customer called to cancel contract, reason due to overbilling ....  probed if queried charges .... at the store she was told to ignore  it .... went through FA and advised debit order from Nov came back unpaid ... customer said had funds.. advised to send bank statement as proof so we can log dispute ....statement sent and attached on CRM , reversing charge Backout payment 202.70 Period: 12/1/2025-12/31/2025

Late payment Interest 3.09 Period: 12/1/2025-12/31/2025",Rejection Fee Dispute,0.95,Outcome pending – DB check required.
1803870,O  ,2/1/2026 10:52,1506.7,0.0,ACC,,"Client has been charge for rejection in the month of jan 2026 for payments that has beem missed in previous months 
however client has suffecient amount of funds for the debit order to go off the amount that has been taking off the acount in jan 2026 was R 1,506.70 this included R202.70 rejection feed that should be disputed and be refunded 

please advise the way forward ",Rejection Fee Dispute,1.0,Outcome pending – DB check required.
1804015,J  ,2/2/2026 8:59,409.0,0.0,ACC,,customer was charge a subscition fee advised customer to credit Backout payment R202.70 Late payment Interest R6.25 and R409.00 Log a payment on not account. I am going to credit customer R409,Rejection Fee Dispute,0.97,Outcome pending – DB check required.
1806049,J  ,2/3/2026 14:01,202.7,0.0,ACC,,"Customer adamant that had asked to be debited on the last day of the month ,and also had watsapped to request such,r 202.70 .",Rejection Fee Dispute,0.95,Outcome pending – DB check required.
1806110,R  ,2/3/2026 16:09,608.1,0.0,ACC,,"Good day,

Please assist. Customer's account was not debited for 3 months even though there was money available to deduct. Customer has been making manual payments the whole time through the Telkom App. Customer was then charged penalty rejection fee. Please investigate and advise.

Customer is disputing this amount and would like to be credited please.",Rejection Fee Dispute,0.95,Outcome pending – DB check required.
1798347,J  ,1/21/2026 13:30,405.4,0.0,ACC,,"customer would like to know why they havent recivied the ref numbre and the call as they were advised by the previous agent(mohapi), advised the customer that there was no dispute done on the acccount and advised that the reason they were charge a rejction fee in december is because they paid 10 days before not 10 days working days before which why we still came in their account customer said the store advised that it doenst matter as long as its 10 days then it fine and the customer has been doing that now she has a rejection fee ",Rejection Fee Dispute,0.95,Outcome pending – DB check required.
1798757,J  ,1/21/2026 17:28,202.7,0.0,ACC,,"Nqobile Magagula
Customer called in last month to request a subscription be rectified and it was, but the bill for this month it is R391.70, and wants to know why. I checked and charged for teh debit order rejection, customer said it is not her fault as was called and agreed on the paymend date for Dec 2025 that it would be debited on the 24/12/2025.

Account subscriptions & once-off R 202.70Once-off charges
Description Service/No Reference Date/Period
Payment Rejection fee 138776472 30 Dec 25 R 202.70

Bank account to be debited with R 689.00 on 24 Dec 2025


Billing Case	
Affected Number:	0692426381
Alternative Number:	0642474960
Customers Name:	Nqobile Magagula
ID Number:	0307060125084
Billing Arrangement:(If Applicable)	344976043
FA ID Number:(If Applicable)	509989249
What have you tried:	I checked on customer invoice for Dec 2025 and the notification said the 24th Dec 2025 will be debited. 
Additional Information:	Customer wants the rejection fees be cleared as said it is not her fault that it was not debted on the agreed date
POP sent to TM SOC Billing:	e.g. Yes or No
",Rejection Fee Dispute,1.0,Outcome pending – DB check required.
1798825,R  ,1/22/2026 9:24,405.4,0.0,ACC,,"Good day,

Please asisst with payment rejection fee. Customer says Telkom never debited his account even though there is money available. Customer is disputing these charges and would like for it to be waivered/ Also can a ne mandate also be reinstated.

Please investigate and advise.

Warm regards",Rejection Fee Dispute,0.95,Outcome pending – DB check required.
1798827,J  ,1/22/2026 9:51,176.26,26.44,DEB,DCK,"customer paid on the 23/12


payment was already reflecting, customer is desputing rejection fee
",Rejection Fee Dispute,0.95,Outcome pending – DB check required.
1798900,R  ,1/22/2026 13:08,202.8,0.0,ACC,,"Good day, 

Please credit customers account the debit order rejection fee of R202.80 as telkom debited his account when there was enough money in his account and it rejected. Bank statements attached. 

Affected FA: 509117034
Affected BA: 344101985
Customer name: William munnik
Customer system: 201676990",Rejection Fee Dispute,0.99,Outcome pending – DB check required.
1799025,J  ,1/22/2026 19:08,202.7,0.0,ACC,,"Affected Number:0832466951

 

Alternative Number:0750245194

 

Customers Name:LUIS ZIMIRA

 

ID Number:7307106141080

 

Billing Arrangement:345634511

 

FA ID Number:510647468

 

What have you tried: Customer is charged a rejection fee for a failed debit on the 29 November 2025, wrong date was captured. Customer requested to be debited
on the 25th but Telkom debited his account on the wrong debit date leading to a failed debited.
 

Additional Information:Customer would like to dispute this rejection fee that is charged.",Rejection Fee Dispute,0.95,Outcome pending – DB check required.
1799242,J  ,1/23/2026 9:12,202.7,0.0,ACC,,"dennis khumalo
Customer said has made a payment on time and has ben charged for a rejection fees. Receives invoices. I checked and he made maual payment on the 25h and debit order went off on the 27th. He is requesting the charges be cleared.

01 Dec 2025 Balance brought forward R 174.0025 Dec 2025 Payment: Thank You 0400399 -R 174.0027 Dec 2025 Payment: Thank You -R 174.0030 Dec 2025 Payment: Rejection(Note 1) R 174.00Subtotal R 0.0

Account subscriptions & once-off R 202.70Once-off charges
Description Service/No Reference Date/Period
Payment Rejection fee 124776159 30 Dec 25 R 202.70",Rejection Fee Dispute,0.99,Outcome pending – DB check required.
1799286,R  ,1/23/2026 9:37,202.7,0.0,ACC,,"Good day kindly assist with updating customer FA as payment of R202.70 was maually paid on the 23.01.2026 and
customer cancelled her contract around last year kindly note that please and that this is the final payment.",Rejection Fee Dispute,0.97,Outcome pending – DB check required.
1799406,R  ,1/23/2026 11:57,202.7,0.0,ACC,,"UTSOMERS ACCOUN IS DEBITED BECAUSE OF A MISSED PAYMENT CUSTOMER SENT A BANK STATEMENT IT SHOWS THAT THER WAS FUNDS IN CUSTOMERS ACCOUNT 

CUSTOMER DISPUTED THE REJECTION OF 202.70",Rejection Fee Dispute,0.95,Outcome pending – DB check required.
1799350,J  ,1/23/2026 13:49,202.7,0.0,ACC,,"Customer is disputing 202.70 payment rejection fee for the payment that was debited in November. Customer states that he did not change his banking details from FNB to Capitec.
Customer was on an incorrect bank.",Rejection Fee Dispute,0.97,Outcome pending – DB check required.
1799705,R  ,1/23/2026 16:08,815.13,0.0,ACC,,Customer states that she has not been using any services from NOV UP date but she has been charged for DEBIT REJECTIONR202.70 RECCONNECTIONR260.13 FEE LATE PAYMENT INTEREST OF R17.22 AND SUBSCRIPTION R335.00,Rejection Fee Dispute,0.88,Outcome pending – DB check required.
1799915,R  ,1/24/2026 12:55,202.7,0.0,ACC,,"Good day
Please assist as per case tittle the customer was charged the rejection fee and the initial was that she will be charged on the 24th
Please look up to it and assist if u can be able to

Regards",Rejection Fee Dispute,0.95,Outcome pending – DB check required.
1799957,J  ,1/24/2026 16:23,202.7,0.0,ACC,,"Customer is disputing the rejection fee charged for a debit order that was unsuccessful in december,customer had sufficient funds",Rejection Fee Dispute,1.0,Outcome pending – DB check required.
1799978,J  ,1/25/2026 10:29,405.4,0.0,ACC,,"Good Day 

Can you please assist customer has been charged an amount of R405.40 for debit rejection fee, customer requested the debit order to be changed to the last day of the month but it was never changed. 
Customer also made a paymnet on the Portal  with the refrence on the bank statement: ""PA431413000581"" and the customer is now being charged am  although the customer made  payment on the Portal 

Affected Number: 0685727182
CA ID: 215057010
FA ID: 510561213

Kind Regards",Rejection Fee Dispute,0.95,Outcome pending – DB check required.
1800104,R  ,1/26/2026 10:11,202.7,0.0,ACC,,"The customer says on the invoice for December telkom stated he will be debited 24th December 2025 but telkom never debited it shows telkom tried to debit 27 December and payment refjected  customer advised there were funds in his bank on 24 but there were no funds 27 he then paid acoount on the 30 Decxember he wants to dispute the debit rejection amount  
Payment Rejection fee 102365289 30 Dec 25 R 202.70 ",Rejection Fee Dispute,0.97,Outcome pending – DB check required.
1803813,J  ,1/30/2026 11:44,202.7,0.0,ACC,,"Effective number: 0698869033

Alternative number: 0630549053

Name and surname: AMAHLE MZOBE


ID number: 0211030378080

FA ID: 509582622

BA ID: 344568513

What have you tried: Customer would like to dispute rejection fee R202.70 for November 2025 because she had enough funds to her account",Rejection Fee Dispute,1.0,Outcome pending – DB check required.
1805022,J  ,2/2/2026 12:56,5.18,0.0,ACC,,"affected number: 0699196213
9102041094082
Agnes Guenha
agosiame@gmail.com
0739897897
stand no46 
tayereng 1030 


Retention Attempt
Number in question :  0658982657
Current Plan :120GB LTE TopUp Deal
New Plan: 20Mbps LTE All Hours Deal (from 120GB LTE TopUp Deal)
Contract Age: 12 months , 18 days.
Monthly Fee : 339.00
Device Fee : 0.00
Reason for call / why they are cancelling :billing
Retain: yes
Cancellation Request Date :02/02/2026
Cancellation Effective Date:n\a
Outcome: service retain


Customer called to cancel contract, reason due to billing, says in Nov made manual payment before her payment date,  and then same month debit order collected, incurred unpaid dbeit order fees as a result and now billing is high ... requested they email statement to show payment so we log dispute .... advised though for future reference to pay 10-days prior for cash payments to avoid incorrect billing 
customr also queried if is able to upgrade to inlimited as current data plan does not last ... change sdone to  20Mbps LTE All Hours Deal (from 120GB LTE TopUp Deal) 

transaction on statement; 26/11/2025 Banking App External Payment: Guenha An Uncategorised -541.70 

reversed Backout payment 202.70 Period: 
12/1/2025-12/31/2025
Late payment Interest 5.18 Period: 
12/1/2025-12/31/2025",Rejection Fee Dispute,0.95,Outcome pending – DB check required.
1805030,J  ,2/2/2026 13:08,202.7,0.0,ACC,,Customer was charged a rejection fee of R202.70 for the month of November 2025 and the customer had funds in his account.,Rejection Fee Dispute,1.0,Outcome pending – DB check required.
1786531,J  ,12/30/2025 12:07,202.7,0.0,ACC,,"customer says that they made the payment on the account on 25 november 2025 and yet they still debited their account the amount of R549.08,customer said that they were not told about the 10  days before the debit date and they are disputing the 202.70",Rejection Fee Dispute,0.95,Outcome pending – DB check required.
1776474,R  ,12/8/2025 17:45,202.7,0.0,ACC,,"Alternative Number:0823918718

 

Customers Name:Tebogo Kutumela

 

ID Number:8810200297087

 

Billing Arrangement:338938934

 

FA ID Number:503993730

 

What have you tried:cx was charged rejection fee because she was debited on capitec account
 

Additional Information: can you please assist the cx is saying she did not charge to capitec account but in October she was debited on capitec account and would like to dispute the chargies

",Rejection Fee Dispute,0.97,Outcome pending – DB check required.
1776815,R  ,12/9/2025 15:55,202.7,0.0,ACC,,Backout fee 202.70,Rejection Fee Dispute,0.95,Outcome pending – DB check required.
1787841,J  ,1/5/2026 14:46,202.7,0.0,ACC,,"Customer is requesting for a credit for the rejection fee since the debit was issued on the 29/11/2025 before he do the transfer of the money, andit is his 1st offence he will be aware next time",Rejection Fee Dispute,0.95,Outcome pending – DB check required.
1789158,R  ,1/6/2026 14:30,4000.0,0.0,ACC,,"Billing Case

Affected Number:
B310178170
Alternative Number:
0796193798
Customers Name:
ADELAIDE FAKUDE
ID Number:
6412140515082
Billing Arrangement:(If Applicable)
345323290
FA ID Number:(If Applicable)
510336247
What have you tried:
Customer want to be credited for the rejection fees charged and the reconnection charged from May   due to she has been requesting  for the debit date to change from the 10th to  the 20th  from April but nothing has been done . debit date are not changing .
currently the system is saying its forbidden to change the debit date twice in 6 months ,but customer has been on the 10th not 20
",Rejection Fee Dispute,0.97,Outcome pending – DB check required.
1798693,R  ,1/21/2026 14:26,202.7,0.0,ACC,,Good day. Please note that the client would like to dispute the late payment fee of the amount of R202.70 as the client had enough amount to be debited in the account.,Rejection Fee Dispute,0.97,Outcome pending – DB check required.
1782502,R  ,12/18/2025 11:55,454.52,0.0,ACC,,"Good- day Team
Affected number 0697667268
Please assist customer was not debited and customer is not happy as this is his busniess line and his busniess is affected and Please investigate as the cutsomer was charged 202.70 please invesigate and refund customer
and Please re-activate cutsomers line and thank you indavance ",Rejection Fee Dispute,0.95,Outcome pending – DB check required.
1796199,R  ,1/16/2026 9:21,202.7,0.0,ACC,,"Good day 

please assist with crediting customer the rejection fee of R202.70 customer made a manual in december but a debit order went through after he has paid and it had rejected 
customer says he wont this amount of money and he want his  services cancelled his not happy with his billing 
please assist customer is very angry 
customer previously logged dispute with the call centre ref 90735446",Rejection Fee Dispute,1.0,Outcome pending – DB check required.
1803488,J  ,1/29/2026 15:02,202.7,0.0,ACC,,"Customer would like to dispute rejection fee 202.70



customer had funds on account 



",Rejection Fee Dispute,0.97,Outcome pending – DB check required.
1777233,J  ,12/10/2025 15:39,934.82,0.0,ACC,,"Billing Case

 

Affected Number:B260084453

 

Alternative Number:0797918502

 

Customers Name:Mr. BONGINKOSI NGUBANE

 

ID Number:8106055718081

 

Billing Arrangement:345236564

 

FA ID Number:510249521

 

What have you tried:Penalty fee dispute, Customer is stating that they are not liable for the penalties charged since they had funds on the account on the 5/08/2025. Customer provided bank statement to prove they had funds on the account on the debit order date and even after, therefore wishes to be refunded the amount of R202.70 Backout fee times 2 and R260.21 Reconnection fee times 2 and late payment interest, Total charge R934.82

 

Additional Information:Penalties Dispute. Checked customers bank statement and attached

 

POP sent to TM SOC Billing:

e.g. Yes or No",Rejection Fee Dispute,0.97,Outcome pending – DB check required.
1778690,R  ,12/12/2025 10:42,202.8,0.0,ACC,,"Affected Number:0659730855

Alternative Number:0780922066

Customers Name:THORISO EDGAR MOSHOESHOE

ID Number:9209035859089

Billing Arrangement:344083002

FA ID Number:509098132

What have you tried:Checked on customer FA and BA balance is inclusive of rejection fee
and Late payment Interest fee

Additional Information:Payment reflected prior than debit day , but attempt of debit
went off on 25th while payment was already allocated. 

POP sent to TM SOC Billing: No",Rejection Fee Dispute,0.95,Outcome pending – DB check required.
1778840,J  ,12/12/2025 14:01,207.36,0.0,ACC,,"Good day 

Could you please assist with the following.

Customer was charged Payment Rejection fee of R202.70 and Late payment interest of R3.11 on November 2025 Invoice. On December 2025 invoice customer was charged Late payment interest of R1.55.

Customer is disputing these charges as customer had funds available in his bank account for subscription fee to go off.

Could you please assist with crediting the customer R207.36

Customer name: HELMET MULLER
Customer ID: 154990268
BA ID: 340659722
FA ID: 505714514

Your assistance in this matter is much appreciated.

Kind regards
Elzan",Rejection Fee Dispute,1.0,Outcome pending – DB check required.
1776931,J  ,12/10/2025 8:55,202.21,0.0,ACC,,the customer was charged a debit rejection fee of R202.21 whereas the accopunt was debited,Rejection Fee Dispute,0.97,Outcome pending – DB check required.
1778123,J  ,12/11/2025 14:28,202.7,0.0,ACC,,"cted Number:0682345734

Alternative Number:0710360282
 

Customers Name: TUMELO NKUNA

ID Number:0408055434083

Billing Arrangement:345366802

FA ID Number:510379759

 

What have you tried:Checked FA ID

 

Additional Information:Customer disputes rejection fee.",Rejection Fee Dispute,0.95,Outcome pending – DB check required.
1778810,J  ,12/12/2025 13:50,202.7,0.0,ACC,,"Good day

Please note that the credit is for the rejection fee charged on the November invoice due to the SIM swap charged on the September invoice.
The debit order did not go through in September",Rejection Fee Dispute,0.97,Outcome pending – DB check required.
1776011,J  ,12/7/2025 10:08,608.1,0.0,ACC,,"Effected number :  0814711783
Alternative:  0814711783
Name and surname : Cheryl  LEE Forrest
Id no :  6110310157087
FA ID Number:  502086941
BA : 335534735
What have you tried: I checked on the customers account 
Additional Information: customer would like to dispute the rejection fee that she have been charge with for the past 3 month since she did have enough  funds on her account on the day she should be debited on the on the following months she will be charged with the rejection fees as if she did not have enough fund she have been going from one piller to point trying to sort this out but then she dont seem to be getting any help with it so for the part months the customer have been charged with the rejection fee for 3 months that add up to R608.10 in total ",Rejection Fee Dispute,1.0,Outcome pending – DB check required.
1781589,J  ,12/16/2025 12:51,176.26,26.44,DEB,DCK,"Customer was billed extra because of subscriptions, customer is desputing rejection fee",Rejection Fee Dispute,0.95,Outcome pending – DB check required.
1781949,R  ,12/17/2025 13:01,202.7,0.0,ACC,,"Customers debit on 15.11.2025 shows unsuccessful although funds were available in her bank account. Please assist with crediting rejection fee. Kindly see bank statement attached.

Regards",Rejection Fee Dispute,0.95,Outcome pending – DB check required.
1782555,R  ,12/18/2025 16:42,202.7,0.0,ACC,,"Good day
Kindly assist with disputing the R202.70 charged on the customers' account. The customer had enough balance on the account for telkom to debit. I have attached a bank statemnt of the customer and highlighted the balance on the account and the amount telkom attempted to debit on the 29th of November 2025.
Kind regards",Rejection Fee Dispute,0.97,Outcome pending – DB check required.
1783300,J  ,12/19/2025 7:58,202.7,0.0,ACC,,customer has been charged rejection fee charge for failed debit order on the 5th of November and it was not their fault as they were charged subscription charge s they were never aware of,Rejection Fee Dispute,0.97,Outcome pending – DB check required.
1783441,R  ,12/19/2025 12:12,202.7,0.0,ACC,,"Good day
Kindly assist with disputing the rejection fee (R202.70) charged on the customers' bill. Customer had sufficient funds for the debit order to be successful. 
The bank statement is attached on the system.
",Rejection Fee Dispute,1.0,Outcome pending – DB check required.
1783923,J  ,12/21/2025 15:45,6.94,0.0,ACC,,"customer said the banking details 
on the account was incorect since
he open the bank he said he never gave Telkom permision to take the debit order off from
the FNB account
he dont use the FNB account 
customer said he never provide Telkom with FNB account where did Telkom get these bank details he said
customer dispute Late payment of 4.58 on 1 November invoice and 1 december invoice 2025 R2.36
the debit order rejection fee  date 1 November 2025  Total R6.94
contact number 0783690626",Rejection Fee Dispute,0.97,Outcome pending – DB check required.
1797378,J  ,1/19/2026 13:53,405.4,0.0,ACC,,"Billing Case
 
Affected Number:
 0671296787
Alternative Number:
 0671296787
Customers Name:
 LOYDICK MAHLAULE
ID Number:
9702265604084
Billing Arrangement:(If Applicable)
343894000
FA ID Number:(If Applicable)
508909112
What have you tried:
customer is disputing the rejection fee because the incorrect banking details were captured on CRM and different banking details on AVS
Additional Information:
 Will be crediting customer the rejection fee times 2.
POP sent to TM SOC Billing:
N/A
 ",Rejection Fee Dispute,0.99,Outcome pending – DB check required.
1798463,R  ,1/20/2026 17:33,0.1,0.0,ACC,,"Good  day 

Could you please assist,  customer has  services and their sevices are suspended where as in december telkom debited on the 6th were as the customer had money in their account on the 5th as a result they made the payment manually and now customer is being billed debit order rejection fee and  reconnection fee, customer is disputing the amount of R470.77?.

Financial Account:510142756
Billing Arrangement:345129709
Customer ID:241135465

Thank you.
",Rejection Fee Dispute,0.97,Outcome pending – DB check required.
1802680,R  ,1/27/2026 12:25,202.7,0.0,ACC,,Please assist as customer are being charged a R202.70 when she had money in her account but account was not debited. Customer mad manual pay as refuse to pay the rejection fee,Rejection Fee Dispute,0.99,Outcome pending – DB check required.
1778659,J  ,12/12/2025 10:07,202.7,0.0,ACC,,"Customer called in why the balance is high
Advised customer were charged  Backout Payment of R202.70 X2 
Late payment Interest-R12.51
Telkom Easy Connect Fibre 40/20Mbps- R163.60
Customer disputes that they were charged the Prorata that they were charged R409 times two 
customer changed the debit date from the 20th to the last day of the month
Provided customer with the past due amount R818.00 
Provided customer with the Balance of amount R1,399.51

Customer will not pay the R202.70 as they say the Agent should pay it as tehy disputing the R202.70",Rejection Fee Dispute,0.97,Outcome pending – DB check required.
1778213,J  ,12/12/2025 11:40,202.7,0.0,ACC,,"Affected Number: 0693518346
Alternative Number:?0869954480???
Customers Name: Michelene Classen
ID Number: 9202110219089
Billing Arrangement: 343527267
FA ID Number: 508542649
What have you tried: i checked customer's FA and there is a rejection fee?
Additional Information: customer is disputing a late payment of R202.70 for septermber",Rejection Fee Dispute,0.99,Outcome pending – DB check required.
1778784,J  ,12/12/2025 12:55,202.7,0.0,ACC,,"Good day

Customer is charged rjection of R202.70 and she had sufficient funds in her account.

POP attached  to Case 90709858",Rejection Fee Dispute,0.97,Outcome pending – DB check required.
1782006,J  ,12/17/2025 15:27,628.5,0.0,ACC,,"Billing Template
 
Affected Number:
0670261081
Alternative Number:
0670261081
Customers Name:
N KOBOKA
ID Number:
5905180716081
Billing Arrangement:(If Applicable)
345556025
FA ID Number:(If Applicable)
510568982
What have you tried:
customer is disputing the rejection fee because account that was used is not accepting debit orders and they requested for tyme bank to be used",Rejection Fee Dispute,0.99,Outcome pending – DB check required.
1783295,J  ,12/19/2025 7:38,202.7,0.0,ACC,,"Credit of R 202.70 for backout payment 
Case 90703397",Rejection Fee Dispute,0.95,Outcome pending – DB check required.
1784098,J  ,12/22/2025 13:47,202.7,0.0,ACC,,"Customer would like to dispute rejection fee of 202.70 for November 
customer had funds but it shows as backout debit ",Rejection Fee Dispute,0.97,Outcome pending – DB check required.
1786263,J  ,12/29/2025 13:56,462.91,0.0,ACC,,"As per call recording dated 08/08/2025 Interaction ID: 32D9D9E2-96DD-415E-9779-EAB7B258590A agent motaunl1

According to the agents notes the debit date was changed to the 5th and the mandate was sent to the customer, however this was never done, until the 02/10/2025 - No mandate found

Credit unpaid debit order fee R202.70
Reconnection fee R260.21",Rejection Fee Dispute,0.88,Outcome pending – DB check required.
1786604,J  ,12/31/2025 19:34,202.7,0.0,ACC,,"Affected Number:0676249420

 

Alternative Number:0813240099

 

Customers Name:MDUDUZI  NKULULEKO BIYELA

 

ID Number:9710055719087

 

Billing Arrangement:341324834

 

FA ID Number:506379275

 

What have you tried:

 

Additional Information:Customer called to query on the incorrect debit order amount

The customer was charge insurance in October so debit order was unpaid cos he already cancelled the insurance.

His disputing Payment Rejection fee R 202.70 

 ",Rejection Fee Dispute,0.97,Outcome pending – DB check required.
1787174,R  ,1/2/2026 15:56,202.7,0.0,ACC,,Customer went to Somersset Branch to cancel his 80GB LTE sim-only contract on the 27 October 2025 when he was handed the last billing invoice and advised to pay R221.38 manually. He was eventually billed on the very same month-end the same R221.38 amount on his bill to which he disputed the amount on his banking app. he was debited R202.70 on 31 December 2025 instead of 31 November 2025,Rejection Fee Dispute,0.97,Outcome pending – DB check required.
1787224,R  ,1/3/2026 10:17,202.7,0.0,ACC,,"Good Gay

Please kindly assist by crediting the customers account with a rejection fee charged for December. She requested her account details be changed in November but the change never executed

Kind Regards
Sivu",Rejection Fee Dispute,0.97,Outcome pending – DB check required.
1787225,J  ,1/3/2026 10:17,202.7,0.0,ACC,,"Good day
Kindly assist with credititng debit rejection fee. Customer had enough amount to be debited.
Bank statement attached",Rejection Fee Dispute,0.95,Outcome pending – DB check required.
1787912,R  ,1/5/2026 18:53,202.7,0.0,ACC,,"Alternative Number:0813368624
Customers Name: RASHILA JUGDAWOOH
ID Number: 7003230241082
Billing Arrangement:334911952
FA ID Number:501563881
What have you tried: Checked the customers financial statement
The customer was cherged twice for the debit order
rejection fee, but was only credited once.

Additional Information: The customer requested for the banking details
to be changed, however she was not assisted. 

",Rejection Fee Dispute,0.97,Outcome pending – DB check required.
1788968,J  ,1/6/2026 19:33,202.7,0.0,ACC,,rejection fee,Rejection Fee Dispute,0.95,Outcome pending – DB check required.
1795519,R  ,1/15/2026 14:46,202.7,0.0,ACC,,"Billing Template	 
Affected Number:	 0826587088
Alternative Number:	0826587088 
Customers Name:	 WENDY 
ID Number: 4702170310087	 
Billing Arrangement:(If Applicable)	502155629 
FA ID Number:(If Applicable)	 
What have you tried:	 Customer is disputing the R202.70 penalty fee 29 November because we debited before the last day there she was charged the penalty fee.
Additional Information:	",Rejection Fee Dispute,0.97,Outcome pending – DB check required.
1795550,J  ,1/16/2026 11:48,405.4,0.0,ACC,,"Customer called to dispute the charges on the account 

Customer was billed for the month of 10/22/2025 but the lines were only active on the 10th of November 2025
Case was logged on the accout case REF number 90122028 
Notes 
General customer comment
Notes: TIN4134092 and B320004383 credit from 08/10/2025-29/10/2025
845*21/31=572.42
0665206788
Dear Valued Customer Thank you for contacting Telkom Billing enquiries. Please kindly note that your case 90453489 for the disputes has been approved. No usage was found. You will have to wait for the next invoice to see credits. We do apologize for any inconvenience caused. Thank you for contacting Telkom Internet Dispute

!For Internal Use Only! TIN4134092 and B320004383 credit from 08/10/2025-29/10/2025
845*21/31=572.42
0665206788

Customer was then credit on the 12/4/2025 but was charges 202.70 and 260.21 

Calculation 
debit rejection fee 202.70 x 2 10/21/2025- and 11/21/2025-
reconnection fee 260.21 for 11/21/2025

Total =665,61
",Rejection Fee Dispute,0.97,Outcome pending – DB check required.
1798595,J  ,1/21/2026 12:51,202.7,0.0,ACC,,"customer was charged a rejection fee for Dec , customer had sufficient fund between 23/12/2025 till 30/12/2025
customer disputing a rejection fee
",Rejection Fee Dispute,0.95,Outcome pending – DB check required.
1795753,R  ,1/16/2026 7:56,559.56,0.0,ACC,,"



Search

FA_ID
 	









Successful Collected
Partially collected

Collected Amount	
R 559,56
      
Search_FA      
510053048
Last Successful Date	
2025-12-20
  FA_Number 
510053048
 	Arrears	
R 559,56
Cus_Names   
Alexander Adams
Total Due	
R 901,18
   
Last Debit Order Rejection Date	
2025-10-16

Rejection Reason	
NOT PROVIDED FOR (EQUIVALENT TO R/D ON A CHEQUE)
All Collections Transactions For The last Three Months
Group	Amount	Action_Date	Status	Latest_Status_Description	Lastest_Status_Effective_Date
Nudebt Debicheck Telkom	559,56	2025-12-20	Successful	Successful	2025/12/25 00:00:00
Nudebt Debicheck Telkom	559,55	2025-12-19	Successful	Successful	2025/12/19 00:00:00
Nudebt Debicheck Telkom	82,50	2025-10-31	Successful	Successful	2025/10/31 00:00:00
Nudebt Debicheck Telkom	330,00	2025-10-24	Failed	Insufficient Funds - The account does not have sufficient funds available to process the transaction. (Unsuccessful Debit)	2025/10/26 00:00:00

Customer was debited twice in december but only one payment is reflecting",Rejection Fee Dispute,0.95,Outcome pending – DB check required.
1795793,J  ,1/16/2026 15:07,202.7,0.0,ACC,,"Customer would like to dispute rejection fee of 202.70
customer had funds on account ",Rejection Fee Dispute,0.97,Outcome pending – DB check required.
1786018,R  ,12/28/2025 12:00,202.7,0.0,ACC,,"Good day
please kindly assist and dispute the amount of R202.70 that the customer was charged for debit order rejection fee for the November 2025 invoice, the customer had funds in her bank account however it was not debited.
she made the manual payment since it was  not debited.

Regards",Rejection Fee Dispute,1.0,Outcome pending – DB check required.
1787627,J  ,1/6/2026 8:04,176.26,26.44,DEB,DCK,"Customer calls in wanted to know why his acc not been debited...advised customer that his acc is Out Of Collection - on Trial wtith the past due amount of R0.00 and the balance of R373.33...advised customer that he was debited him the amOUNT OF R371.82 by collectors that settled for Jan.....customer metioned that he was over charged...advised customer that he was charged R202.70 for late payment...customer metioned that he had enough funds in his acc..advised customer to send POP of which he did.....advised customer that Telkom didnt debite him in Dec,in this case im going to dispute the charges of R202.70",Rejection Fee Dispute,0.97,Outcome pending – DB check required.
1787681,J  ,1/7/2026 15:06,608.1,0.0,ACC,,"Customer needs the account cancelled he will pay R500 to settle the amount however he was not tol;d the account needs to be cancelled advised him i will assist with Dec and Jan charges 
This credit is for 3 rejection fees since he sarted paying the R500.00 to settle the account customer will no longer be able to afford this account ",Rejection Fee Dispute,0.97,Outcome pending – DB check required.
1782406,R  ,12/18/2025 10:24,202.7,0.0,ACC,,"Good day

Can you please assist customer account was debited on the 25th of the month but the debit order did not go throught but there was money on the account.
Could you please credit the customer with R202.70 debit order rejection fee.


customer name:Jeremy Alberts
customer id:8708045063088
ba:341475007
Fa:506526537

Thank you",Rejection Fee Dispute,1.0,Outcome pending – DB check required.
1786109,J  ,12/29/2025 9:40,202.7,0.0,ACC,,"customer is making payments and leaving enough for debit but was not aware of the penalty fees, reversed 202.70",Rejection Fee Dispute,0.95,Outcome pending – DB check required.
1787829,J  ,1/7/2026 15:29,750.7,0.0,ACC,,"From: Christiaan Gouws <christiaan@dsltelecom.co.za> 
Sent: Wednesday, January 7, 2026 3:05 PM
To: Retail High Level Support <rsp@telkom.co.za>
Cc: Caelynne Jansen van Vuuren <caelynne@dsltelecom.co.za>
Subject: Chanya Nikita Crament | 0203230139081 | 0695650307

EXTERNAL EMAIL: Do not click any links or open any attachments, unless you trust the sender and know that the content is safe.


________________________________________
Hi Team,

Kindly assist with logging a credit for the billing for 0695650307 as the sim card was returned to sender but activated.

Services had been ceased but billing has now commenced.

BAID 345680158

FAID: 510693115

Kind regards,

 	Christiaan Gouws | Customer Service Agent 
Email: christiaan@dsltelecom.co.za 
Phone: 087 802 0917 | WhatsApp: 087 150 8595 
Website: www.dsltelecom.co.za 
Address: Suite 6a, First Floor, Waterstone Village Office Park, Corner Main Road & R44, Somerset West, 7130 

R548.00+ R202.70",Rejection Fee Dispute,0.97,Outcome pending – DB check required.
1799479,J  ,1/23/2026 12:56,202.7,0.0,ACC,,"Affected Number:0685059222

Alternative Number:

Customers Name: JUNIOR KENDENI MAGABANE

ID Number: 9603085685081

Billing Arrangement: 344271276

FA ID Number: 509285850

What have you tried: Checked customer FA ID

Additional Information: Caller says he did have funds in the Account when we tried to debit and 
now is asking why the rejection fee ",Rejection Fee Dispute,0.95,Outcome pending – DB check required.
1803565,J  ,1/29/2026 15:03,202.7,0.0,ACC,,Please investigate and credit penalty fee of R202.70 as per funds were available on the 31/12/2025,Rejection Fee Dispute,0.97,Outcome pending – DB check required.
1803719,R  ,1/30/2026 9:16,196.5,0.0,ACC,,"Good day

Please assist 

The customer made a payment because do not debit the amount from his account and now he always need to pay the rejection fees. Proof of payment is attached

Regards",Rejection Fee Dispute,0.97,Outcome pending – DB check required.
1803903,R  ,1/30/2026 13:13,202.7,0.0,ACC,,"Good day, please assist in disputing debit order rejection fee as Telkom did not even make an attemped to deduct the money.

Proof of bank statement is attached on CRM

Kind regards,
Shan",Rejection Fee Dispute,0.99,Outcome pending – DB check required.
1805871,J  ,2/3/2026 11:53,750.7,0.0,ACC,,"No usage on affected service since inception of contract.

Affected number: 0680337256.

Customer Request

DSF2506001 Sim-Only + R99 Once-Off Activation Fee on 20Mbps LTE All Hours @ R449 x 24 Months

49A8-67AE-F98A4

1432520814

Wireless Activation Fee - R99.00

20Mbps LTE All Hours - R449.00

Backout payment - R202.70

Total - R750.70",Rejection Fee Dispute,0.88,Outcome pending – DB check required.
1790173,J  ,1/8/2026 7:41,202.7,0.0,ACC,,customer changed banking details on 12/1/2025 but it was not  updated or saved on the system and now charged a rejection fee as they debited on the previous banking details,Rejection Fee Dispute,0.97,Outcome pending – DB check required.
1791025,R  ,1/8/2026 14:45,202.7,0.0,ACC,,"Billing Template
 
Affected Number:
0659142771
Alternative Number:
0844488060
Customers Name:
thembeka mkhonza
ID Number:
9006290411089
Billing Arrangement:(If Applicable)
340459292
FA ID Number:(If Applicable)
505514084
Additional Information:
the customer was debited on the 5th instead of the 20th of jan but she changed her debit date on the 2nd of December and she is disputing the rejection fee cos she was debited incorrectly after making changes to her account .
What did you do:
Attached bank statement",Rejection Fee Dispute,0.99,Outcome pending – DB check required.
1793804,J  ,1/14/2026 14:50,202.7,0.0,ACC,,The customer was charged for debit rejection fees of R202.70 when there was money on her bank account on the 29/11/2025. Please find the attached bank statement,Rejection Fee Dispute,1.0,Outcome pending – DB check required.
1776367,J  ,12/9/2025 16:37,202.7,0.0,ACC,,"Customer was not debited on the account on the 25th of November but the bank statement the debit was not taken on the account the bill increased with R202.70 charged on his bill 

Advised the customer to make a payment of the R184 so the lines do not get suspended 
Attached the bank statement  ",Rejection Fee Dispute,0.97,Outcome pending – DB check required.
1779248,J  ,12/14/2025 12:11,210.19,0.0,ACC,,"backout due to event billing
late payment 7,49
backout-202.70",Rejection Fee Dispute,0.85,Outcome pending – DB check required.
1781973,J  ,12/17/2025 13:25,202.7,0.0,ACC,,customer called to dispute  the dedit order rejection fee of R202.70 they were not aware of the debit order rejection hence the account was payed before the debot order date ,Rejection Fee Dispute,1.0,Outcome pending – DB check required.
1783647,R  ,12/19/2025 21:53,205.51,0.0,ACC,,"Billing Case
Affected Number:0670130260
Alternative Number:0670130260
Customers Name:Refiloe Miyeni
ID Number:9303150520087
Billing Arrangement:(If Applicable):344059392
FA ID Number:(If Applicable):509074522
What have you tried:customer is disputing the
rejection fee that she is being charged. customer is stating that they had funds on their account
advised customer to send statment
Additional Information:Escalated for a case",Rejection Fee Dispute,0.99,Outcome pending – DB check required.
1783792,R  ,12/20/2025 12:06,202.7,0.0,ACC,,"Good Day

Can you kindly assist with waving off the penalty charge of R202.70 .
Customer had requested for the 15th of the month as her Debit Date, but the providing agent put the incorrect date.
Please assist as customer is now irate.

Customer ID: 143990640

Kind Regards
S Luthuli",Rejection Fee Dispute,0.97,Outcome pending – DB check required.
1783876,R  ,12/20/2025 16:00,1418.9,0.0,ACC,,"Good day kindly assist with customer she have been charged for late payment rejection fee R202.70 which comes to R1418.90 calculated from june until december 2025 which all this customer had enough funds on her account,please see attached bank statement

thank you",Rejection Fee Dispute,1.0,Outcome pending – DB check required.
1784346,J  ,12/23/2025 10:45,202.7,0.0,ACC,,"Good day 

kindly assist with the dispute for R202.70 since the customer was wrongful charged ",Rejection Fee Dispute,0.97,Outcome pending – DB check required.
1786162,R  ,12/29/2025 10:57,1.0,0.0,ACC,,"Payment arrangement.
 
Customer Query :
Customer would like a payment arrangement.
Affected Number:
 0684343412
Alternative Number:
 0780479955
Customers Name:
Mmamokgosi Ditefo
ID Number:
8701070985085
Billing Arrangement:
 344316440
FA ID Number:
509330998
Status of account:
Suspended, active and the account is in collection.
Amount in Collection:
  R2,995.68 
Additional Information:
Customer did  agree on the plan, Customer can only afford to pay R1,398.53 inclusive of the subscription fee on the 9th of January 2026
Customer agreed on the plan (30/30/40):
YES",Rejection Fee Dispute,0.95,Outcome pending – DB check required.
1787230,R  ,1/3/2026 15:00,1.0,0.0,ACC,,"Notes: Good Day 

Please assist with customer bill. 

Customer was double debt in 19 Dec 2025 of R517.53 and 31st Dec 2025

Another dispute was done Nov 2025 for R202.70 where telkom did not debt. 

Please assist with crediting the customer with 2x 202.70 please see bank statement for reference ",Rejection Fee Dispute,0.97,Outcome pending – DB check required.
1787429,J  ,1/4/2026 12:13,202.7,0.0,ACC,,"
The customer never had a active mandate which affected her bill

Rejection Fee was credited",Rejection Fee Dispute,0.95,Outcome pending – DB check required.
1778283,R  ,12/12/2025 13:05,202.7,0.0,ACC,,"Good day,

Please assist with disputing the penalty amount of R202.70 as she states that there was suffiecient funds in her account when the debit order initiated.

Please see attached bank statement.

Furthermore, the customer is disputing the full amount as her debit order is only set to go off on the last day of the month.

Please see attached bank statement.",Rejection Fee Dispute,0.97,Outcome pending – DB check required.
1799918,R  ,1/24/2026 13:01,202.7,0.0,ACC,,"Good day

Kindly assist with disputing the debit order rejection fee of December. Telkom states that there was no money available on the 27th of December on her banstatement however funds was available. 

Customer would like to dispute the R202.70 on her FA.

Copy of the bankstatement is attached on CRM as proof that they did not take the money from the customer account.


Thank you in advance

Kind regards",Rejection Fee Dispute,1.0,Outcome pending – DB check required.
1800336,J  ,1/27/2026 9:13,202.7,0.0,ACC,,"Affected Number:0813785159
 

Alternative Number:0702213365

 

Customers Name:Tshifhiwa Mugeri

 

ID Number:8812016202087

 

Billing Arrangement:345699411
 

FA ID Number510712368
 

What have you tried:Checked FA ID

 

Additional Information:Customer disputes rejection fee as he changed banking details
on December.",Rejection Fee Dispute,0.97,Outcome pending – DB check required.
1787199,J  ,1/2/2026 18:29,205.94,0.0,ACC,,"ng Template

 

Affected Number:0839903722

 

Alternative Number:0720869723

 

Customers Name:Terrence Mkhize

 

ID Number:7109175659087

 

Billing Arrangement:345596694

 

FA ID Number:510609651

 

What have you tried:Checked FA Id

 

Additional Information: Customer would like to disputes rejection fee 
as he isn't debited on his debit order date",Rejection Fee Dispute,0.99,Outcome pending – DB check required.
1790335,R  ,1/8/2026 10:45,202.7,0.0,ACC,,"Good day 
Please see attached bank stat stating that customer had sufficient funds in the account at the time of the last debit however only one service was debited leaving an outstsanding balance which the customer will now be liable to pay a rejection fee of which is not warranted as customer had enough in the bank account",Rejection Fee Dispute,0.95,Outcome pending – DB check required.
1791481,J  ,1/9/2026 15:44,202.7,0.0,ACC,,"Incoming call
Contact Phone: 0695117111

Notes: Affected Number:0695117111

Alternative Number:0695117111

Customers Name:Alungile Langa

ID Number:9709190762085

Billing Arrangement:341527468

FA ID Number:506578892

What have you tried:Checked the customer statement and explained to the customer.

Additional Information:The customer wanted to know how she reached the balance she had. 
Also complained why she was debited on the 29 instead of the last day of the month since that is her
debit date therefore feels like she was wrongly charged the rejection fee.",Rejection Fee Dispute,0.95,Outcome pending – DB check required.
1791699,J  ,1/12/2026 9:34,202.7,0.0,ACC,,"Billing Template	 
Affected Number:	 
Alternative Number: 0740200814
Customers Name:	 XIKHONGELO PEARL  MUKHARI
ID Number: 9211210351080
Billing Arrangement:(335353470)	 
FA ID Number:(501905676)	 
What have you tried: Checked the customers previous notes. Customer states that he was supposed to be debited on the ABSA account but I instead they were debited on the FNBG account and se already called in previously to change the  banking details
Additional Information: Customer would like the like the R202.70 to be disputed

",Rejection Fee Dispute,0.97,Outcome pending – DB check required.
1792021,J  ,1/12/2026 15:01,176.26,0.0,ACC,,Rejection fee cleared. ,Rejection Fee Dispute,0.95,Outcome pending – DB check required.
1793630,R  ,1/13/2026 15:45,17264.0,0.0,ACC,,"Good day 

Could you please assist with the following.

On the 06th of February 2025 customer requested an upgrade on SN 0694451526 to TVC2427576 - Huawei Pura 70 256GB Pink + 20GB TM Data Once-Off + R99 Once-Off Activation Fee on Telkom FlexOn 4 @ R699 x 36 Months, order 2424755587A. On the 11th of April 2025 customer brought in the device as the device was freezing and not switching off or on. Device was booked in Job Card TRJ197761. Device was repaired by SSS Cape Town, and fault description was SW/HW No Trouble Found and SW Application Problem. Device was returned to the store on the 25th of April 2025 and customer collected the device on the 29th of April 2025. Customer advised that she no longer wants the device as the device is more at the repair centre and she has no joy of the device. Customer states that she would like to be credited device subscription fee since the device was freezing even though it has been at the repair centre 3 times and she would like to cancel the contract as she is paying for a device that she is unable to use. 

Memo attached

Customer name: Nomvuyo Rubuxa
Customer ID: 139492351
FA ID: 505008643
BA ID: 339953849

Your assistance in this matter is much appreciated.

Kind regards
Elzan",Rejection Fee Dispute,0.95,Outcome pending – DB check required.
1792003,R  ,1/13/2026 18:03,211.83,0.0,ACC,,"Good day,

Customer provided BS whereas you can see that they have enough funds. However telkom takes the funds and then send it back to customer acc

Customer now owes rejection fees that she refuses to pay 

Please credit acc accordingly 

Thanks ",Rejection Fee Dispute,0.97,Outcome pending – DB check required.
1783246,J  ,12/18/2025 16:34,176.26,26.44,DEB,DCK,"Customer was not advised that she has two FA accounts, and now she has been penalized the rejection fees twice.

Charge credited on account: 506485396",Rejection Fee Dispute,0.97,Outcome pending – DB check required.
1776316,J  ,12/8/2025 13:39,202.7,0.0,ACC,,account holder called saying that she has been billed for debit rejection fee but she has paid for the month that it was unsucccessful but the one on the december invoice customer will not pay because she did ask that he debit should be fixed ,Rejection Fee Dispute,0.95,Outcome pending – DB check required.
1776344,R  ,12/8/2025 17:06,1624.3,0.0,ACC,,Please restore service customer paid R1005.00 and requested was sent to credit R335.00 and 202.70 as cutomer was still on trial when line activated,Rejection Fee Dispute,0.95,Outcome pending – DB check required.
1776980,J  ,12/10/2025 8:57,608.1,0.0,ACC,,"DPA PASSED 

Customer was not awre of the debit order rejcetion fee and she advised the agent thta she willl be paying using grant money which she receives first week of the  month therefore debit order debitss the account on the last day of the month

customer paid her account every month not knowing that the account is in arrears  

please reverse the debit order rejectio fee  

Backout payment 7/2/2025 12:00:00 AM 202.70
8/2/2025 12:00:00 AM 202.70
Backout payment 202.70 ",Rejection Fee Dispute,0.95,Outcome pending – DB check required.
1777178,R  ,12/10/2025 13:51,202.7,0.0,ACC,,"Good day
Can you guys kindly assist in the folowing dispute, as the customer approved a debit order for 05th of every month.
But his account was debited earlier on the 29.11.25, customer is disputing that she woun't be liable to pay the R202.70 for penalty charge.

proof of mandate approval attached on CRM.",Rejection Fee Dispute,0.97,Outcome pending – DB check required.
1777478,R  ,12/11/2025 9:51,771.9,0.0,ACC,,"Good day 

Customer was charged double between these dates 29 and 31 of October 2025 and he reversed one payment.
can you please investigate and correct the penalty amount of R202.70 because the payment went through.

FA 510089333
Juan Labuschagne",Rejection Fee Dispute,0.97,Outcome pending – DB check required.
1777736,J  ,12/12/2025 11:44,202.7,0.0,ACC,,"Good Day
Kindly assist

First backout on the acc ,cust says she had funds available
advised rejection fee will be credited however she will be liable to pay it in future
credited R202.70 ",Rejection Fee Dispute,0.99,Outcome pending – DB check required.
1778914,J  ,12/12/2025 15:49,209.71,0.0,ACC,,"Billing Template
Affected Number:0681599533
Alternative Number:0823492343
Customers Name: THANDI NOMVULA SKHOSANA
ID NUMBER: 8903190949088
Billing Arrangement: 344518262
FA ID Number:509532304
What have you tried: Customer called in saying that she can't pay the 202.70 plus 7.01 ,I will dispute the 202.70 that the customer was charged on his invoice of 12/3/2025 , as the issuer was on our side as the was a  Backout on 11/1/2025 of an amount of R620.00 there was  Event Billing Usage and also he was refunded as she says that she can't pay the costs I will dispute the Late payment Interest and Backout payment
Additional Information: Please assist the customer by the 202.70 and 7.01 ",Rejection Fee Dispute,0.95,Outcome pending – DB check required.
1781454,R  ,12/15/2025 17:18,202.7,0.0,ACC,,"Hi there

Please assist as 31st August was a Sunday, debit was done on the Saturday
Customer was informed debit will go off on the Monday
Please pass credit on Payment Rejection Fee - Invoice
as customer was informed incorrectly.

Thanks
Nastassja",Rejection Fee Dispute,0.95,Outcome pending – DB check required.
1779476,R  ,12/16/2025 12:34,202.7,0.0,ACC,,"Good day

Please assist with dbeit rejection fee removal due to customer had a debit order for the 15th telkom attempted to do a debit on the 12th customer only recieved her sallery yesterday the 15th and has made a manuel payment witch should reflect in the next 3 busines days, customer was also debited R1556. on the 15 decemebr and has also made a Payment of R1900 today, proof of payment has been attached 

warm regards",Rejection Fee Dispute,0.95,Outcome pending – DB check required.
1777078,J  ,12/10/2025 11:02,202.7,0.0,ACC,,"Customer called on the 17th of cotober to change the banking details however the agent did not advise the customer to pay and customer encountered the penalty fee charged 
crediting the customer back the 202.70 ",Rejection Fee Dispute,0.95,Outcome pending – DB check required.
1778026,J  ,12/11/2025 14:11,202.7,0.0,ACC,,"client says that it was not her fault for the rejection becouse we tried debited on the 29 of November and it she she does not get paid that day and was not told that it was going off before the last day of the month 
Payment Rejection fee 266033419 02 Dec 25 R 202.70",Rejection Fee Dispute,0.97,Outcome pending – DB check required.
1778258,J  ,12/12/2025 8:46,1321.05,0.0,ACC,,"View Case: 90622549
11/3/2025=219.17
10/3/2025=231.87
9/2/2025=226.72
8/2/2025=231.59
5/3/2025-209.00
rejection fee=202.70
=1321.05",Rejection Fee Dispute,0.88,Outcome pending – DB check required.
1778286,R  ,12/12/2025 13:45,202.7,0.0,ACC,,"Good day i hope all is well 

Kindly assist with disputing the debit rejection fee for november 2025 as customer requested Telkom not to debit his account as fraud was taking place on his bank account at the time customer made a manual payment and Telkom still debited the customers account, customer would like the R202.70 disputed and his line unsuspended. Proof of payment attached to attachments.",Rejection Fee Dispute,0.99,Outcome pending – DB check required.
1803380,R  ,2/1/2026 9:17,204.06,0.0,ACC,,"Good day

Could you please assist with allocating customer payment, Customer was debited on the 24 Jan 2026 an amount of R642.06. However the payment does not reflect on the system.

Ccustomer is being charged for debit order rejection fee where as when telkom tried to debit their account there was money in the account which mean there shouldn't be any problem with the debit order. Customer is disputing the amount of R204.06.

Financial Account:505203513
Billing Arrangement:340148720
Customer ID:142371170

Your assitance on the matter is higly appreciated.

Thank you.",Rejection Fee Dispute,0.99,Outcome pending – DB check required.
1804859,J  ,2/2/2026 13:55,468.99,0.0,ACC,,"GERELENE MOODLEY
0682329908
cc: 91222087
Customer had debit order payment issues last month which were rectofied, customer was advised next month customer will be billed normal amount. Customer is now billed for debit order rejection an recc fee which she is disputing",Rejection Fee Dispute,0.95,Outcome pending – DB check required.
1779076,R  ,12/13/2025 11:34,202.7,0.0,ACC,,"Good day

please assist with debit dispute customer says he was not debited on his account and he was charged for debit order rejection fee of R202.70 and his disputing the charge.",Rejection Fee Dispute,1.0,Outcome pending – DB check required.
1779136,J  ,12/13/2025 12:22,202.7,0.0,ACC,,"customers account is cancelled and he settle the account but he is still billed for the backout fee 
advised customer that i will log a case so that the R202.70 be credited",Rejection Fee Dispute,0.97,Outcome pending – DB check required.
1779446,J  ,12/15/2025 11:37,665.61,0.0,ACC,,"Cecila JOSEPH
Customer line is suspended and hasd requested the date be changed to teh 5th but was advised will be double billed and requested be debited on the 31st minthly, said the account is suspended and there is money on her account. Paid and sent the reciept on whatsapp and was R340. Past due R451.49. The amonut paid is reflecting, customer is iarted and said it was not her fault as requested to change the date and there was money on her account and was not aware that the bill was high as charged for the debit order rejections and reconnection fees, she is requestimng the charges be cleared.

Account subscriptions & once-off R 214.41Once-off charges
Description Service/No Reference Date/Period
Payment Rejection fee 251431385 02 Dec 25 R 202.70Late payment Interest 345334924 09 Dec 25 R 11.71*

Reconnection Fees 17 Oct 25 R 260.21
Payment Rejection fee 251431385 02 Nov 25 R 202.70Late payment Interest 345334924 09 Nov 25 R 0.92* Subtotal R 203.62
Total charges= R665.61",Rejection Fee Dispute,0.99,Outcome pending – DB check required.
1779636,J  ,12/15/2025 11:53,4129.19,0.0,ACC,,"The customer called in requesting feedback regarding the credit she was supposed to get since she never had any internet access from April till september.

The customer was only credit R2,361.56 whilst she had actaully been paying her full month subscription fees. 

The customer would like to fully compensated for the amount of time she had paid with any usage on her line. 

6490.75 - 2,361.56
= 4,129.19.

The customer is requesting for the total balance to be credit on his account.",Rejection Fee Dispute,0.85,Outcome pending – DB check required.
1782041,J  ,12/17/2025 14:38,176.26,26.44,DEB,DCK,"customer had enough funds, debit did not go through, customer is desputing rejection fee",Rejection Fee Dispute,0.95,Outcome pending – DB check required.
1783557,J  ,12/19/2025 15:22,202.7,0.0,ACC,,"Cancellation   Case
 
Affected Number:
 0754548697
Name and Surname 
 Mbali Nkosi
Reason for cancelation:

  Customer would like to cancel as her invoice is high  0754548697-Telkom FlexOn 4 Deal  

 Customer was charged a rejection fee of 202.70 R 

 Customer was debited by collections on the




Search
 	 	FA_ID   










Successful Collected
Full collected

Collected Amount
      
Search_FA      
Last Successful Date
  FA_Number 
 
Arrears
Cus_Names   
Total Due
   
Last Debit Order Rejection Date

Rejection Reason
All Collections Transactions For The last Three Months
Group
Amount
Action_Date
Status
Latest_Status_Description
Lastest_Status_Effective_Date
Telkom Bham & Dahya - EFT
1856,07
2025-11-26
Successful
SUCCESSFUL
2025/11/27 00:00:00
Telkom Bham & Dahya - EFT
1328,15
2025-09-30
Successful
SUCCESSFUL
2025/10/01 00:00:00
Telkom Bham & Dahya - EFT
1770,86
2025-09-25
Failed
NOT PROVIDED FOR
2025/09/27 00:00:00

 The payment only reflected on CRM on the 12/3/2025
Cancellation Requested date:
 19/12/25
Cancellation effective date:
19/12/25",Rejection Fee Dispute,0.99,Outcome pending – DB check required.
1782791,J  ,12/22/2025 11:48,1979.7,0.0,ACC,,"Customer will be credited as per below and the other months customer is liable to pay as the is usage on the account, please refer to case no: 89540314 as customer was short credited.
Telkom Flexon for July to October 2025-R417
Device Installment Fee March – October 2025- R1,360
Backout payment-R202.70=R1,979.7?0
",Rejection Fee Dispute,0.88,Outcome pending – DB check required.
1777530,J  ,12/11/2025 10:41,202.7,0.0,ACC,,"Affected Number:0752722948
 
Alternative Number:0837453925
 
Customers Name:PATRICIA SHOZI
 
ID Number:7911030753082
 
Billing Arrangement:(If Applicable)340874232
 
FA ID Number:(If Applicable)505929023
 
What have you tried:cx sent 3 months bank statement and had enough funds available for the debit.
 
Additional Information:customer is disputing the debit order rejection fee for October and November.",Rejection Fee Dispute,0.97,Outcome pending – DB check required.
1791610,J  ,1/10/2026 17:24,202.7,0.0,ACC,,"
Affected no : 0671823372
Name: NONHLANHLA COLEEN MAKHUBU    
ID no:8912130263088
Primary no:0614066481
Email :  nonhlanhlamakhubu278@gmail.com
FA no: 504010083
BA no: 338955287

What have you tried: Check the bank statement customer have funds avialable on her account however the debit order show insuffient funds for the 29 of November 2025
Additional Information: Customer is disputing the rejection fee for November , she said she had enough funds on her account , and Capitec said it Telkom problem
not to debit on the date, customer went to the bank they insist the issue is on Telkom ends",Rejection Fee Dispute,0.99,Outcome pending – DB check required.
1803213,J  ,1/29/2026 8:19,202.7,0.0,ACC,,rejection fee,Rejection Fee Dispute,0.95,Outcome pending – DB check required.
1803389,J  ,1/29/2026 10:41,202.7,0.0,ACC,,"Customer states that she has been charged the rejection of which she was debited on FNB account which ist the wrong account , customer called in last  month to correct the account details , the details were updated on the sytem as per customers request and yet customer is charged the rejection fee on the rejected debit for December",Rejection Fee Dispute,0.95,Outcome pending – DB check required.
1784573,R  ,12/23/2025 13:56,202.7,0.0,ACC,,"goood day
please assists as customer cpmplains that you did not debit as there was funds in her account on the 29 november 20125 so she is not reliable for rejection fees. and request for the line to be reactivated",Rejection Fee Dispute,0.97,Outcome pending – DB check required.
1786965,J  ,12/31/2025 17:20,415.79,0.0,ACC,,"Billing Template
 
Affected Number:
0815907357
Alternative Number:
0815907357
Customers Name:
Lesego  Morapedi 
ID Number:
7710200433081
Billing Arrangement:(If Applicable)
334692164
FA ID Number:(If Applicable)
501344093
What have you tried:
customer is disputing the rejection fee of October and December due to them having enough funds on their account when transaction happened on Aug 
Additional Information:
customer is disputing rejection fee",Rejection Fee Dispute,0.99,Outcome pending – DB check required.
1787931,R  ,1/6/2026 13:50,405.4,0.0,ACC,,"good day 

kindly refer to case : 86563090
case was approved for the R202.70 rejection fee however it didnt credit the account.
customer was aware that his debit order was suppose to be R449 and not the R600 debit order hence the debit order rejected today again.

customer is requesting for 2 x R202.70 credits to be passed to his account",Rejection Fee Dispute,1.0,Outcome pending – DB check required.
1788974,J  ,1/7/2026 10:18,214.29,0.0,ACC,,"From: Jennifer Thwala (J) <Thwalaj1@telkom.co.za>
Sent: Wednesday, January 7, 2026 10:15 AM
To: Lizeka Ntabeni (L) <NtabenL@telkom.co.za>
Subject: unconfirmed payment
 
Good day 

Please kindly assist 


earch_FA      
Last Successful Date
  FA_Number 
 
Arrears
Cus_Names   
Total Due
   
Last Debit Order Rejection Date

Rejection Reason
All Collections Transactions For The last Three Months
Group
Amount
Action_Date
Status
Latest_Status_Description
Lastest_Status_Effective_Date
Nudebt Debicheck Telkom
379,00
2025-12-31
Successful
Successful
2025/12/31 00:00:00
Nudebt Debicheck Telkom
379,00
2025-12-19
Successful
Successful
2025/12/20 00:00:00

 
Jeniffer Thwala
 Telkom Mobile Representative
Tel: 081 180
Email: Thwalaj1@telkom.co.za
  ",Rejection Fee Dispute,0.95,Outcome pending – DB check required.
1791036,J  ,1/8/2026 16:21,213.9,0.0,ACC,,"
Affected Number:0813277747
 

Alternative Number:0813277747

 

Customers Name:Ashley  Modack
 

ID Number:9506140255081

 

Billing Arrangement:344935468
 

 

FA ID Number:509948931
 


What have you tried:Checked FA ID



 

Additional Information:Customer disputes the 
rejection fee as she had enough funds on the 29th of November.",Rejection Fee Dispute,0.97,Outcome pending – DB check required.
1790605,R  ,1/10/2026 15:04,810.8,0.0,ACC,,please credit customers account with R810.80 customer requested a change of paymment last year july 2025 befor he left the country payment date was never change as requested customer is paying rejection fees ever since his payment date change from 31st ti the 15th,Rejection Fee Dispute,0.97,Outcome pending – DB check required.
1791713,R  ,1/12/2026 10:01,202.7,0.0,ACC,,"Hi there

Please assist, customer disputing Payment Rejection Fee - FA for November 2025 as payment was made and reflecting on time 15th.

Thanks
Nastassja",Rejection Fee Dispute,0.95,Outcome pending – DB check required.
1792460,R  ,1/13/2026 10:20,208.44,0.0,ACC,,"Good day. Please kindly assist with crediting the customer with R208.44 payment rejection fee that was added on her account in the November Invoice. On the 5th of October, there was monry in the account but Telkom did not debit, customer came to the store on the 8th, took her invoice and went to make payment. Soon after making the payment there was an attempt to debit but it was unsuccessful because she had used the funds to make payment. The payment rejection fee was then added the following month",Rejection Fee Dispute,0.95,Outcome pending – DB check required.
1776310,J  ,12/8/2025 13:27,202.7,0.0,ACC,,"• Case number: 251124-134 

• Query: The customer complained that their bill was high with rejection fee charges and that their debit order was not processed on the last day of the month

• Investigation outcome: 

•CRM shows the customer called in to check outstanding balance and was informed.

•Account 505297534 debit orders failed in July, leading to the account being handed over to collections.

•After handover, payments have been collected by external collectors, who debit randomly rather than on a fixed date.

•Payment history reviewed – account is currently up to date.

•2nd Attempt: Customer complained again about random debits and a high bill, and stated the issue was not resolved. 

•The customer was informed that the debit date is normally the last day of the month, but the account was in arrears and in collections, which caused random debits.

•The customer disputed rejection fees and stated the issue began in December 2024 when the debit went off early.

•The rejection fee was previously disputed, but because the dispute was logged after the debit, the total debit would still fail, causing ongoing arrears.

•Customer then made only manual payments of the subscription amount only and not including the extra charge, resulting in continued arrears.

•The July rejection fee charge will be disputed as the issue resulted from the December early debits. 

•Customer advised to ensure funds are available and not reverse charges—rather call for assistance.",Rejection Fee Dispute,0.97,Outcome pending – DB check required.
1777482,R  ,12/11/2025 10:02,202.7,0.0,ACC,,"Good day

May I kindly receieve assistance with a customer who has her debit order date listed as the last day of the month, however, the customer was debited on the 29th where funds she had transferred for her debit order had not yet reflected. Customer is disputing the rejection fee as she was debited before her chosen debit order date.
Customer's bank statement shows that on the 29th the money she usually transfers for her Telkom account is reflecting. I have attached her bank statement on CRM.

cheers,
Boledi ",Rejection Fee Dispute,1.0,Outcome pending – DB check required.
1778274,R  ,12/12/2025 11:22,202.7,0.0,ACC,,"Good day,
Please assist to credit customer amount of R202.70 as funds were in account.",Rejection Fee Dispute,0.97,Outcome pending – DB check required.
1798105,R  ,1/20/2026 11:44,202.7,0.0,ACC,,"Good day

Customer is disputing rejection fee Charges. 

Cuustomer had enough funds on his bank account on the 27th December, but it show Telkom  payment was unsuccessful. Customer advise that he is not liable to pay the extra charges as this was not his fault. He had funds but Telkom did not debit his account. Please find the atgtached bank statement for further investigation on your side.

customer name Sibongiseni Sigwaza
Customer id 198804082
ID NO : 9505045729083
",Rejection Fee Dispute,0.95,Outcome pending – DB check required.
1798279,R  ,1/20/2026 13:00,1.0,0.0,ACC,,"Payment arrangement.
 
Customer Query :
Customer would like a payment arrangement.
Affected Number:
 0753926530
Alternative Number:
 0763077964
Customers Name:
 GLADYS NKOTSENG RAVHURA
ID Number:
 7206110627086
Billing Arrangement:
 343829392
FA ID Number:
 508844568
Status of account:
Suspended, and the account is in collection
Amount in Collection:
R 2,061.57
Additional Information:
Customer did not agree on the plan, customer can only afford to pay R250.00.inclusive of the subscription fee.
Customer agreed on the plan (30/30/40):
No",Rejection Fee Dispute,0.95,Outcome pending – DB check required.
1803535,R  ,1/29/2026 13:52,202.7,0.0,ACC,,Customer were charged with rejection fee while there were money in customers account because telkom did not make debit on the 1st December  2025 so customer had to make a payment on the 4th December.Please assist with credit of R202.70,Rejection Fee Dispute,0.99,Outcome pending – DB check required.
1804899,J  ,2/2/2026 10:25,405.4,0.0,ACC,,"Affected Number:?0671960345
Alternative Number:?0723224520
Customers Name:?roynne naidoo
ID Number:  9111180180081
Billing Arrangement:  336516399
FA ID Number:   502669703
What have you tried: I checked on the customers account 
Additional Information:  the customer would like to dispute the rejection fee becouse on the day she should have been debited on she had enough funds for the debit to go off but then it did not go through ",Rejection Fee Dispute,0.99,Outcome pending – DB check required.
1804909,J  ,2/2/2026 12:24,202.7,0.0,ACC,,"Cx would like to dispute rejection fee of 202.70
Cx had funds on account

",Rejection Fee Dispute,0.97,Outcome pending – DB check required.
1787062,J  ,1/2/2026 10:59,202.7,0.0,ACC,,"Affected Number: 0670908508
Alternative Number:?0605712181???
Customers Name: Tshegofatso Millicent Magane
ID Number: 9902070292089
Billing Arrangement: 341303761
FA ID Number: 506358246
What have you tried: i checked customer'sstatement money was there but it later rejected
Additional Information: customer is disputing a late payment of R202.70",Rejection Fee Dispute,0.97,Outcome pending – DB check required.
1789426,J  ,1/7/2026 15:06,176.26,26.44,DEB,DCK,"customer already made a payment and they were still debited, customer is desputing rejection fee",Rejection Fee Dispute,0.95,Outcome pending – DB check required.
1797556,J  ,1/21/2026 14:21,202.7,0.0,ACC,,Good day. Please note that the client would like to Dispute the Late Payment Fee of the amount of R202.70 as the client had enough amount to be debited in the account.,Rejection Fee Dispute,0.97,Outcome pending – DB check required.
1797557,J  ,1/21/2026 14:34,202.7,0.0,ACC,,"Good day 

I trust you well.

Kindly be advised that customer is disputing the rejecting fee of R202.70 as there were funds available in his account in Dec 2025
FA acc: 510579230
Amount due R202.70 
",Rejection Fee Dispute,0.97,Outcome pending – DB check required.
1797302,J  ,1/19/2026 9:12,176.26,26.44,DEB,DCK,"customer paid before debited date, customer is desputing rejection fee",Rejection Fee Dispute,0.95,Outcome pending – DB check required.
1798358,J  ,1/21/2026 17:44,202.7,0.0,ACC,,"SINDISIWE KHUMALO
Customer made a payment, manually as the debit order was rejected and said there were funds on her account, she sent the bank statement to an agent. But there is no case logged for the rejection fee. 

344696116
509709711

Billing Case	
Affected Number:	0685122742
Alternative Number:	0734317515
Customers Name:	SINDISIWE KHUMALO
ID Number:	8306030009081
Billing Arrangement:(If Applicable)	344696116
FA ID Number:(If Applicable)	509709711
What have you tried:	Customer has been charged for the debit order rejection fees, while there was money on her bank account, she called in and provided the bank statement as proof but still no case logged
Additional Information:	I chekd on her invoice and the bank statement provided and there  was money on her bank
POP sent to TM SOC Billing:	e.g. Yes or No
",Rejection Fee Dispute,0.99,Outcome pending – DB check required.
1799059,J  ,1/22/2026 13:32,202.7,0.0,ACC,,"customer want to dispute the rejection fee advice that he made apayment 10 days before his debt date 
",Rejection Fee Dispute,0.99,Outcome pending – DB check required.
1799060,R  ,1/22/2026 13:50,202.7,0.0,ACC,,Rejection fee - 202.70,Rejection Fee Dispute,0.97,Outcome pending – DB check required.
1803261,J  ,1/29/2026 9:41,202.7,0.0,ACC,,rejection fee dispute due to  fraud,Rejection Fee Dispute,0.95,Outcome pending – DB check required.
1803462,J  ,1/29/2026 12:40,411.1,0.0,ACC,,"
 
Customer Query :
Customer was charged a rejection fee but they had sufficient funds in the accounts
Affected Number:
0672731877
Alternative Number:
0729940654
Customers Name:
Tsepo Koarai
ID Number:
0109076011088
Billing Arrangement:
344861496
FA ID Number:
509875082
Additional Information:










",Rejection Fee Dispute,0.95,Outcome pending – DB check required.
1803275,J  ,1/29/2026 12:48,202.7,0.0,ACC,,"she had enough money for us to debit, so she wants to dispute R202.70",Rejection Fee Dispute,0.97,Outcome pending – DB check required.
1791520,R  ,1/10/2026 9:31,202.7,0.0,ACC,,"Good day,
Kindly assist with crediting debit rejection fees that customer was billed. Customer was not made aware that she was owing anything and has randomly been debited a year later. 
Regards",Rejection Fee Dispute,0.97,Outcome pending – DB check required.
1792047,J  ,1/12/2026 15:34,0.62,0.0,ACC,,"Billing Case	 
Affected Number:0681201784 	 
Alternative Number: 0681201784
Customers Name:VIRGIL EMILE DE VILLIERS
ID Number:9112025126081
Billing Arrangement:339645762 
FA ID Number:504700556
What have you tried: The customer's statement was checked. 
Additional Information:	 Customer was incorrectly debited on his account, and now he has been charged a payment rejection fee (R0.62). The customer's charges should be waivered.Please assist the customer
",Rejection Fee Dispute,0.95,Outcome pending – DB check required.
1786089,J  ,12/29/2025 12:11,202.7,0.0,ACC,,"Please investigate and credit customer accordingly if necessary, customer claim that she was never told by call centre that she would be liable for debit order rejection fees if the debit rejects at any stage.",Rejection Fee Dispute,0.99,Outcome pending – DB check required.
1786507,J  ,12/30/2025 11:23,868.31,0.0,ACC,,"eter Lucas, 0791571470
Customer said that the account holder is deceased since 7 months ago, has been paying through cash as the bank account has been froze.He said he will go to the Telkom store so that they will change the ownership to his mother, advised to snd the request to change the ownershipt to LSDANATIONAL@TELKOM.CO.ZA. Since Sept 2025 has been charged for the debit order rejection fees and the reconnection fees, and has been making manual payments. He is requesting the penalty charges be cleared.

Payment Rejection fee 239241776 30 Nov 25 R 202.70
Reconnection Fees 27 Nov 25 R 260.21
Payment Rejection fee 239241776 01 Nov 25 R 202.70
Payment Rejection fee 239241776 01 Oct 25 R 202.70

R202.70*3=R608.10+260.21

Total charges: R868.31",Rejection Fee Dispute,1.0,Outcome pending – DB check required.
1789336,R  ,1/7/2026 9:57,204.74,0.0,ACC,,"Hi All

Please assist with customer that states that she had enough money in her account for the debit to go off on the 5th of January 2026. However, the debit still did not go off. Now customer is being billed a Payment rejection fee of R204.74.
Customer provided bank statement as proof that the debit did go off from her account. Bank Statement is attached on CRM Attachements

Kindly advise way forward.

Kind Regards",Rejection Fee Dispute,0.97,Outcome pending – DB check required.
1794285,J  ,1/15/2026 10:10,202.7,0.0,ACC,,customer has not been getting any debits on the account and has been charged with rejection fee when she has made -payment ,Rejection Fee Dispute,0.95,Outcome pending – DB check required.
1781812,J  ,12/17/2025 11:23,202.7,0.0,ACC,,customer was charged the debit rejection fee and she is disputing the amount becouse she called and change the debit date to the 25th and it was not done. It was only done on the 19/11/2025 the debit date changed. Payment Rejection fee 242203267 02 Dec 25 R 202.70. Please contact customer; 0611488924,Rejection Fee Dispute,0.97,Outcome pending – DB check required.
1781764,J  ,12/17/2025 14:14,202.7,0.0,ACC,,"Billing Template
 
Affected Number:
0691935409
Alternative Number:
0670252288
Customers Name:
INNOCENT MABUNDA
ID Number:
9411125551085
Billing Arrangement:(If Applicable)
344554547
FA ID Number:(If Applicable)
509568656
Additional Information:
The customer Is disputing the 202.70 cos he had money on his bank account and telkom never attempted to debit him.
What did you do:
Attached the bank statement.",Rejection Fee Dispute,0.95,Outcome pending – DB check required.
1782492,J  ,12/18/2025 11:24,202.7,0.0,ACC,,"Customer was debited on the last date of the month  while she chose the 20th on the month, the debit was rejected and we have charged the debit rejection fees",Rejection Fee Dispute,0.97,Outcome pending – DB check required.
1783761,R  ,12/20/2025 10:36,202.0,0.0,ACC,,"debit rejection fee debited on the 5th of december.
customer is not sure of statement saying he will bedebited before the 5th of january.
billing was called they said there was no statement issued for january",Rejection Fee Dispute,0.95,Outcome pending – DB check required.
1786129,J  ,12/29/2025 10:17,202.7,0.0,ACC,,customer had a issue with the rejection fee of none debt since requestd that she want to to chnage the debt order the customer want te rejection feeo cancelled was sent to cancellation and te rejection fee,Rejection Fee Dispute,0.95,Outcome pending – DB check required.
1787347,R  ,1/3/2026 13:57,202.7,0.0,ACC,,"Customer was supposed to be billed on 01/11/2025. Even though there was a remaining balance of R585.63 on his account. He was then charged for debit order rejection the following month an amount of R389 which was also in turn rejected, even though the bank balance was R982",Rejection Fee Dispute,0.97,Outcome pending – DB check required.
1789059,R  ,1/6/2026 11:28,202.7,0.0,ACC,,customer is being charged R202.70 but does not have any active services.they cancelled the contract in October 2025,Rejection Fee Dispute,0.97,Outcome pending – DB check required.
1787956,J  ,1/7/2026 12:01,202.7,0.0,ACC,,"Custsomer would like to dispute rejection fee of 202.70.
Customer had funds on her account.
",Rejection Fee Dispute,0.97,Outcome pending – DB check required.
1790218,J  ,1/8/2026 8:31,202.7,0.0,ACC,,"Rejection Fee

Dispute Group: Subscription
Credit Reason: Subscription – FA 

Billing Template	 
Affected Number:	0814438539 
Alternative Number:0813546257	 
Customers Name:	 Kamogelo jacob Matlaila
ID Number:0104135634087	 
Billing Arrangement:(If Applicable)510670891	 
FA ID Number:(If Applicable)345657934	 
What have you tried:customer agreement for debit was on the 25th and point of sale the applied with last of the month 
Additional Information:credited customer with R202.70 	",Rejection Fee Dispute,0.99,Outcome pending – DB check required.
1790287,R  ,1/8/2026 9:53,202.7,0.0,ACC,,"Billing Template	 
Affected Number:	 0671647209
Alternative Number:  0793778082
Customers Name:	 LUSANDA MCDONALD MKHIZE
ID Number:  9504225474081
Billing Arrangement:  344605227	 
FA ID Number:  509619197 
What have you tried: Looked for messages were information was sent to the customer, did not find any information letting customer know that he will get debited on the 27th of December.
Additional Information:  Customer does not want to pay the rejection fee, as he says he never got information, only information he got, was that he will be debited on the 24th of December ",Rejection Fee Dispute,0.97,Outcome pending – DB check required.
1790298,J  ,1/8/2026 10:20,202.7,0.0,ACC,,"
Affected Number: 0698800059

 

Alternative Number: 0728784611

 

Customers Name: ROSEMARY MMABOREKETLE

 

ID Number: 7706210351081

 

Billing Arrangement:(If Applicable) 343651377

 

FA ID Number:(If Applicable) 508666618

 

What have you tried: Checked customer bank statement and she did have funds in her acc

 

Additional Information: Customer was charged rejection fee where as she had funds on her acc but the debit shows it was unsuccssful 

 ",Rejection Fee Dispute,0.97,Outcome pending – DB check required.
1795317,R  ,1/15/2026 10:40,202.7,0.0,ACC,,Kindly dispute the rejection fee as the customer ha funds in his account and was not debited on 27/12,Rejection Fee Dispute,1.0,Outcome pending – DB check required.
1796793,J  ,1/16/2026 20:24,202.7,0.0,ACC,,"Good day 

Customer is disputing the rejection fee of R202.70 as he said he was mislead.
FA no: 508532730
Customer name: Sabaa Prince
Amount R202.70",Rejection Fee Dispute,1.0,Outcome pending – DB check required.
1798894,R  ,1/22/2026 11:26,202.7,0.0,ACC,,"Good day

Please kindly credit the customers account of R202.70 as she had money in her account on the last day of the month and no debit order went through. due to this is her agreed payment date with Telkom.
Bank statement is attached on the system as proof.",Rejection Fee Dispute,0.97,Outcome pending – DB check required.
1800009,R  ,1/25/2026 13:42,20270.0,0.0,ACC,,"Rejection fee - 202,70",Rejection Fee Dispute,0.95,Outcome pending – DB check required.
1802887,R  ,1/28/2026 11:47,202.7,0.0,ACC,,kindly assist with the customer biiling account every debit order that is done say insufient funds but the customer always has money on her account and this request her to pay by eft and she gets chrged everytime the 202.70 charge,Rejection Fee Dispute,0.95,Outcome pending – DB check required.
1803586,J  ,1/29/2026 15:30,202.7,0.0,ACC,,"Affected Number: 0685391619

 

Alternative Number: 0843048517

 

Customers Name: NONKULULEKO BHENGU

 

ID Number: 9910020888088

 

Billing Arrangement:(If Applicable) 344297894

 

FA ID Number:(If Applicable) 509312468

 

What have you tried: Customer would like to dispute rejection fee for December 2025, customer had enough funds to her account",Rejection Fee Dispute,0.95,Outcome pending – DB check required.
1789424,J  ,1/7/2026 14:23,202.7,0.0,ACC,,"The cx calls in requesting to dispute the rejection fee of R202.70 that the cx was charged for in an invoice for febr as the cx was debited on the 29rd of Nov instead of the last day of the month.
",Rejection Fee Dispute,1.0,Outcome pending – DB check required.
1794408,R  ,1/15/2026 15:06,202.7,0.0,ACC,,"ood day 

please ssist woith credit customer the rejection of R202.70 customer paid 2days before her debit order date ",Rejection Fee Dispute,0.97,Outcome pending – DB check required.
1794487,R  ,1/17/2026 9:17,239.0,0.0,ACC,,khaya bango 0638997488 bank  statement attached on he account customer debit order went off on the 31st dec and bank statement shows it was successful on the system it shows as bounced and was chared rejection fees....pleas allocate payment and uplift line 239,Rejection Fee Dispute,0.97,Outcome pending – DB check required.
1783340,R  ,12/19/2025 10:01,615.22,0.0,ACC,,"The customer has the R410 on the 25/11/2022 but not deducted on the customers amount. 
The customer reversed the amount of R410 because she was not owing us that amount 
There are rejection  fees of R205 that she's disputing as well ",Rejection Fee Dispute,0.97,Outcome pending – DB check required.
1784802,R  ,12/24/2025 13:36,202.7,0.0,ACC,,Customer was charged R202.70 for November bedit 2025 whereas he had enough fund in his banking account. Bank statement attached on CRM,Rejection Fee Dispute,0.97,Outcome pending – DB check required.
1786461,R  ,12/30/2025 9:34,879.84,0.0,ACC,,"Good day

Please assist with removing the R202.7 rejection fee from customers next debit of 879.84. Customers profile already was in a credit when the attempt to debit was initiated",Rejection Fee Dispute,0.95,Outcome pending – DB check required.
1787433,J  ,1/4/2026 12:41,202.7,0.0,ACC,,"customer would like to dipute the 202.70 as she did have funds on her account, customer provided bank statement attached",Rejection Fee Dispute,0.95,Outcome pending – DB check required.
1787510,R  ,1/5/2026 9:33,202.7,0.0,ACC,,"Good Day 

Please kindly assist , a customer came in store with a quiry . On the the 2025.12.31 the customer had funds in the account but still had a backout .Please refund with R202.70 back out fee.",Rejection Fee Dispute,0.97,Outcome pending – DB check required.
1789039,R  ,1/6/2026 10:00,202.7,0.0,ACC,,"Good day. Please kindly assist the customer with a rejection fee that was added to her account in October, there was money in the account but Telkom did not debit on the agreed date, 5th. She then made a manual payment on the 8th and soon after the payment, they tried to debit but it bounced. They then added a penalty fee ",Rejection Fee Dispute,0.95,Outcome pending – DB check required.
1789472,J  ,1/7/2026 15:55,202.7,0.0,ACC,,"What have you tried:customer had a bounced debit order on the 25th of November and she is charged rejection fee, customer is disputing the charge because she had funds in her account.

Additional Information:customer is disputing the payment rejection fee, her bank statement shows that she had funds in her account",Rejection Fee Dispute,0.97,Outcome pending – DB check required.
1790278,R  ,1/8/2026 9:42,23134.0,0.0,ACC,,"customer said they called in on the 12/30/2025 11:12 AM and requested to change debit date and Agent confirmed that it will be effective immediately and change of the date is 10th of every month
agent confirmed that the mandate was sent and might receive it before 10pm 


advised customer that will adjust the account for the service fee of Rejection fee R202.70 and Late payment Interest R28.64

Total amount to be paid is R2 073,99
advised customer that they will charged a reconnection fee on the next billing of R260.21
amount to adjust is R231,34",Rejection Fee Dispute,1.0,Outcome pending – DB check required.
1784078,J  ,12/22/2025 13:03,412.7,0.0,ACC,,"Customers contract was supposed to be cancelled on the 27th of September by user: chaukeb3 that was assisting with the activation of the new line.
Services were not used in October and November
View Case: 90182395
Below charges have been waived.
12.5GB LTE: R105*2  (October and November)
Backout payment : R202.70",Rejection Fee Dispute,0.97,Outcome pending – DB check required.
1786253,J  ,12/29/2025 13:50,202.7,0.0,ACC,,"Escalation:

Customer requested  for his banking details to be changed in October at a Telkom store but that wasn't done as a result teh wrong account was debited so he wants a credit for the rejection fee.",Rejection Fee Dispute,0.95,Outcome pending – DB check required.
1786961,R  ,12/31/2025 16:10,202.7,0.0,ACC,,"Good day 
Kindly assist with payment allocation of R202.70 to customers account 
POP attached. ",Rejection Fee Dispute,0.97,Outcome pending – DB check required.
1787488,J  ,1/5/2026 9:48,202.7,0.0,ACC,,"The customer is disputing the bill or the amount of R1,389.63 but he is refusing to pay the balnce that is due on the 06/01/2026.
The customer is diputing the R202.70 of the rejection fee due to he has not recieved an invoice the past 3 months.
I advised the customer to pay atleast the subcription and the reconnection fee since he is liable for it.",Rejection Fee Dispute,0.99,Outcome pending – DB check required.
1787902,J  ,1/5/2026 17:15,462.91,0.0,ACC,,"Spoke to MR. tendani molaudzi, cell number 0671770790 _ The customer is disputing the account for credits to be passed onto the account, as the customer was charged for payment rejection fee, cost R202.70 + Reconnection fee cost R260.21, on the Dec 2025 invoice which the customer was to have waivered / credited, as the customer's payment date is not supposed to be the last day of the month, I assisted the customer to update the payment date to the 20th of the month, going forward",Rejection Fee Dispute,0.99,Outcome pending – DB check required.
1786975,J  ,1/1/2026 7:24,1062.7,0.0,ACC,,"Customer was being incorrectly billed add on device fee
View Case: 90730172
Incident 10603960
R430*2 + R202.70",Rejection Fee Dispute,0.97,Outcome pending – DB check required.
1794050,J  ,1/14/2026 14:42,211.51,0.0,ACC,,"Billing Case
 
Affected Number:
0671994295
Alternative Number:
0762067900
Customers Name:
CHRISTOPHER LEPHAKA
ID Number:
7302185487082
Billing Arrangement:(If Applicable)
343508992
FA ID Number:(If Applicable)
508524374
What have you tried:

Additional Information:
Customer was charged a rejection fee of 202.70 but they had sufficient funds in the account 

POP sent to TM SOC Billing:
Bank statement attached 

Payment Rejection fee 108210430 30 Dec 25 R 202.70Late payment Interest 343508992 01 Jan 26 R 8.81* Subtotal R 211.51




",Rejection Fee Dispute,0.97,Outcome pending – DB check required.
1795596,J  ,1/15/2026 14:09,202.7,0.0,ACC,,Customer was debited by TELKOM on the 15th DECEMBER 2025 the customer did have sufficient funds on his account but TELKOM claims that he did not have funds so he was charged a rejection fee this month ,Rejection Fee Dispute,0.95,Outcome pending – DB check required.
1797115,R  ,1/17/2026 13:14,202.7,0.0,ACC,,"Good Day

Can you kindly assist with customers acc. customer was charged for a backout fee for the 15th of december, when customer was not debited but she had funds in her account. can the r202.700 be removed from customers account an can the backout fees for january also be disputed as customer had funds on the 15th. see attached bak statement.",Rejection Fee Dispute,0.88,Outcome pending – DB check required.
1797190,R  ,1/18/2026 9:08,202.7,0.0,ACC,,"Good day,

Kindlu assist with payment rejection fee of R202.70 that will be billed to customers account as customer did a renewal on her number (that was due for a renewal) however Telkom billed the old device obligation fee as a once off. Customer made payment in December 10 days before her debit order date for the new amount, however Telkom tried to debit the device obligation fee aswell which customer was not aware of. Customer made the payment however (POP attached) but feels that the penatly fee should be waivered as she was not informed that she will be paying for old device as well. The store that customer did the renewal at is not taking responsibility at all.

BA ID :343785755
FA ID : 508800955

Thank you",Rejection Fee Dispute,1.0,Outcome pending – DB check required.
1798423,J  ,1/20/2026 16:13,260.0,0.0,ACC,,"Incoming call
Contact Phone: 0672839543

Notes: Billing Case
 
Affected Number:
 0672839543
Alternative Number:
 0813596522
Customers Name:
 TSHEPO Lucas LETSOALA
ID Number:
 8611155643089
Billing Arrangement:(If Applicable)
 334704468
FA ID Number:(If Applicable)
 501356397
What have you tried:
 Subscription services
Description Period
Device Subscription Fee 01 Dec 25 - 31 Dec 25 R 260.00Telkom FlexOn 2 TopUp 01 Dec 25 - 31 Dec 25 R 139.00Device Obligation / Carryover 01 Nov 25 R 260.00Subtotal R 659.00
Additional Information:
Customer is being debited for a device that he hasn't received , customer called and was told its a technical problem but he still getting billed .",Rejection Fee Dispute,0.95,Outcome pending – DB check required.
1798439,J  ,1/20/2026 16:56,202.7,0.0,ACC,,"Affected Number: 0602054053

 

Alternative Number: 0794985116

 

Customers Name: Phakamile Ngcamu

 

ID Number: 9009090725088

 

Billing Arrangement:(If Applicable) 340624338

 

FA ID Number:(If Applicable) 505679130

 

What have you tried: Customer would like to dispute rejection fee(R202.70) for the month of December customer hade enough funds from her account",Rejection Fee Dispute,1.0,Outcome pending – DB check required.
1798853,J  ,1/22/2026 10:05,202.7,0.0,ACC,,"Customer requested for the banking details to be changed in July and nothing was done even the mandate was not done customer has been charged for the debit rejection.

customer to be disputed for one deit rejection fee amount of R202.70.",Rejection Fee Dispute,0.99,Outcome pending – DB check required.
1799322,J  ,1/23/2026 10:33,202.7,0.0,ACC,,"Please assist customer is diputing rejection fees ,as per customer he received sms from Telkom advising him to make manual payment & he did .contact customer Mr Neo Marokane 0784494884",Rejection Fee Dispute,0.97,Outcome pending – DB check required.
1776842,J  ,12/10/2025 14:42,202.7,0.0,ACC,,"9407275296083
From: Mongi Nkosi (M) <Nkosim14@telkom.co.za>
Sent: Wednesday, December 10, 2025 4:30 AM
To: Masejala Mabasa (M) <Mabasam7@telkom.co.za>
Subject: Rejection fee dispute
 
Good day 

I hope this email finds you well 

Please kindly assist with disputing the charges in the invoice of December 2025, as stated in the conversation you had with the customer on the 05th of November 2025.
Customers details :
                                  ID : 9407275296083
Customers Name  : SIKHUMBUZO VUSUMUZI MBATHA
Affected number    : 0678726017

407275296083
SIKHUMBUZO VUSUMUZI MBATHA MBATHA
0678726017
9 OSPREY RD, SPRINGS, 1559, SOUTH AFRICA
customer disputing his rejection fee as he called 3 month ago to change debit date
debit date not changed on a system and has been debiting customer on a wrong date
customer disputing rejection fee

All Collections Transactions For The last Three Months
Group	Amount	Action_Date	Status	Latest_Status_Description	Lastest_Status_Effective_Date
Telkom Bham & Dhaya EFT 2	65,00	2025-09-25	Successful	SUCCESSFUL	2025/09/26 00:00:00

CX called ion requesting outstanding balance 
update banking details and debit day 

Advised cx the banking have been changed and also debit date have been updated 

	The mandate Initiation was queued successfully

ID_NO	STATUS	MANDATE_DATE	AGENT_NAME	DEALER	MESSAGE
9407275296083	Authorised	2024/11/22 15:14:31	Hellen Moabelo	Startek (Mandates)	 
Create (date/time):7/16/2025


	The mandate Initiation was queued successfully

advised customer that another rejection will be waved once it reflect on the invoice which will be in Dec
customer to be credited a rejection fee for october as he was wrongfuly debited.
",Rejection Fee Dispute,0.97,Outcome pending – DB check required.
1791932,R  ,1/12/2026 13:57,202.7,0.0,ACC,,"Good day

Please assist with crediting the rejection fee of R202.70 customers payment for Dec. Reflected on the 12/25/2025.

Kind Regards",Rejection Fee Dispute,1.0,Outcome pending – DB check required.
1787032,J  ,1/2/2026 10:16,202.7,0.0,ACC,,202.70 late payment fee to be creditted,Rejection Fee Dispute,0.95,Outcome pending – DB check required.
1787475,J  ,1/5/2026 8:32,202.7,0.0,ACC,,"Cx says she had money in the account and was not debited, disputed the rejection fee",Rejection Fee Dispute,0.95,Outcome pending – DB check required.
1795241,R  ,1/15/2026 10:28,202.7,0.0,ACC,,"kindly assist with the charges that was charged the customer on 30/10/2025
telkom didn't deduct on her account but charged 202.70 and had to pay by eft",Rejection Fee Dispute,0.95,Outcome pending – DB check required.
1795764,J  ,1/16/2026 10:42,202.7,0.0,ACC,,"Good day

Please assist as customers payment got rejected 31.12.2025 but there was sufficient money in the account,
Please clear 202.70 rejection fee

Regards
Shanae",Rejection Fee Dispute,0.97,Outcome pending – DB check required.
1797230,R  ,1/18/2026 13:24,202.7,0.0,ACC,,"Good Day

Please assist with credit on customer account, Kindly note that the customer debit order was set for the last day of the moth however Telkom attempted to debit the account on the 15th.

Customer ID:105335218, Lezel  Africa
BA:334542520
Contact Number:0813207467
Amount:R202.70

Thank You",Rejection Fee Dispute,0.88,Outcome pending – DB check required.
1805784,J  ,2/3/2026 10:03,202.7,0.0,ACC,,"Customer had enough funds in her account but when we tried to debit, it bounced back for no reason. She wants to dispute that rejection fee as she can not pay it.",Rejection Fee Dispute,0.97,Outcome pending – DB check required.
1778918,R  ,12/12/2025 17:48,1074.0,0.0,ACC,,"Billing Template

 

Affected Number:

 0684966989

Alternative Number:

 0849591998

Customers Name:

 MEENATCHIE THAVER

ID Number:

 7609130130082


Billing Arrangement:(If Applicable)

 

FA ID Number:(If Applicable)

 508684517

What have you tried:

 crm

Additional Information:

cx wants to know why Billing Invoice 10/2/2025 was high than usual invoices which it lead to a backout and a rejection fee to pay kindly assist.",Rejection Fee Dispute,0.95,Outcome pending – DB check required.
1786802,R  ,12/31/2025 14:40,202.7,0.0,ACC,,"Good day

Kindly assist as customer was billed a R202.70 for a backout payment that took
place on the 30 September. But when the bank statement is checked. Customer had sufficient funds
for the debit order to go off.

Please find attached bank statement on crm

Thank you in advance",Rejection Fee Dispute,0.97,Outcome pending – DB check required.
1797343,J  ,1/19/2026 10:53,202.7,0.0,ACC,,the customer was charged a payment rejection fee whilst they did have enough funds on their side ,Rejection Fee Dispute,0.95,Outcome pending – DB check required.
1799482,J  ,1/23/2026 13:00,202.7,0.0,ACC,,"Good day,

Please advise if amount of R202.70 can be refunded back to customers account as customer made a payment on the 19 December 2025 but only reflected 20 December 2025 and then Telkom deducted R169 on the 25 December 2025 from customers bank account which there was money available but still it shows that the money backout meaning customer must now pay late payment fees when there was money in the customers account. Please advise if that R202.70 can be waived ... attached is customers bank statement ",Rejection Fee Dispute,0.97,Outcome pending – DB check required.
1801577,R  ,1/27/2026 9:56,202.7,0.0,ACC,,"Good day

Kindly assist with customer's billing dispute. Customer states that there were funds in her account in December when Telkom was supposed to deduct but they never did but ended up charging her R202.70 for the rejection fee.
3 month bank statement  attached.

Please investigate and credit customer accordingly 


Thank you",Rejection Fee Dispute,0.99,Outcome pending – DB check required.
1802870,J  ,1/28/2026 10:19,202.7,0.0,ACC,,rejection fee,Rejection Fee Dispute,0.95,Outcome pending – DB check required.
1803041,J  ,1/28/2026 17:59,202.7,0.0,ACC,,"Customer received a message reminding him about a debit order of R761.70 which is payable by the 31/01/26, when he quried this earlier on, he was advised that he was charged R202.70 for debit rejection for end of November 2025.
Customer says the agreement was to debit on the last day of the month & the debit order went off on the 29/11/25. He is disputing the charges of debit order rejection, he would rather cancel the account if that is the case.

The money was deducted on the 29th.",Rejection Fee Dispute,0.99,Outcome pending – DB check required.
1803597,R  ,1/29/2026 16:10,202.7,0.0,ACC,,"Good day
Please assist with unfair debit order rejection fee as there was fund in the customers accout see attached bank statement in attachments
Regards
hassen",Rejection Fee Dispute,0.99,Outcome pending – DB check required.
1803697,J  ,1/30/2026 8:32,810.8,0.0,ACC,,"THABISOGIGABA customer paid account in full August and cancelled servives in Sep 2025 ease(Broadband,Internet) 9/5/2025 2624288078A
Reconnection Fees - 260.21
Backout payment 202.70 x 4 = 810.80
Late payment Interest 13.90 + 14.64 = 28.54
Fibre R665",Rejection Fee Dispute,0.95,Outcome pending – DB check required.
1803700,J  ,1/30/2026 8:34,665.0,0.0,ACC,,"THABISOGIGABA customer paid account in full August and cancelled servives in Sep 2025 ease(Broadband,Internet) 9/5/2025 2624288078A
Reconnection Fees - 260.21
Backout payment 202.70 x 4 = 810.80
Late payment Interest 13.90 + 14.64 = 28.54
Fibre R665",Rejection Fee Dispute,0.95,Outcome pending – DB check required.
1804563,R  ,1/31/2026 8:36,202.7,0.0,ACC,,"Can you please assist with Rejection Fee amount of R202.70 for the 29 Nov 2025, client deposited money in account to as there was enough funds for the deduction to go off. 

Please assit to credit

FA: 506133159

Alt no: 0676642974",Rejection Fee Dispute,0.99,Outcome pending – DB check required.
1804661,R  ,1/31/2026 14:46,202.7,0.0,ACC,,"Good day

Kindly assist as customer was billed R202.70 for rejection fees yet money was in his account on the 25th of December asd per agreement. Customer should get billed the 25th of every month. Customer would like the amoumt to be credited into his account.",Rejection Fee Dispute,1.0,Outcome pending – DB check required.
1804683,J  ,1/31/2026 17:55,202.7,0.0,ACC,,"Billing Template
 
Affected Number:
0815181868
Alternative Number:
0792700660
Customers Name:
PROFFESSOR MTSHALI
ID Number:
9902036388088
Billing Arrangement:(If Applicable)
340767614
FA ID Number:(If Applicable)
505822405
What have you tried:
Checked Customers FA id 
Additional Information:
Customer called in to dispute rejection fee as he changed his banking details and was told it would go off new bank however he was debited on previous bank.",Rejection Fee Dispute,0.97,Outcome pending – DB check required.
1804797,R  ,2/2/2026 8:17,202.7,0.0,ACC,,Kindly assist as the customer was charged rejection on the final invoice for December and she paid R617 but yet in January R202.70 was charged gain,Rejection Fee Dispute,0.97,Outcome pending – DB check required.
1784398,J  ,12/24/2025 14:30,202.7,0.0,ACC,,"Billing Template
Affected Number:0813536358
Alternative Number: 0813536358
Customers Name: NOSICELO MADUSHANA
ID Number:9906150184082
Billing Arrangement:345380307
FA ID Number:510393265
What have you tried: checked the profile
Additional Information: the customer dispute the rejection fee R202.70

The rejection fee of R202.70 of June (30/06/2025)",Rejection Fee Dispute,1.0,Outcome pending – DB check required.
1787658,J  ,1/7/2026 8:15,202.7,0.0,ACC,,"Billing Template
Affected Number:0692008476
Alternative Number:0846620745
Customers Name:LONDIWE DLAMINI
ID Number:9803120123086
Billing Arrangement:(If Applicable340659221
FA ID Number:(If Applicable)505714012
What have you tried:Checked on FA
Additional Information:Customer would like to dispute rejection fee charged for the 29th of November as she was wrongfully advised that she will be debited on the 1 ",Rejection Fee Dispute,0.97,Outcome pending – DB check required.
1795462,J  ,1/15/2026 13:38,260.0,0.0,ACC,,"Good day

Can you please assist, customer debit order is for the last day of the month, we debited his account on the 31 July 2025 with R409 but the payment came back stating No Funds. When i look at customer bank account it shows there was money on the account. In the month of August the was charged a R202.70 debit order rejection fee which not been charged. He did report his and billing told him he will be credited but he was not. so customer disputed the amount and paid the correct amount. But the next month he was then chagred R408.80 extra. So Could you please assist with crediting the customer. Customer was still charged a R260 for the month of December 2025

customer name:Aubrey WR  Prins
customer id:0204015246083
ba:345414795
fa:510427753

Thank you",Rejection Fee Dispute,1.0,Outcome pending – DB check required.
1790465,R  ,1/8/2026 12:17,202.7,0.0,ACC,,"Good Day 

Please assist and see attached bank statements shwoing customer made two payment of the 14/11/2025 of R384.00 and R210.00
Customer is disputing the the rejection fees.

KInd Regards
Sholin",Rejection Fee Dispute,0.97,Outcome pending – DB check required.
1790471,R  ,1/8/2026 12:23,202.7,0.0,ACC,,"On the 27th of December, customer had an amount of R776.05 on her bank account and telkom attempted to debit an amount of RR599.00 which backedout.

Therefore, i am disputing the rejection fee as customer had more than enough for telkom to debit.",Rejection Fee Dispute,1.0,Outcome pending – DB check required.
1791113,R  ,1/8/2026 16:39,202.7,0.0,ACC,,"Good day

Kindly assist customer had enough funds in account to cover rejection fee for the month of october  but was not debited on the statement it says unsufficient funds kindly refund customer statement is attached",Rejection Fee Dispute,0.95,Outcome pending – DB check required.
1791321,R  ,1/9/2026 17:54,580.7,0.0,ACC,,"Good day.

I trust that you are well.

Please kindly assist.

Customer advised that she logged a case as the LTE was not working at her home address and she was told a technician was going to go out and check on the connection problem she is facing.The Tech did not go out and the case was closed and stated resolved.

Customer advised why should she be billed for a service that she did not use.

Please kindly check on usage and if customer has not used the service please kindly refund her the R580.70 because there is a back out fee of 202.70 and the current bill but she advised she did not use the service because it was not working.

Please also call customer and provide feedback on 0744872539

The network case was logged on the 30/10/2025 and the case number is :897741570.

Please see attached bank statement with the customer's bank details for refund 

Kind regards 
Jade Reddy

",Rejection Fee Dispute,0.95,Outcome pending – DB check required.
1792043,J  ,1/12/2026 15:31,202.7,0.0,ACC,,"Billing Case	 
Affected Number:0681201784 	 
Alternative Number: 0681201784
Customers Name:VIRGIL EMILE DE VILLIERS
ID Number:9112025126081
Billing Arrangement:339645762 
FA ID Number:504700556
What have you tried: The customer's statement was checked. 
Additional Information:	 Customer was incorrectly debited on his account, and now he has been charged a payment rejection fee (R202.70). The customer's charges should be waivered.Please assist the customer",Rejection Fee Dispute,1.0,Outcome pending – DB check required.
1792512,J  ,1/13/2026 12:32,202.7,0.0,ACC,,"affected number: 0678676705
contact number: 0735574458
ID: 8803245217087
BAR: 345627922
FA: 510640879
more info: The customer dispute the rejection fee as she had funds on the account on 29/11/2026",Rejection Fee Dispute,1.0,Outcome pending – DB check required.
1792547,R  ,1/14/2026 14:31,260.0,0.0,ACC,,"Good day

Can you please assist, customer was charged R260 rejection fee but her account was never suspended. She even made payment twice thus month

customer name:Deirdre Bowers
customer id:6703260093086
ba:345218848
fa:510231805

Thank you",Rejection Fee Dispute,0.95,Outcome pending – DB check required.
1787669,J  ,1/7/2026 11:15,202.7,0.0,ACC,,"customer had money in her account so would like to dispute the rejection fee
",Rejection Fee Dispute,0.99,Outcome pending – DB check required.
1795755,J  ,1/16/2026 8:57,429.69,0.0,ACC,,"Good day, I trust you're doing well and that you're in good health. I'm kindly requesting your assistance with the following matter customer migrated from fibre to LTE and was billed a claw-back fee. The debit order rejected customer made manual payment. The claw back was disputed and justified but the customer is now being billed debit order rejection fee for 2months where it wasn't the customers' fault that she's being over charged. Kindly please justify this customers' account because it's making this customers' name bad. 

Thank you for your assistance with this matter.

Kind regards
William",Rejection Fee Dispute,0.97,Outcome pending – DB check required.
1796890,J  ,1/20/2026 11:16,176.26,26.44,DEB,DCK,"customer had enough funds, debit did not go through, customer is desputing rejection fee",Rejection Fee Dispute,0.95,Outcome pending – DB check required.
1786737,J  ,12/31/2025 10:46,26.44,0.0,ACC,,"customer is disputing a rejection fee 
Past Due Amount: 26.44 ",Rejection Fee Dispute,0.95,Outcome pending – DB check required.
1791110,R  ,1/8/2026 16:33,202.7,0.0,ACC,,"Referreing to case 89058551

Customer refuses to pay and want the service cancelled.
Reason being customer states that she was charged twice fro a rejection fee after the debit only rejected once.
Dates: 23 september 2025
31 October 2025
please assist 
BAN:344289552",Rejection Fee Dispute,0.95,Outcome pending – DB check required.
1791193,J  ,1/9/2026 9:25,202.7,0.0,ACC,,please credit rejection fee as customer has been getting misinformation about his account leading to the debit order not going off. ,Rejection Fee Dispute,0.97,Outcome pending – DB check required.
1791963,J  ,1/12/2026 14:30,202.7,0.0,ACC,,"The customer wants to dispute the rejection fee because they were incorrecly advised by the previous agent. Please refer to the agent's notes , dated 25/09/2025:


The customer has been trying to update the banking details, since 22/09/2025 case reference number: 89131498, The bank details are not 

I provided the customer with easy payment reference number: 9 2021 7003 0005 0395 50

I advised the customer that the current balance is R256.35, due date: 30/09/2025

I advised the customer that she needs to pay 10-days, in advance, manually, to avoid the debit order from going off, on sheduled payment date, otherwise, there's a high chance the debit order will still debit from the old bank account number we have on the system

I advised the customer the new bank account, needs to be open for more than 3-months, for Telkom to debit the bank account

I advised the customer if the payment rejects for payment, the customer will be charged for service fee, for payment rejection, cost of R202.70, on the next invoice / Oct 2025, that customer may call us back for to waiver / credit, as the customer is informing us to update the debit order
",Rejection Fee Dispute,1.0,Outcome pending – DB check required.
1791993,J  ,1/13/2026 11:00,202.7,0.0,ACC,,"Good morning

Customer dispute R202.70 charged as debit order rejection fee as there was enough funds on her Bank account. Bank Statement attached",Rejection Fee Dispute,1.0,Outcome pending – DB check required.
1792299,J  ,1/14/2026 12:46,1465.7,0.0,ACC,,"Good day,

The customer requested his banking details to be changed on both his FA accounts as his capited account was hacked. Only 1 was updated and FA 500977379 was not updated. The debits for TIN2532389 were not sucessfull which resulted in debit rejection fees. The customer was not aware that the debit for FA 500977379 were not going through. He came to query why his mail services not working. We picked up that the service was cancelled dueto non-payments. He made payments but he is still dusputing the amount he was charged and need the services reinstated.",Rejection Fee Dispute,0.97,Outcome pending – DB check required.
1786629,J  ,12/30/2025 15:19,405.7,0.0,ACC,,Retained the customer by reversing debit order rejection charges for a service that the customer had requested that it be cancelled,Rejection Fee Dispute,0.95,Outcome pending – DB check required.
1787661,R  ,1/7/2026 9:36,202.7,0.0,ACC,,"Good day
please kindly assist and dispute the amount of R202.70 that the customer has been charged for the debit order  rejection fee for December invoice.
Debit order went through as normal on the 5th of December and automatically reversed to the customers bank account.
Bank statements indicating this error attached as well.

Regards",Rejection Fee Dispute,1.0,Outcome pending – DB check required.
1799983,J  ,1/25/2026 10:53,344.39,0.0,ACC,,"elsie p els
0834481254
7310100024088
0678800788
340829189
88048910
customer is disputing the charges in her invoice because she made a cancellation in May 2025 but the order got stuck then telkom kept billing and the customer was charged also a rejections fee
customer is disputing the rejection fee charges",Rejection Fee Dispute,0.99,Outcome pending – DB check required.
1800243,R  ,1/27/2026 9:52,202.7,0.0,ACC,,"Good day

Kindly assist with customer's billing dispute. Customer states that there were funds in her account in December when Telkom was supposed to deduct but they never did but ended up charging her R202.70 for the rejection fee.
3 month bank statement  attached.

Please investigate and credit customer accordingly 


Thank you",Rejection Fee Dispute,0.99,Outcome pending – DB check required.
1802802,R  ,1/27/2026 17:46,202.7,0.0,ACC,,"Good day,

Please assist with disputing the payment rejection fee on the customer's account . Thecustomer states that he was informed by the sales agent tha his first debit will only go off at the end of Decemeber and not the end of November.

Kind regards,",Rejection Fee Dispute,0.95,Outcome pending – DB check required.
1802891,J  ,1/28/2026 10:42,202.7,0.0,ACC,,"Affected Number:0691630043
Alternative Number:0769328534
Id Number:0005180903089
Customer Name:MUKHETHWA LIPHADZI
FA ID:509521764
Billing Arrangement:344507602
Customer dispute the payment rejection fee of 202.70 that was bounced back on the 29th November 2025 however she had enough funds from her bank account its was R2027.99 avaialble from her bank account but Telkom says insifficient funds R449

Once-off charges
Description Service/No Reference Date/Period
Payment Rejection fee 129389843 02 Dec 25 R 202.70Subtotal R 202.70",Rejection Fee Dispute,0.97,Outcome pending – DB check required.
1803010,J  ,1/28/2026 13:25,202.7,0.0,ACC,,"Billing Template
 
Affected Number:
0814035049
Alternative Number:
+27733223000
Customers Name:
MXOLISI MAHLANGU
ID Number:
8403265735082
Billing Arrangement:(If Applicable)
335316317
FA ID Number:(If Applicable)
501868523
What have you tried:
 
Additional Information:
Please note that customer  account had money in his account and they tried to debit him on the 27 December 2025 
Customer will like to dispute R202.70 that he was charged 

",Rejection Fee Dispute,0.97,Outcome pending – DB check required.
1787461,J  ,1/4/2026 20:24,202.7,0.0,ACC,,rejection fee,Rejection Fee Dispute,0.95,Outcome pending – DB check required.
1789067,J  ,1/6/2026 10:49,202.7,0.0,ACC,,"Billing Case
 
Affected Number:
0682191666
Alternative Number:

0648757820
Customers Name:
ziyanda veco
ID Number:
8608090846082
Billing Arrangement:(If Applicable)
345403690
FA ID Number:(If Applicable)
510416648
What have you tried:
Customer was charged 202.70 on the account after being over charged on the 12/3/2025 invoice amount -886.39 This invoices was disputed for the customer and credit provided on the 1/3/2026 amount -886.39 case RER number 91026886

Amount charged 202.70

",Rejection Fee Dispute,0.95,Outcome pending – DB check required.
1796600,J  ,1/16/2026 15:49,202.7,0.0,ACC,,"customer had a rejected debit order in December 5 when we tried to debit 670.81 because the bank did not release the funds to us,
resulting to the customer being billed 883.43 on their December bill for rejection fee 202.70
kindly approve the credit for the rejection fee 202.70 because customer had funds on their account as shown on the attached statement.",Rejection Fee Dispute,0.97,Outcome pending – DB check required.
1805045,R  ,2/2/2026 13:45,202.7,0.0,ACC,,Customer dispute Bank rejection fees R202.70 on the wrong date they could have deducted on the 23rd because the the 25th fell on the Sunday ,Rejection Fee Dispute,1.0,Outcome pending – DB check required.
1805086,O  ,2/2/2026 14:35,405.4,0.0,ACC,,"Good day

Please assist with dispute on rejection fees on 15 December 2025 and 15 January 2026 as the money was in sufficient in the customer bank account but it was not deducted as per bank statement. 
Please see attached bank statement on CRM.

Kind regards
Emihle",Rejection Fee Dispute,0.97,Outcome pending – DB check required.
1805872,J  ,2/3/2026 11:56,229.14,0.0,ACC,,"View Case: 88487918
Rejection fee and late payment interest charges linked to the disputed contract has been credited.",Rejection Fee Dispute,0.95,Outcome pending – DB check required.
1805876,O  ,2/3/2026 12:11,202.7,0.0,ACC,,"Good day 

Kindly assist as the customer was charged for a rejection fee of R202.70 for December however the customers debit order was successful on 31.12.2026. Please see attached proof of payment showing the debit order going off successful.

Kind regards",Rejection Fee Dispute,1.0,Outcome pending – DB check required.
1806026,R  ,2/3/2026 12:49,450.0,0.0,ACC,,Telkom is not debting customers account and shes being charged the debit order rejection fee statement is attached,Rejection Fee Dispute,0.97,Outcome pending – DB check required.
1806045,O  ,2/3/2026 13:52,202.0,0.0,ACC,,"good day

the customer would like to dispute a debit rejection fee which has been caused by not debiting him though he always has enough funds in his account for the debit to run . the bank statement has been attached to support the claim ",Rejection Fee Dispute,0.95,Outcome pending – DB check required.
1784383,J  ,12/23/2025 17:30,215.7,0.0,ACC,,"Billing case





Affected Number:
0671561617
Alternative Number:
0792678913
Customers Name:
Nompumelelo Grammar Mbatha
ID Number:
8012120322083
Billing Arrangement:(If Applicable)
345099865
FA ID Number:(If Applicable)
510112972
What have you tried:
Customer was charged a rejection fee of 202.70 but they had sufficient fund in the account
 



Additional Information:
Account subscriptions & once-off R 202.70
",Rejection Fee Dispute,0.97,Outcome pending – DB check required.
1794417,J  ,1/15/2026 17:33,206.14,0.0,ACC,,Customer is disputing the rejection fee charged for the month of November,Rejection Fee Dispute,1.0,Outcome pending – DB check required.
1778677,R  ,12/12/2025 10:14,1.0,0.0,ACC,,"Affected Number:0685912130

 

Alternative Number:0614352291

 

Customers Name:KHATHUTSHELO GUNDULA

 

ID Number:8704265747088

 

Billing Arrangement:(If Applicable)334090914

 

FA ID Number:(If Applicable)500742844

 

What have you tried: the customer bill is higher than credit limit because of rejection fees and pending charges and here is also event billing usage credit limit is 1500 and the obligation is 1,638.2

 

Additional Information:account are suspended, i did advised the customer to pay the rejection fees,whats not gauranteed is event billing amounts that contribute to payments rejecting",Rejection Fee Dispute,0.97,Outcome pending – DB check required.
1782340,J  ,12/18/2025 9:28,209.73,0.0,ACC,,"Billing case
 
Affected Number:
0699541672
Alternative Number:
0762612841
Customers Name:
MATSHIDISO WEHEMINA  HOBYANE
ID Number:
8405100458085
Billing Arrangement:(If Applicable)
343675191
FA ID Number:(If Applicable)
508690432
What have you tried:
Customer had sufficient funds but they were charged a rejection fee of 202.70 
Payment Rejection fee 130276143 02 Oct 25 R 202.70Late payment Interest 343675191 01 Nov 25 R 7.03* Subtotal R 209.73
Additional Information:
Bank statement attached 
",Rejection Fee Dispute,0.97,Outcome pending – DB check required.
1782370,J  ,12/18/2025 9:49,409.36,0.0,ACC,,"Customer disputing d\o rejection fees and late paymen interest
d\o request was done pls refer to  Invoice for September A392200753 where cst was billed from:Telkom Easy Connect Fibre 20/10Mbps 24 Sep 25 - 26 Sep 25
To credit 409.36

Payment Rejection fee 211235002 17 Sep 25 R 202.70Late payment Interest 344384129 24 Sep 25 R 3.96*
Payment Rejection fee 211235002 22 Nov 25 R 202.70
IT:Request 10591109
",Rejection Fee Dispute,0.99,Outcome pending – DB check required.
1781742,J  ,12/17/2025 9:09,202.7,0.0,ACC,,the customer requested to change a payment date on the 3rd of Oct from the last day of the month to the 25th of every month and it was not changed now she is disputing the Backout payment R202.70 12/1/2025 ,Rejection Fee Dispute,0.97,Outcome pending – DB check required.
1779673,R  ,12/15/2025 14:20,405.4,0.0,ACC,,"Good day

Please assist as customer was billed rejection fees , however the funds were available in the account for the month of October as well as November.

Bank statement attached on CRM.

Kind regards
Kurt",Rejection Fee Dispute,0.97,Outcome pending – DB check required.
1794140,J  ,1/15/2026 6:40,202.7,0.0,ACC,,Customer is disputing the rejection fee for the 29/11/2025 since on the last day he had enoung money on his account and the debit was submitted early,Rejection Fee Dispute,0.99,Outcome pending – DB check required.
1794295,R  ,1/15/2026 9:26,202.7,0.0,ACC,,"Good Day Team 

kindly assist the customer with her billing she had enough funds on december however she has being chargerd rejection fee of R202.70 saying she has no funds 

egards ",Rejection Fee Dispute,1.0,Outcome pending – DB check required.
1794299,J  ,1/15/2026 10:20,202.7,0.0,ACC,,Customer was charged the debit rejection fee of 202.70 and they were debited on the old account with is 1358101041 and they used that account on their mobile account which is cancelled and they have provided the new account and it was updated ,Rejection Fee Dispute,0.97,Outcome pending – DB check required.
1796555,J  ,1/16/2026 15:24,202.7,0.0,ACC,,Kindly assist with crediting customer R202.70 as customer was billed incorrectly.The payment was successfull however customer did a reverse as customer was already billed.,Rejection Fee Dispute,0.97,Outcome pending – DB check required.
1797336,J  ,1/19/2026 9:50,460.33,0.0,ACC,,"BRS NELL
Customer said in Nov 2025 was told the contract will be renewed, and was paying R1326. The past due of R460.33, but customer was auto crdited R999, and R15.82. He paid R1326, then the balance owing of R1455.04 is due on the 26/01/2026.  The upgrade was from 200-100mbps t o 200-200 mbps which is not much of a difference but was told the amount would be less. I cheked on the price increase list and the spee of R20-200mpbs is: Telkom Endless Fibre 200/200Mbps R1,215.00 R1,289.00 R74.00; and of a 200-100 mbps is:Telkom Endless Fibre 200/100Mbps R1,155.00 R1,225.00 R70.00.

Subscription & usage for B250013776 Telkom Endless Fibre R 1,145.00Subscription services
Description Period
Retail Fibre BB 200/200Mbps 04 Jan 26 - 03 Feb 26 R 1,073.48Retail fibre contract fee (Consumer) 04 Jan 26 - 03 Feb 26 R 71.52Subtotal R 1,145.00Subscription & usage for TIN2118202 Telkom Endless Fibre -R 199.42Subscription services
Description Period
TI-Mailbox 04 Dec 25 - 03 Jan 26 -R 15.82Telkom Uncapped (100-200Mbps) 04 Dec 25 - 03 Jan 26 -R 586.10Telkom Uncapped (200/200Mbps) 04 Dec 25 - 03 Jan 26 R 201.25Telkom Uncapped (200/200Mbps) 04 Jan 26 - 03 Feb 26 R 201.25Subtotal -R 199.42Discounts -R 65.83Discount plan Ref no Discount
Internet plan Based On Service TIN2118202 -R 8.56Retail Fibre Broadband Speed B B250013776 -R 45.66Retail_Fibre_Bundle_Penalty_Co B250013776 -R 3.05Telkom Uncapped (200/200Mbps) TIN2118202 -R 8.56",Rejection Fee Dispute,0.95,Outcome pending – DB check required.
1797439,R  ,1/19/2026 12:35,202.7,0.0,ACC,,Good day. Kindly note that the client would to Dispute the Late Payment Fee of R202.70 for the month of January 2026 as the client had enough amount to be debited in the account.,Rejection Fee Dispute,0.97,Outcome pending – DB check required.
1797913,J  ,1/19/2026 17:17,202.7,0.0,ACC,,"affected number; 0751327950
7807285720083
MAILE SHAI
mwaltershai@gmail.com
0784196362
573 LULEKANI ZONE A RD 
LULEKANI ZONE A 1392 
LULEKANI 

Customer called to cancel contract, reason due to billing, opted to pay by cash ... had also requested payment date be changed to the 6th, has since been told we do not have the option for the 6th ... changed for the 15th yet when i check payment date is  still the 5th ... now suspended and incurred unpaid debit order fees as a result ... 
proposed changing payment date to the 15th, also logging dispute for the rejection fee to bring account up to-date 
advised to pay 10 days in advance to allow payment to reflect in time so doe snot incur rejection fees ",Rejection Fee Dispute,0.97,Outcome pending – DB check required.
1794562,J  ,1/20/2026 9:10,1.0,0.0,ACC,,"Cust claims prescription, R520 penallty was billed on Dec 2021 invoice, the debit order R520 2021/12/24 rejected and R202.70 rej levy was billed on Jan 2022 invoice, balance to be cleared",Rejection Fee Dispute,0.97,Outcome pending – DB check required.
1787535,J  ,1/5/2026 10:34,202.7,0.0,ACC,,"customer is disputing the debit rejection fees on their account,customer send statement that shows that they had money on the 31 december 2025 
the amount is R202.70 
",Rejection Fee Dispute,1.0,Outcome pending – DB check required.
1794462,J  ,1/16/2026 13:53,202.7,0.0,ACC,,"Good day

Please asist in removing debit order rejection fee as customer had a dispute regarding Prime video.",Rejection Fee Dispute,0.99,Outcome pending – DB check required.
1776036,R  ,12/7/2025 13:18,1766.79,0.0,ACC,,"Customer being over billed on the device subcirption value 

Please assist with billing dispute on the cutomers account as she is being billed more than what she agreed with.
Customer was credited R559 , however customers total bill is R1766.79 funds were available for R1207.79 which customer was supposed to be billed.
To note customer is being billed a penalty fee R202.70 

Please advise 
",Rejection Fee Dispute,0.99,Outcome pending – DB check required.
1796496,R  ,1/16/2026 13:34,202.7,0.0,ACC,,rejection fees - capitel made a mistake as the cusotmer did have funds customer not happy,Rejection Fee Dispute,0.97,Outcome pending – DB check required.
1797308,R  ,1/19/2026 9:24,202.0,0.0,ACC,,"
Billing Template
 
Affected Number:0659193997
 
Alternative Number: 076215273
 
Customers Name: Meriam Maroga
 
ID Number: 9409120340082
 
Billing Arrangement: 340145455
 
FA ID Number:505200248
 
What have you tried:the customer was deboted and she she also payed manuallry and she was also charhged a penalty fee even though she was debited
 
Additional Information: plase refund her the payed up money and remove the 202.70 fee
 ",Rejection Fee Dispute,0.95,Outcome pending – DB check required.
1776854,R  ,12/11/2025 9:13,405.4,0.0,ACC,,Customer dispute debit order rejection fee. Please investigate the attached bankstatement and credit customer accordingly,Rejection Fee Dispute,0.97,Outcome pending – DB check required.
1778505,J  ,12/11/2025 19:03,202.1,0.0,ACC,,"Customer contacted, and customer states he was not debitted on the account, from his debit order, customer made manual payments to account -   this happened for the month of oct 2025, and nov 2025.
See attachment. rejection fee appears twice but only credditted once on the account. ",Rejection Fee Dispute,0.95,Outcome pending – DB check required.
1776685,J  ,12/9/2025 12:26,462.91,0.0,ACC,,Credit reconnection fee R260.21 + Debit order levy R202.70 ,Rejection Fee Dispute,0.97,Outcome pending – DB check required.
1778111,R  ,12/11/2025 14:16,202.7,0.0,ACC,,"Good day

Can you please assist customer account was debited on the 25th of the month but the debit order did not go throught but there was money on the account.
Could you please credit the customer with R202.70 debit order rejection fee.


customer name:Jeremy Alberts
customer id:8708045063088
ba:341475007
Fa:506526537

Thank you",Rejection Fee Dispute,1.0,Outcome pending – DB check required.
1799817,J  ,1/25/2026 10:37,202.7,0.0,ACC,, the cx requested for a dispute of R202.70 as he wasnt debited while he was having enough funds.,Rejection Fee Dispute,0.97,Outcome pending – DB check required.
1799896,J  ,1/24/2026 11:25,206.01,0.0,ACC,,"Hi All

Please assist with customer that is being billed a payment rejection fee of R206.01 for the month of December 2025. Customer states that he had money in his account for the dedbit order to go off succesfully.However, nothing was deducted.
Customer provided bank statement as proof that he had money in his account.

Kindly advise way forward.

Kind Regards",Rejection Fee Dispute,0.97,Outcome pending – DB check required.
1803247,J  ,1/29/2026 11:41,202.7,0.0,ACC,,"PHUMLANI P SITHOLE
Customer had been charged for a debit order rejection fee. He called in earlier to was advised to send the pop but the email said it wrong. Provided customer with my email address. He went to the bank t enquire and they told him there was money on his account. Provided customer with my email address. Bank ststement recieved and the re wa smoney on his bank account.

Account subscriptions & once-off R 202.70Once-off charges
Description Service/No Reference Date/Period
Payment Rejection fee 125016472 02 Dec 25 R 202.70

28/11/2025 Banking App Transfer Received from Emergency Plan: 
Transfer
Transfer 100.00 650.31
28/11/2025 Banking App Prepaid Purchase: Telkom Mobile Cellphone -99.00 -0.50 550.81
29/11/2025 Oasis Water Volksrust (Card 1910) Water -45.00 505.81
29/11/2025 Banking App Transfer Received from Emergency Plan: 
Transfer
Transfer 100.00 605.81
29/11/2025 Banking App Transfer Received from Emergency Plan: 
Transfer
Transfer 200.00 805.81
29/11/2025 Eft Debit Order Insufficient Funds (R319.00): 
Telkommobi (50669687401184)
29/11/2025 Eft Debit Order Insufficient Funds Fee Fees -6.00 799.81
30/11/2025 Payment Received: 000000 Rtc 0128499594 Phumlani 
Khumalo
Payment Received 2 600.00 3 399.81",Rejection Fee Dispute,0.99,Outcome pending – DB check required.
1803590,R  ,1/29/2026 15:39,202.7,0.0,ACC,,"CUSTOMER WAS SUPPESED TO BE DEBITED ON THE 24TH OF DEC BUT DEBITED ON THE 27TH OF DEC 2025 LEADING RO A REJECTION FEE 


cx said she was debite double her usual pay 



  DebiCheck Mandates
   CUSTOMER ID    
9209220622086
    
   

ID_NO	STATUS	MANDATE_DATE	AGENT_NAME	DEALER	MESSAGE
9209220622086	Authorised	2025/04/24 12:01:00	Colin Cowdrey	Sell Direct Marketing (Mandates)	 
9209220622086	Authorised	2023/03/10 08:34:36	Brian	RewardsCo	 
9209220622086	Rejected	2023/03/09 10:21:01	Brian	RewardsCo	 
9209220622086	Rejected	2023/03/09 10:22:19	Brian	RewardsCo	 
9209220622086	Rejected	2023/03/09 10:23:31	Brian	RewardsCo

she was charged a rejection fee 202.70]

amount owing 371.70






Search

FA_ID
 	









Collections Not Found

Collected Amount	
      
Search_FA      
508870829
Last Successful Date	
  FA_Number 
508870829
 	Arrears	
R 0,00
Cus_Names   
SIPHIWE NYANDENI
Total Due	
R 0,00
   
Last Debit Order Rejection Date	

Rejection Reason	
customer wants to cancel 
5/1/2025 6:02 AM

Bank account to be debited with R 169.00 on 24 Dec 2025",Rejection Fee Dispute,0.99,Outcome pending – DB check required.
1803658,J  ,1/29/2026 17:05,202.7,0.0,ACC,,"Affected Number:0814614842

 

Alternative Number:0785492114

 

Customers Name:NELISIWE JALI

 

ID Number:8606120520081

 

Billing Arrangement:343534955

 

FA ID Number:508550337

 

What have you tried:customer want to dispute rejection fee,as she was sold an unlimited line on the bases that she can use a multi-sim with the contract, however this is not possible.

customer requested cancellation numerous times, didnt use the simcard tried to cancel the same day she got the simcard

 

Additional Information:please refer to case no 90803934",Rejection Fee Dispute,0.97,Outcome pending – DB check required.
1803709,J  ,1/30/2026 9:03,202.7,0.0,ACC,,Customer has fraudulent activities in her bank account thats the month of Dec was not suusccessful advised i will credit the rejection fee soi in future she knows she has to pay 10 days prior ,Rejection Fee Dispute,0.95,Outcome pending – DB check required.
1803977,J  ,1/30/2026 15:20,202.7,0.0,ACC,,"Affected Number: 0680427465

 

Alternative Number: CELIWE MATHABELA

 

Customers Name:  0799736782

 

ID Number: 8606161894080

 

Billing Arrangement:(If Applicable) 344235130

 

FA ID Number:(If Applicable) 509249868

 

What have you tried: Customer would like to dispute rejection fee for October 2025, customer had enough funds to her account",Rejection Fee Dispute,0.95,Outcome pending – DB check required.
1779553,R  ,12/15/2025 15:06,202.7,0.0,ACC,,"Good day
Kindly assist to clawback rejection fee charged. The debit order was rejected for and there were funds  in the account. Please see the attached bank statement",Rejection Fee Dispute,0.97,Outcome pending – DB check required.
1782079,J  ,12/17/2025 19:57,211.12,0.0,ACC,,"0694697649

Customer requested for cancellation in July and was advised to pay outstanding balance of  R437
Customer paid July and Aug account balance was 0.00
then customer was billed again for Sept and she paid, now disputing the debit rejection fees and late payment in amount of 211.12

2637253624A - 19/09/25",Rejection Fee Dispute,0.97,Outcome pending – DB check required.
1791069,J  ,1/8/2026 14:56,202.7,0.0,ACC,,"Rejection Fee

Dispute Group: Subscription
Credit Reason: Subscription – FA 

Billing Template	 
Affected Number: 0681413726 	 
Alternative Number: 0787897769
Customers Name: UNARINE MADULA 
ID Number: 9909030536083
Billing Arrangement: 345698742
FA ID Number: 510711699 
What have you tried: Customer was debited on the 12/27/2025 instead of the 12/24/2025. This made the customer to be charged the penalty fee of R202.70. Customer will be credited the R202.70	 
Additional Information: The invoice was written- Bank account to be debited with R 668.00 on 24 Dec 2025.",Rejection Fee Dispute,0.99,Outcome pending – DB check required.
1794466,J  ,1/16/2026 14:55,550.0,0.0,ACC,,"WAIVE DEBIT ORDER REJECTION FEE – R 202.70 
Good day, 
Please assist with a dispute debit rejection of R202.70, there was sufficient funds on the customer bank account.
please see attach bank statement as proof.
kind regards
Brighton 
",Rejection Fee Dispute,1.0,Outcome pending – DB check required.
1799365,J  ,1/23/2026 11:18,202.7,0.0,ACC,,"Billing Template
Affected Number:0679584653
Alternative Number: 0699631278
Customers Name:  SITHEMBISO NTSHALINTSHALI NTSHALINTSHALI
ID Number:9907155473082
Billing Arrangement:341099493
FA ID Number:506154081
What have you tried: checked the profile
Additional Information: the customer dispute the rejection fee R202.70",Rejection Fee Dispute,1.0,Outcome pending – DB check required.
1801594,R  ,1/27/2026 11:29,202.7,0.0,ACC,,"Good day

Can you pleaase assist, the following customer would like to dispute the amount of R202.70 that was added for a debit rejection fee that occured in the month of Dec. Customer had sufficient funds available however payment did not go off

Please see the attached bank statemement

BAR ID: 344237960
Customer ID: 206009642
FA ID: 509252698

Thank you",Rejection Fee Dispute,0.99,Outcome pending – DB check required.
1776307,R  ,12/8/2025 17:40,202.7,0.0,ACC,,"Good Day

Please kindly assist.
Client is disputing Payment rejection fee that was charged in November.
there was no attempt to debit and the end of september however debit was rejected.

Please see attached bank statements

Kind Regards",Rejection Fee Dispute,0.95,Outcome pending – DB check required.
1778815,J  ,12/12/2025 14:13,202.7,0.0,ACC,,"
The customer never had a active mandate which affected her bill

Rejection Fee was credited",Rejection Fee Dispute,0.95,Outcome pending – DB check required.
1785123,R  ,12/28/2025 9:07,202.7,0.0,ACC,,"Good day

May you please remove the debit order rejection fee because the debit order was  supposed to go off month end but i went throw on the 29th November so the customer says she cant be charged because the aggreemnt is the last day of the month.

Please call the customer if more clarity is needed 0829557096",Rejection Fee Dispute,0.97,Outcome pending – DB check required.
1786490,R  ,12/30/2025 11:03,328.0,0.0,ACC,,Customer is disputing the subscription fees as he is unaware of going on month to month after contract has ended.,Rejection Fee Dispute,0.85,Outcome pending – DB check required.
1787439,J  ,1/4/2026 13:45,416.05,0.0,ACC,,Customer is disputing the rejection fee for october and november,Rejection Fee Dispute,0.99,Outcome pending – DB check required.
1789431,J  ,1/7/2026 14:13,202.7,0.0,ACC,,customer is disputing the rejection fee as he had funds on the 27th of December 2025. bank statement attached ,Rejection Fee Dispute,1.0,Outcome pending – DB check required.
1806511,J  ,2/4/2026 11:11,405.4,0.0,ACC,,customer was incorrectly charged a debit order rejection fee as he was debited on his capitec account instead of Tymebank and there was an adjustment made in error. ,Rejection Fee Dispute,0.99,Outcome pending – DB check required.
1806766,J  ,2/4/2026 17:23,507.0,0.0,ACC,,"WAIVE SUBSCRIPTION FOR NOV/DEC & JAN 2026 ; CUSTOMER WAS BILLED R 169.00 PER MONTH FOR 3 MONTHS; SIM CARD DID NOT WORK ; ARRANGED SUBSCRIPTION CREDIT FOR R 169.00 X 3 = R 507.00
 Customer is having an issue with her account being billed for more than 3months but her sim card is not working, the customer did try to do a sim swop but her order for the sim swop was stuck because the system was showing a POP UP notification which was stating that the customer is having a balance of R202.70 which was a rejection fee that was incorrectly charged on the customer so the was a dispute that was done to wave of the R202.70 so now kindly assist with refunding the customer the money that was debited from her account and she did not have any service the balance is R507 
",Rejection Fee Dispute,0.99,Outcome pending – DB check required.
1806815,O  ,2/5/2026 8:43,899.0,0.0,ACC,,"Incoming call
Contact Phone: 0745792380

Notes: Good day.

Please assist with wavering debit order rejection fee of R202.70 as customer was advised by billing departmrnt to go make a mauel payment into the FA Account the issue is that the customer made the payment before the debit order date, whic then reluted in the debit order rejecting.

Kind regards
Sine",Rejection Fee Dispute,1.0,Outcome pending – DB check required.
1791591,J  ,1/10/2026 16:30,202.7,0.0,ACC,,"Good day

Please assist with wavering rejection fee of R202.7. Customer had funds in the account and based on the bank statments provided it appears that Telkom did not attempt to debit the account.
Bank statements attached on case.",Rejection Fee Dispute,0.97,Outcome pending – DB check required.
1794069,R  ,1/14/2026 16:29,1.0,0.0,ACC,,"Credit Limit 
  
Affected Number: 
0814038475
Alternative Number: 
0839640409
Customers Name: 
MAMOGOTSHI ALBINA MAKUNYANE
ID Number: 
7009020564088
Billing Arrangement:(If Applicable) 
343641709
FA ID Number:(If Applicable) 
508656950
What have you tried: 
 
Kindly assist with increasing credit limit.

Account is suspended due to credit limit
customer has pending charges of rejection fee, but customer had funds on account that day 

Statement attached ",Rejection Fee Dispute,0.95,Outcome pending – DB check required.
1801501,J  ,1/27/2026 9:22,1033.28,0.0,ACC,,"Hi level escalatiion from Vusi & Jessica
ased on the Investigations

He states he never agreed to any contract for any duration.
·                  He never received a follow up call regarding the T’s&C’s

·                  He was never told that the router needs to be returned during the cancellation of the service or at inception.

 

Customer still has the Router with him and was not collected as he states that she was not told upon cancellation.

Charges are appearing on the account due to the Last bill, Early contract termination and the Rejection fee that came up for the last month, the customer is disputing these charges based on the Above 3 Aspects.
credit passed on the invoice  9/4/2024-9/23/2024 to 10/26/2024 12:00:00 AM1,033.28 Written off acount ",Rejection Fee Dispute,0.95,Outcome pending – DB check required.
1801547,R  ,1/28/2026 10:06,202.7,0.0,ACC,,"Good Day 
Trust you are well 

Kindly assist with customer disputing debit order rejection fee as she had funds in her account and was not debited on the 27.12.25 
please find bank statement attached on crm

thank you ",Rejection Fee Dispute,0.99,Outcome pending – DB check required.
1805750,J  ,2/3/2026 8:16,607.88,0.0,ACC,,"Customer was billed double for the same contract in December 
10641363 Incident Detail
View Case: 91476179

Customer credited R360.00 + R30.00

Customer also billed rejection fee and late payment interest R202.70 + R15.18",Rejection Fee Dispute,0.99,Outcome pending – DB check required.
1777411,J  ,12/11/2025 15:15,171.37,0.0,ACC,,"i advised the customer that the he was charged debit rejection fees, late payments as well as reconnection fees
customer explained that the banking details that are captured on the system does not belong to him
i checked on easy avs and those are not his banking details and the customer has been paying manually every month and the customer was not even aware that they are debit on this account 62594533773which does not belong to him
late payment R3.57+7.10+2.99+3.61+8.79+11.35+17.85+20.42+27.51+30.21+37.97= 171,37",Rejection Fee Dispute,0.97,Outcome pending – DB check required.
1778827,J  ,12/12/2025 17:00,202.7,0.0,ACC,,"Customer in August had enough funds  but payment shows it has backout and customer did provide with the bank stament
Customer is disputing the rejection fee ",Rejection Fee Dispute,0.99,Outcome pending – DB check required.
1798702,J  ,1/21/2026 14:56,202.7,0.0,ACC,,"Customer sent a bank statement showing they had funds for November 2025 on the 15th but the payment shows it backout
Customer is disputing the rejection fee",Rejection Fee Dispute,0.99,Outcome pending – DB check required.
1799687,J  ,1/24/2026 8:33,500.0,0.0,ACC,,"Billing Case
 
Affected Number:
 0682770120
Alternative Number:
 0840685422
Customers Name:
 lerato ramokhoase
ID Number:
 9411030234082
Billing Arrangement:(If Applicable)
 341422627
FA ID Number:(If Applicable)
 506474159
What have you tried:
 
Additional Information:
 Customer says that she had sufficient funds in her account the time telkom tried to debit her account , customer is disputing the Rejection fees charged 
POP sent to TM SOC Billing:
e.g. Yes or No
 ",Rejection Fee Dispute,1.0,Outcome pending – DB check required.
1800048,J  ,1/26/2026 9:02,405.4,0.0,ACC,,"client had changed the backing details and was then told that he can not chnage due to the fact that it is a new account.
cline that he will not pay the outsnding balance due to the fact that he was never tld abount the fact the he must pay 10 days before the debit date and his salary only comes in the last day of the month.
Payment Rejection fee 125028329 04 Jan 26 R 202.70",Rejection Fee Dispute,0.97,Outcome pending – DB check required.
1799572,R  ,1/26/2026 10:58,202.7,0.0,ACC,,customer was incorrectly charged a rejection fee of R202.70. payment was made and funds had to be transfered from a different account ,Rejection Fee Dispute,1.0,Outcome pending – DB check required.
1783556,J  ,12/19/2025 15:21,202.7,0.0,ACC,,"customer called in regarding the balancing and dispusting R1200
advised customer that the account is cancelled 
Provided customer with the past due amount R401.81 
Provided customer with the Balance of amount R1,216.46

Customer called in why the balance is high
Advised customer were charged Reconnection Fee of R260.21, Backout Payment of R202.70 and Late payment interest R16.74

advised customer that will adjust the account as she was never advised that the Bank account will be effective the follwing 
and will credit the account 
adjusted the account ",Rejection Fee Dispute,0.97,Outcome pending – DB check required.
1798781,J  ,1/22/2026 7:16,176.26,26.44,DEB,DCK,"Customer was debited on the 27 customer had enough funds debit did not go through, customer is desputing rejection fee",Rejection Fee Dispute,0.95,Outcome pending – DB check required.
1799115,J  ,1/22/2026 14:17,204.02,0.0,ACC,,"Affected Number:0699348686

Alternative Number:0742272800

Customers Name:Pheello Rabolila

ID Number:8902285406087

Billing Arrangement:345135185

FA ID Number:510148232

What have you tried:Checked FA ID

 

Additional Information:Customer disputes rejection fee as
debit order date was set to be last day instead the 5th.",Rejection Fee Dispute,0.97,Outcome pending – DB check required.
1799208,R  ,1/22/2026 17:46,529.0,0.0,ACC,,"Good day
Kindly assist Customer account was incorrectly debited last month and this month the account was correctly debited but customer is charged rejection fee 

Thank you ",Rejection Fee Dispute,0.97,Outcome pending – DB check required.
1798954,J  ,1/22/2026 21:28,202.7,0.0,ACC,,wanted to dispute R202.70 as she had money on the 27th,Rejection Fee Dispute,0.97,Outcome pending – DB check required.
1799632,J  ,1/23/2026 18:09,202.7,0.0,ACC,,"Billing Template
 
Affected Number:
0601145212
Alternative Number:
0714801748
Customers Name:
ZIPELELE NTOMBI NTOYI
ID Number:
8803190916089
Billing Arrangement:(If Applicable)
344321495
FA ID Number:(If Applicable)
509336053
What have you tried:
Checked Customers FA id 
Additional Information:
Customer called in to dispute rejection fee as incorrect banking details were used 

",Rejection Fee Dispute,0.97,Outcome pending – DB check required.
1802804,J  ,1/27/2026 17:59,1649.27,0.0,ACC,,"I credited the customer for no usage and the rejection fee, plus the late payment interest on the customers account.


The customer did request for cancelatio upon customer interaction.",Rejection Fee Dispute,0.95,Outcome pending – DB check required.
1803215,J  ,1/29/2026 8:29,416.7,0.0,ACC,,"Mpilo Mphela

Customer made a payment on Monday but not connected, I checked and has been charged twice for the debit orde rejection fees. When also checked on her payment history, she paid on the day of teh debit order.

Account subscriptions & once-off R 416.70Once-off charges
Description Service/No Reference Date/Period
Payment Rejection fee 214136205 24 Dec 25 R 202.70Payment Rejection fee 214136205 30 Dec 25 R 202.70Late payment Interest 344477182 04 Jan 26 R 11.30* Subtotal R 416.70",Rejection Fee Dispute,0.99,Outcome pending – DB check required.
1803425,J  ,1/29/2026 11:27,202.7,0.0,ACC,,Kindly assist with disputing the debit order rejection fee for december and january as the customer had enough funds for the debit oirder to go through.bank statement is attached as proof.,Rejection Fee Dispute,0.97,Outcome pending – DB check required.
1803246,J  ,1/29/2026 11:30,202.7,0.0,ACC,,rejection fee,Rejection Fee Dispute,0.95,Outcome pending – DB check required.
1803580,J  ,1/29/2026 15:23,202.7,0.0,ACC,,"good day 

customer was charged for rejection fees 

the customer is disputing the amount as he stating that he had funds in the account 

reveiwing his bank statement there funds into the account and the debit order was not processed 

31/12/2025 Eft Debit Order (2889070404): Cartrack 
(CART24M5S5Z3XT)
Vehicle Tracking -119.79 -3.00 2 378.52
31/12/2025 Eft Debit Order Insufficient Funds (R616.70): Telkommobi 
(50980484201186)
31/12/2025 Eft Debit Order Insufficient Funds Fee Fees -6.00 2 372.5


customer haed funds in his acount 

Backout payment 202.70",Rejection Fee Dispute,0.99,Outcome pending – DB check required.
1800181,J  ,1/26/2026 12:42,202.7,0.0,ACC,,"Billing Case
 
Affected Number:
0671555291
Alternative Number:

0823654114
Customers Name:
MIKE SEMATA
ID Number:
7404075970084
Billing Arrangement:(If Applicable)
345478529
FA ID Number:(If Applicable)
510491487
What have you tried:
Customer was billed incorrectly for the invoice dates 7/8/2025 and 8/1/2025-
Wasp content services Event Billing Usage 150.00 and 500.00
Customer first invoice come with Wasp charges this was only credited on the 9/30/2025 amount 645 
Credit was due to be 650  

Only one 202.70 was credited dated 11/18/2025 but customer was due 202.70 for the 9/1/202 invoice ",Rejection Fee Dispute,0.95,Outcome pending – DB check required.
1801530,J  ,1/27/2026 14:01,202.7,0.0,ACC,,"Billing Template
 
Affected Number:
0682565684
Alternative Number:
0682565684
Customers Name:
THEMBANI MNGOMA
ID Number:
7506080480089
Billing Arrangement:(If Applicable)
343632821
FA ID Number:(If Applicable)
508648062
What have you tried:
Checked Customers FA id 
Additional Information:
Customer called in to dispute rejection fee as she was advised in store that she can pay earlier",Rejection Fee Dispute,0.97,Outcome pending – DB check required.
1776063,J  ,12/7/2025 16:18,2002.7,0.0,ACC,,"From: Thabang Mothapo (T) <MothapTJ@telkom.co.za> 
Sent: Wednesday, December 3, 2025 11:07 AM
To: Retail High Level Support <RSP@telkom.co.za>
Cc: Allessandro Lothering (A) <lothera@telkom.co.za>; Tshegofatso Kgafela (T) <KgafelT@telkom.co.za>; Nthabiseng Phasha (N) <PhashaMN@telkom.co.za>; Given Modiba (G) <ModibaGR@telkom.co.za>
Subject: RE: Pass Credits R1,800.00 and Rejection fee-ESCALATION-FA 510457730

HI 

Kindly assist Case: 90479365

Incident was logged Refer to Case: 89522159


I Thank you.

R
",Rejection Fee Dispute,0.95,Outcome pending – DB check required.
1792435,J  ,1/13/2026 9:26,29805.52,0.0,ACC,,"  
CREDIT MEMORANDUM 
Date:                                                                  13 – 01- 2026. 
Customer Name:                                             Karabo Ted Sono.
Channel: 	                        Call Center.            
CC Name:                                                          Startek.
Linked agent (selling or processing, cause of issue): Nqobile Hlongwane. 
Linked manager:                                              Nqobile Hlongwane. 
BA and FAID:                                                    340842406 / 505897197. 
Order Number for Activation:                      2662262489A.
Order Number for Cancellation:                  2694423548A. 
Incident Number if Applicable:                    N/A. 
Job Number if Applicable: (device collection): N/A. 
Case Number:                                                91238073.    
Reason for credit request: Lost Device – Customer applied for a contract with online sales and upon delivery device was lost.
Kindly refer to attached loss letter.


 Reason for Credit  	Affected Number:  	Amount  
Device Obligation / Carryover	0764333163	R 29,400.00
Backout payment R202.70 X 2		R405.40
Late payment Interest		R0.12
Total to be Credit  		R 29,805.52
 
 
Regards,  
 
Billing Agent:  Winifred Motsele
 
……………………………………………………………………… 

For the Approval of Business Development Manager:   
…………………………………………………………………………   
For the Approval of Supply Chain:
…………………………………………………………………………   

Approved   	   
Rejected   	   
 

Screenshots: ",Rejection Fee Dispute,0.97,Outcome pending – DB check required.
1804723,R  ,2/1/2026 10:51,175.5,0.0,ACC,,"Good day 
Customer ID:141569885, PHATHUTSHEDZO NENUNGWI,Consumer
FA:510758007

Kindly assist the customer has been charged WASP of R175.5 customer states that they were not aware of the subscription fee and would like to be credited ",Rejection Fee Dispute,0.95,Outcome pending – DB check required.
1804937,R  ,2/2/2026 10:48,202.7,0.0,ACC,,"Good day
Kindly assist with FA 509690327, customer had enough to be debited on the 27/12/2025. Customer was charged debit rejection fee.
Please credit the FA 
Bank statement attached
Customer's number 0715709105",Rejection Fee Dispute,0.95,Outcome pending – DB check required.
1805138,R  ,2/2/2026 16:00,202.7,0.0,ACC,,"Affected Number:0817669550
Alternative Number:0723949647
Customers Name:MMAPHALA LAZARUS MAPHOTO
ID Number:8509285983088
Billing Arrangement:340087512
FA ID Number:505142306
What have you tried: Checked and there is a rejection fee added
Additional Information: Attached customer's bank statement",Rejection Fee Dispute,0.95,Outcome pending – DB check required.
1804045,R  ,2/2/2026 17:34,202.7,0.0,ACC,,"Good day

Please kindly assist on the customer account, the customer was charged a panalty fee due to paymrnt was debitted on the date that the customer did not agree upon.The customer requestes a dispute of R202.70",Rejection Fee Dispute,0.97,Outcome pending – DB check required.
1805195,J  ,2/2/2026 17:53,202.7,0.0,ACC,,"Affected Number : 0752368966

Alternative Number : 0632868904

Customers Name : Ntombiyakhe Dlomo

ID Number : 9101081186089


Billing Arrangement : 344924004


FA ID Number : 509937589

What have you tried : Checked the debicheck mandate tool and the customer has an approved debicheck mandate.
Checked the customer's bank statement and it shows that the customer had sufficient funds in her account on 11/29/2025 for the debit that was rejected on 12/1/2025.
The funds were never taken from the customes bank account, but on the statement a rejection is reflecting.
 DebiCheck Mandates
   CUSTOMER ID    
9101081186089
    
   

ID_NO	STATUS	MANDATE_DATE	AGENT_NAME	DEALER	MESSAGE
9101081186089	Authorised	2024/09/30 15:22:17	Yasmira Yusuff	Gateway	Initiation Accepted
9101081186089	Authorised	2024/09/30 17:23:16	Telkom Mandate	Telkom DCM	 


Additional Information : The customer's account was credited with R202.70 through a justified dispute.
Bank statement attached.",Rejection Fee Dispute,0.97,Outcome pending – DB check required.
1806570,O  ,2/4/2026 12:44,202.7,0.0,ACC,,"Good day 

Hope all is well 

Kindly assist with disputing debit order rejection fee as there was money available in customer's account.

Kindly see attached statement.",Rejection Fee Dispute,0.99,Outcome pending – DB check required.
1777406,J  ,12/11/2025 14:24,202.7,0.0,ACC,,"customer on the 9/30/2025 the debit order was rejected and on the october invoice was charged the debit rejection fees amount of R202.70
customer provided the bank statement the was money on the account 
the amount of R202.70 credited back to the customer 
bank statement attached ",Rejection Fee Dispute,1.0,Outcome pending – DB check required.
1779150,J  ,12/13/2025 13:03,202.7,0.0,ACC,,"Affected Number: 0676139388
Alternative Number: 0658169698
Customers Name: Lenaba Hector
ID Number: 8610285484083
Billing Arrangement: 339149819
FA ID Number: 504204615

Additional Information: Customer's debit order was rejected due to insufficient funds during October 2025 but he had suffucient funds under his account. He is disputing the rejection fee charged.

Charged to be credited: R202.70
",Rejection Fee Dispute,1.0,Outcome pending – DB check required.
1781736,R  ,12/17/2025 8:55,202.74,0.0,ACC,,Debit order failed due to incorrect amount charged. Please credit debit order rejection fee.,Rejection Fee Dispute,0.97,Outcome pending – DB check required.
1799695,J  ,1/23/2026 15:46,202.99,0.0,ACC,,"Affected Number:0694507801
 

Alternative Number:0835797382

 

Customers Name:KWENA MOKGOHLOA

 

ID Number:7109280697089

 

Billing Arrangement:334508215

 

FA ID Number:501160144
 

What have you tried:Checked customers profile

 

Additional Information:Customer would like to
disputes rejection fee for November as when she changed banking details
she requested debit order date to be also changed to 25th but it wasn't changed.

",Rejection Fee Dispute,0.97,Outcome pending – DB check required.
1778812,R  ,12/12/2025 13:42,202.7,0.0,ACC,,"
Affected Number:
0703072083
Alternative Number:
0725911705
Customers Name:
Refilwe Mokoena
ID Number:
9205090175080
Billing Arrangement:(If Applicable)
345308515
FA ID Number:(If Applicable)
510321472
What have you tried:
Checked CRM and cx was charged backout fee on accounts for two debits; cx backout/s happened in November. Checked Bank statement and cx had sufficient funds at the time of debit/s.
Additional Information:
  Cx wanted to dispute rejection fee of R202.70 as it was not supposed to be charged.
POP sent to TM SOC Billing:
N/A
 ",Rejection Fee Dispute,1.0,Outcome pending – DB check required.
1789371,R  ,1/7/2026 11:50,0.01,0.0,ACC,,"What have you tried:customer is disputing payment rejection fee

Additional Information:customer says he paid early and payment reflected on the 11/25/2025",Rejection Fee Dispute,0.95,Outcome pending – DB check required.
1789000,J  ,1/6/2026 8:57,202.7,0.0,ACC,,"Affected Number:0601233146
Alternative Number:0746560585
Customers Name: ANNELINE GOPAUL
ID Number:7901140063084
Billing Arrangement:344350304
FA ID Number:509364799
What have you tried: checked the profile
Additional Information: customer was charged a rejection fee, and she was debited on the incorrect Bank account yet she called to change them last month ",Rejection Fee Dispute,0.95,Outcome pending – DB check required.
1786877,J  ,1/6/2026 9:31,202.7,0.0,ACC,,"
The customer never had a active mandate which affected her bill

Rejection Fee was credited
",Rejection Fee Dispute,0.95,Outcome pending – DB check required.
1793789,J  ,1/14/2026 10:49,202.7,0.0,ACC,,"Billing Template	 
Affected Number:	 0753203485
Alternative Number: 0784531926 
Customers Name:	 Rhoan karel Rudman
ID Number: 9101025134088	 
Billing Arrangement: 345655983	 
FA ID Number: 510668940 
What have you tried: Checked the customer's account and the customer made a payment before their debit and they stated that they got the instruction from the agent and was not advised that they have to make payments 10 working days prior to their debit date.
Additional Information: Customer would like the r202.70 TO BE DISPUTED",Rejection Fee Dispute,0.97,Outcome pending – DB check required.
1801609,R  ,1/27/2026 16:57,202.7,0.0,ACC,,"Good day
Customers debit order shows it backed out on their account even though there were enough funds to debit.
Please see attached bank statement highlighted the failed payment.
Please assist by disputing rejection fee. Pleasew contact Thabile Khotha - 0676487716 for more information.

Thabile Khotha
ID - 0006210544083
BAN - 345459666
FA - 510472624
Cell no. - 0676487716",Rejection Fee Dispute,0.95,Outcome pending – DB check required.
1801624,J  ,1/28/2026 11:58,202.7,0.0,ACC,,"The client is disputing the charges for debit order rejection fee as he made the payment on the account prior the debit order date as he always does everymonth on the Telkom App. 
On the current invoice he was charged a debit order fee. 
He would also like apractical solution that allows me to continue paying my account monthly without being automatically penalised",Rejection Fee Dispute,0.99,Outcome pending – DB check required.
1803301,J  ,1/29/2026 10:08,202.7,0.0,ACC,,"Customer is being charged for the debit rejection fee amount for month of Dec and the customer requested for the date to be changed and it was not charged for the rejection fee.

Amount to be disputed is R202.70.",Rejection Fee Dispute,0.99,Outcome pending – DB check required.
1805848,O  ,2/3/2026 11:50,687.0,0.0,ACC,,"FTR JAN:Called 0764202689 spoke to Mr  Dakisele Motube as per cust they wer paid late so there was no funds ,advised of D/O  rejection fees and interet  ,EXC succesfully collected R687.00 account  protected via 75 disp  till paymnt reflests on NGN.Bongi  0415050013.",Rejection Fee Dispute,0.97,Outcome pending – DB check required.
1801512,R  ,1/27/2026 9:39,1514.42,0.0,ACC,,"Good day
Kindly assist.
Customer services have been suspended and he has been charged the rejection fee for two months.  The customer debit order is on his salary date  the 25th of every month and recently there's been the rejected debits for an unknown reason. The payment was made manaully, Pleas see the attached pop.
Contact: 0789923544",Rejection Fee Dispute,0.95,Outcome pending – DB check required.
1802590,R  ,1/27/2026 10:06,1.0,0.0,ACC,,"Affected Number:0679186775	 
Alternative Number:	 
Customers Name:Mpumelelo Thandi Zitha	 
ID Number:8407190943083	 
Billing Arrangement:345742376	 
FA ID Number:	510755333
What have you tried:Please asisst with transferrng these funds(R-299)from this FA -510755332 to this FA-510755333
Additional Information:Findout cust is not aware of account error made by sales and billed new account that they closed and they actually opened 2 accounts for cust advised cust of the backout charge of R202.70 cust not happy as it is not their fault ",Rejection Fee Dispute,0.97,Outcome pending – DB check required.
1802613,J  ,1/27/2026 11:10,17298.53,0.0,ACC,,"CREDIT MEMORANDUM  
Date: 1/27/2026
Customer Name: SIBAHLE MTANA
Channel: Call Centre
CC Name: Startek
Linked agent (selling or processing, cause of issue): Scebile Khumalo
Linked manager: Krinel Subramoney
BA and FAID: 345333870 and 510346827
Order Number for Activation: 2623806242A
Order Number for Cancellation: 2743410937A
Incident Number if Applicable: N/A
Job Number if Applicable: (device collection): Job TCAPVT021148
Case Number: 91555437
Reason for credit request:
Customer requested cancellation because the customer has changed her mind due to affordability. This request was initially submitted at the time the order was processed. The device has been collected, and the job number is TCAPVT021148.


 Reason for Credit   	Affected Number:   	Amount   
Device Obligation / Carryover	 0750452967	R15,180.00
Telkom FlexOn 2 	599*3 months	R 1,797
Activation Fee		R 99
Rejection fee & late payment Interest		R 222.53
Total to be Credit   	 	R 17,298.53
  
  









Regards,   
  
Billing Agent: Tshepang Malebane

………………………………………………………………………  
 
For the Approval of  
Business Development Manager:    
   
 
…………………………………………………………………………    
Approved    	    
Rejected    	    
  
Screenshots:  

  ?
",Rejection Fee Dispute,0.95,Outcome pending – DB check required.
1800889,J  ,1/27/2026 12:12,202.7,0.0,ACC,,REJECTION FEE,Rejection Fee Dispute,0.95,Outcome pending – DB check required.
1803008,R  ,1/28/2026 13:24,202.7,0.0,ACC,,"Billing Template
 
Affected Number:
0814035049
Alternative Number:
+27733223000
Customers Name:
MXOLISI MAHLANGU
ID Number:
8403265735082
Billing Arrangement:(If Applicable)
335316317
FA ID Number:(If Applicable)
501868523
What have you tried:
 
Additional Information:
Please note that customer  account had money in his account and they tried to debit him on the 27 December 2025 
Customer will like to dispute R202.70 that he was charged 

",Rejection Fee Dispute,0.97,Outcome pending – DB check required.
1803036,J  ,1/28/2026 14:21,202.7,0.0,ACC,,"Affected Number:0676429726
Alternative Number:0649986573
Id Number:6503200189089
Customer Name:Martha Swanepoel
FA ID:506438902
Billing Arrangement:341387370
Customer dispute the payment rejection fee of 202.70 that was bounced back on the 6th October 2025 however she had enough funds from her bank account its was R478.83 avaialble from her bank account but Telkom says insifficient funds R449

Once-off charges
Description Service/No Reference Date/Period
Payment Rejection fee 126785198 08 Oct 25 R 202.70Late payment Interest 341387370 01 Nov 25 R 1.33* Subtotal R 204.03",Rejection Fee Dispute,0.97,Outcome pending – DB check required.
1803145,J  ,1/28/2026 15:51,260.21,0.0,ACC,,"dpa passed

Customer was suspended because of the amount that was charged on his accontb 

customer made a apaymet prior to thendebit order date and was alaso not suspposed to be suspended 

260.21
202.70",Rejection Fee Dispute,0.85,Outcome pending – DB check required.
1803311,R  ,1/29/2026 10:45,202.7,0.0,ACC,,"Customer was supposed to be debited on 15 December 2025 and had a suufficient balance in his bank account for the debit order to be successful, to which the deduction did not go through resulting in an aditional debit order rejection fee of 202.70 on 15 January 2025",Rejection Fee Dispute,0.99,Outcome pending – DB check required.
1803640,R  ,1/29/2026 16:57,20895.0,0.0,ACC,,"customer called in fibre 
sent and sms that they emails for statements that they billed and was charged services 
customer sent the statemnt on the call 
\advised customer that payment reflects on the 31/12/2025 statement amount R409
advised customer to credit Backout payment R202.70 Late payment Interest R6.25 and R409.00 Log a payment on not account 
Credit R208,95",Rejection Fee Dispute,0.97,Outcome pending – DB check required.
1803651,R  ,1/29/2026 17:01,409.0,0.0,ACC,,"customer sent the statemnt on the call 
\advised customer that payment reflects on the 31/12/2025 statement amount R409
advised customer to credit Backout payment R202.70 Late payment Interest R6.25 and R409.00 Log a payment on not account 
Credited R208,95
91602934

statement attacted ",Rejection Fee Dispute,0.97,Outcome pending – DB check required.
1803781,R  ,1/30/2026 12:06,202.7,0.0,ACC,,"Good Day

Would you assist customer is being charged debit order rejection fee and the the are no debits on the account

Kind Regards",Rejection Fee Dispute,0.97,Outcome pending – DB check required.
1803966,J  ,1/31/2026 7:14,202.7,0.0,ACC,,"Notes: cx said she was debite double her usual pay



DebiCheck Mandates
CUSTOMER ID
9209220622086



ID_?NO    STATUS    MANDATE_?DATE    AGENT_?NAME    DEALER    MESSAGE
9209220622086    Authorised    2025/?04/?24 12:01:00    Colin Cowdrey    Sell Direct Marketing (Mandates)    
9209220622086    Authorised    2023/?03/?10 08:34:36    Brian    RewardsCo    
9209220622086    Rejected    2023/?03/?09 10:21:01    Brian    RewardsCo    
9209220622086    Rejected    2023/?03/?09 10:22:19    Brian    RewardsCo    
9209220622086    Rejected    2023/?03/?09 10:23:31    Brian    RewardsCo

she was charged a rejection fee 202.70]

amount owing 371.70






Search

FA_?ID
    









Collections Not Found

Collected Amount    

Search_?FA
508870829
Last Successful Date    
FA_?Number
508870829
    Arrears    
R 0,?00
Cus_?Names
SIPHIWE NYANDENI
Total Due    
R 0,?00

Last Debit Order Rejection Date    

Rejection Reason    
customer wants to cancel
5/?1/?2025 6:02 AM

Bank account to be debited with R 169.00 on 24 Dec 2025
",Rejection Fee Dispute,0.99,Outcome pending – DB check required.
1803969,R  ,1/31/2026 9:47,202.7,0.0,ACC,,"Billing Template

 

Affected Number:0602475003

 

Alternative Number:0728003986

 

Customers Name:NOBUHLE PRECIOUS MKHWANAZI

 

ID Number:9504110448083

 

Billing Arrangement:344307941

 

FA ID Number:509322499
 

What have you tried: i checked on the customers account she was charged rejection fee since the payment bounce last month

 

Additional Information: customer would like to dispute the rejection fee since she says she did not change her debite order date to the 15th",Rejection Fee Dispute,1.0,Outcome pending – DB check required.
1804727,R  ,2/1/2026 11:06,202.7,0.0,ACC,,"Good day
Kindly dispute the penalty fee of 202.70 charged to the customer, there was sufficient amount for the debit order to be successful.
Bank statement of the customer is attached on the system.",Rejection Fee Dispute,0.95,Outcome pending – DB check required.
1803659,J  ,1/29/2026 17:08,11.35,0.0,ACC,,"Affected Number:0814614842

 

Alternative Number:0785492114

 

Customers Name:NELISIWE JALI

 

ID Number:8606120520081

 

Billing Arrangement:343534955

 

FA ID Number:508550337

 

What have you tried:customer want to dispute rejection fee,as she was sold an unlimited line on the bases that she can use a multi-sim with the contract, however this is not possible.

customer requested cancellation numerous times, didnt use the simcard tried to cancel the same day she got the simcard

 

Additional Information:please refer to case no 90803934",Rejection Fee Dispute,0.97,Outcome pending – DB check required.
1804590,J  ,1/31/2026 10:33,202.7,0.0,ACC,,"Customer has been charged for the debit rejectio fee amount and the customer reported that her account was hecked and she will pay the account manual until its fixed.

Advise the customer that i will reverse the debit rejection for this month and wont do it again and she must pay ten days before the debit date.

Amount to be reversed R202.70",Rejection Fee Dispute,0.97,Outcome pending – DB check required.
1776599,R  ,12/9/2025 10:02,202.7,0.0,ACC,,"Good day 
Please assist customer is disputing rejection fee for November 
Customer have proof that he had suffient funds on his account on his debit date
Bank statement has been attached for reference 
FA505411454
BA340356661
Affected number :067 167 9444
Customer Name Richard Zulu 
Contact number : 060 7656266",Rejection Fee Dispute,0.95,Outcome pending – DB check required.
1786882,J  ,1/6/2026 9:59,202.7,0.0,ACC,,"thebile segwapa
Customer enquiring about thebilling. I checked and has been charged for tyhe debit order rejection. Customer did a manual payment on the 29/12/2025 as said the reason was that he could see the debit order was not taken off his bank account.

Account summary
Date Description Reference Amount01 Dec 2025 Balance brought forward R 449.0027 Dec 2025 Payment: Thank You -R 449.0029 Dec 2025 Payment: Thank You 0000159 -R 100.0029 Dec 2025 Payment: Thank You 0000685 -R 370.0030 Dec 2025 Payment: Rejection(Note 1) R 449.00Subtotal -R 21.0001 Jan 2026 Invoice for December A406991589 R 651.70Subscription & usage
0685593147 20Mbps LTE All Hours Deal R 449.00Account subscriptions & once-off R 202.70Total due R 630.70

Account subscriptions & once-off R 202.70Once-off charges
Description Service/No Reference Date/Period
Payment Rejection fee 120723803 30 Dec 25 R 202.70",Rejection Fee Dispute,0.99,Outcome pending – DB check required.
1806606,J  ,2/4/2026 13:28,405.4,0.0,ACC,,"Customer is a pensioner she says she only relies on the pension money to live and pay other bills advised her i will assist her with the penalty fees however moving foprward she must try by all means to avoid such situattions 
2 rejection fees ",Rejection Fee Dispute,0.99,Outcome pending – DB check required.
1776484,R  ,12/8/2025 18:03,202.7,0.0,ACC,," Good Day

Please kindly assist.
Client is disputing Payment rejection fee that was charged in November.
there was no attempt to debit and the end of september (29th) however debit was rejected on the 2nd of October. Based on the bank statement there were sufficient funds on the account 

Affected Number:0671757598
Contact Number:0786308751
Customers Name:SINENHLANHLA NGCOBO
FA ID:509898172
BAR ID:344884586

Please see attached bank statements

Kind Regards",Rejection Fee Dispute,0.95,Outcome pending – DB check required.
1778475,R  ,12/11/2025 17:28,202.7,0.0,ACC,,please credit customers account with 202.7 incorrectly charged with rejection fees,Rejection Fee Dispute,0.97,Outcome pending – DB check required.
1803934,J  ,1/30/2026 14:09,202.7,0.0,ACC,,"
customer had funds in her account on the month of november , debit order bounce and the customer was charged a rejection fee of 202.70 , bank statement was provided 
29 Nov Magtape Debit Telkommobi50899804701184651159 219.04 33.17 3.50
30 Nov 7.50 40.67
30 Nov 23.30 63.97
Closing Balance 63.97Dr
Turnover for Statement Period
No. Credit Transactions 5 1,757.17Cr
No. Debit Transactions 33 6,074.23D
customer disputed the 202.70 since she had funds in her account ",Rejection Fee Dispute,0.97,Outcome pending – DB check required.
1804605,R  ,1/31/2026 11:18,202.0,0.0,ACC,,"Good day

Kindly assist with disputing a rejection fee customer was billed for on December. Customer had fund in account yet Telkom did not deduct which led to a rejection fee added to her bill. Customer would appriciate if Telkom can credit her on her Telkom account.

Thank you.",Rejection Fee Dispute,0.95,Outcome pending – DB check required.
1803373,J  ,1/31/2026 12:22,202.7,0.0,ACC,," Affected Number:?0672700724
Alternative Number:?0602357172
Customers Name:?sasalvadora ntombelaIbecause
ID Number:  8608265366080
Billing Arrangement:  501805669
FA ID Number:   335253463
What have you tried: I checked on the customers account 
Additional Information:   the customer would like to despute the rejection fee that he going to be charge with as i was telling him about becouse on the day he was support to be debited on he had enough funds on his account but then the payment still did not go through",Rejection Fee Dispute,0.95,Outcome pending – DB check required.
1804834,J  ,2/2/2026 11:33,202.7,0.0,ACC,,"Customer would like to disoute rejection fee of 202.70
Customer had funds on account ",Rejection Fee Dispute,0.97,Outcome pending – DB check required.
1805802,O  ,2/3/2026 10:22,202.7,0.0,ACC,,"Deibit order rejection on 31.01.2026 but there were funds available on the account, please assist with crediting R202.70 rejection fee, bank statent attached",Rejection Fee Dispute,1.0,Outcome pending – DB check required.
1806396,O  ,2/4/2026 9:12,202.7,0.0,ACC,,"Good day,

Please assist with payment rejection fee dispute of R202.70 as the customer did a renewal and paid the amount in advance. The agent that did th renwal did it as a replace offer casuing the confusion in the billing. 

BA :343785755
FA : 508800955

Thank you",Rejection Fee Dispute,0.99,Outcome pending – DB check required.
1806544,O  ,2/4/2026 12:06,405.4,0.0,ACC,,"Customers account details were incorrect
Customer had one digit incorrect on bank account detail it has been corrected now, customer should not have been charged rejection fee",Rejection Fee Dispute,0.97,Outcome pending – DB check required.
1781912,J  ,12/17/2025 12:33,202.7,0.0,ACC,,"Affected Number:0813287717
Alternative Number: 
Customers Name:MPHO LETLELE
ID Number:9112220455087
Billing Arrangement: 345579672
FA ID Number: 510592629
What have you tried:  The statement shows that the customer had funds on the account 
Additional Information: the customer would like to dispute the 202.70 because he had enough funds to be debited",Rejection Fee Dispute,0.95,Outcome pending – DB check required.
1804965,J  ,2/2/2026 11:28,202.7,0.0,ACC,,The customer says she was charged the payment rejection fee but the customer says she had transfered money into her FNB account on the 27 December  she says the funds were available on the 29 December  but it was FNB fault she called the bank to dispute the debit fee charged now she wants telkom to credit account  Payment Rejection fee 103882196 31 Dec 25 R 202.70 please find the attached proof of bank statement  please contact customer on 0843032018,Rejection Fee Dispute,0.97,Outcome pending – DB check required.
1790381,J  ,1/8/2026 12:57,209.56,0.0,ACC,,"Good day 

Could you please assist with the following.

Customer changed banking details on the 19th of September 2025. When customer changed the banking details agent advised customer to make manual payment as the debt order from the new bank would be in October 2025.

Customer made manual payment in September 2025 and we debited the new bank in September 2025. When customer recieved notification that Telkom debited, customer reversed the payment as she already paid the account.

Customer was charged payment rejection fee of R202.70 and late payment interest of R6.86 on November 2025 statement.

Customer is disputing the amount of R209.56 as the banking details was changed and payment was made.

Could you please assist with crediting the customer accordingly.

Customer name: Sanelisiwe Noga
Customer ID: 263612443
FA ID: 510582093
BA ID: 345569136

Your assistance in this matter is much appreciated

Kind regards
Elzan",Rejection Fee Dispute,1.0,Outcome pending – DB check required.
1790392,R  ,1/8/2026 17:43,1.0,0.0,ACC,,"Good day

Please pass credits for R202.70 for rejection fee, customer requested to be debited on the 5th of each month and i selected last day by mistake",Rejection Fee Dispute,0.99,Outcome pending – DB check required.
1790414,R  ,1/9/2026 15:26,202.7,0.0,ACC,,"Good day

Kindly assist with crediting customer the rejection fees for last month which the debit rejected and had money in his account.",Rejection Fee Dispute,0.97,Outcome pending – DB check required.
1790444,J  ,1/12/2026 12:33,462.91,0.0,ACC,,customer called to dispute the recconection and the debit order rejection fee the account was payed but they have used the incoreect ref numbber so they are disputig the charges on the account of R202.70 and R260.21=R462.91 ,Rejection Fee Dispute,1.0,Outcome pending – DB check required.
1802784,J  ,1/27/2026 16:24,204.0,0.0,ACC,,"Affected Number:0691522402
Alternative Number:0659648520
Id Number:9111075335089 
Customer Name:SANDILE MAMA
FA ID:505823176
Billing Arrangement:340768385
Customer had enough fund from his bank account when Telkom debit his account on the 2th December it was R2585.43 balance but its shows that atelkom didn't find money from his bank account it bounced back on the 12/30/2025
Customer dispute the payment rejection fee of R202.70 plus late payment interest of R 1.70 that is charged on the current invoice

27/12/2025 Payment Received: N Nofemele Other Income 130.00 5 132.69
27/12/2025 Eft Debit Order Insufficient Funds (R111.00): Telkommobi
(50582317601186)
27/12/2025 Eft Debit Order Insufficient Funds Fee Fees -6.00 2 579.43

Once-off charges
Description Service/No Reference Date/Period
Payment Rejection fee 115777125 30 Dec 25 R 202.70Late payment Interest 340768385 01 Jan 26 R 1.70* Subtotal R 204.40
Bank statement is attached",Rejection Fee Dispute,1.0,Outcome pending – DB check required.
1783783,R  ,12/20/2025 11:37,202.7,0.0,ACC,,"Good Day 

october debit bouced
funds available
cleint is disputing rejection fee 
as banking error
bank stat ayttacehd 
kindly cerdit",Rejection Fee Dispute,0.97,Outcome pending – DB check required.
1784877,J  ,12/24/2025 15:03,202.7,0.0,ACC,,"Effected number :  0754712777
Alternative:  0812981610
Name and surname :  SIPHIWESIHLE BLESSING ZAMA
Id no :  9712195501086
FA ID Number:  510486660
BA :  345473702
What have you tried: I checked on the customers account 
Additional Information:  the customer would like to dispute the rejection fee that he being charge with because on the day he should have been debited he had enough funds on his account but then the payment never went off ",Rejection Fee Dispute,0.99,Outcome pending – DB check required.
1803400,J  ,1/29/2026 12:04,202.7,0.0,ACC,,"Refund Template
 
Affected Number:
0609218809
Alternative Number:
0609218809
Customers Name:
PAUL GELDENHUYS
ID Number:
6305075001088
Billing Arrangement:(If Applicable)
339695548
FA ID Number:(If Applicable)
504750342
Additional Information:
The customer is disputing the 202.70 rejection fee he was charged cos there was money on his account and he never reversed the money last month.
What did you do:
Attached the bank statement",Rejection Fee Dispute,0.97,Outcome pending – DB check required.
1792033,J  ,1/12/2026 15:18,608.1,0.0,ACC,,"Customer has been charged the rejection fees for 3 payments on account hence they cancelled the account because they were provided with the extra services of which they did no request for

R202.70*3=R608.10",Rejection Fee Dispute,1.0,Outcome pending – DB check required.
1792034,J  ,1/12/2026 15:37,202.7,0.0,ACC,,"Customer disputes the Rejection Fee charged for backout in Oct as he had sufficient funds on his account 
",Rejection Fee Dispute,0.97,Outcome pending – DB check required.
1799339,J  ,1/23/2026 11:00,52.88,0.0,ACC,,customer was incorrectly billed for debit order rejection fee after she fully paid the account,Rejection Fee Dispute,0.97,Outcome pending – DB check required.
1799519,J  ,1/25/2026 14:12,202.7,0.0,ACC,,"Customer dispute the payment rejection fee of R202.70 he had enough funds from his bank account on the 27th of December  the balance was R458.61 but it bounced back on the 12/30/2025 
Account subscriptions & once-off R 208.65Once-off charges
Description Service/No Reference Date/Period
Payment Rejection fee 257003284 30 Dec 25 R 202.70",Rejection Fee Dispute,1.0,Outcome pending – DB check required.
1785176,R  ,12/31/2025 11:04,202.7,0.0,ACC,,"Good day

Customer changed hes banking details at Mall of africa in the Begining of september.
Debit order still tried to debit hes FNB account that he closed. new banking details wer loaded on the system but never activated under the ban.
Customer is diputing the Rejection fee.",Rejection Fee Dispute,0.95,Outcome pending – DB check required.
1799183,J  ,1/22/2026 16:06,202.7,0.0,ACC,,"Billing Case
 
Affected Number:0679179476
 
Alternative Number:0710204089
 
Customers Name:THENGIZWE PATRICK MNOMIYA
 
ID Number:7509126174088
 
Billing Arrangement:340174950
 
FA ID Number:505229743
 
What have you tried:Please kindly assist, customer is disputing R202.70 rejection fee. customer had funds on His account on the 31ST 
 
Additional Information:Please kindly assist, customer is disputing R202.70 rejection fee. customer had funds on His account on the 31ST. ATTACHED BANK STATEMENT
 
POP sent to TM SOC Billing:
e.g. Yes or No",Rejection Fee Dispute,1.0,Outcome pending – DB check required.
1778870,J  ,12/12/2025 15:25,202.7,0.0,ACC,,"The customer needs to be credited of thr rejection fee for the failed Debit order due to the reason that they were charged event billing on their account . 

",Rejection Fee Dispute,0.95,Outcome pending – DB check required.
1805578,O  ,2/3/2026 16:51,202.7,0.0,ACC,,"Good Day

Please assist customer would like to dispute penalty fee of november as he had enough fund in his account penalty fee R202.70 please find attached customer bankstatement on CRM thank you",Rejection Fee Dispute,0.99,Outcome pending – DB check required.
1806431,O  ,2/4/2026 17:18,202.7,0.0,ACC,,"Good day
Please kindly assist the customer is disputing the rejection fee of R202.7 for late payment. Her account shows that enough money was there for her dibit order to go off.

Bank statement is attached on CRM
FA: 509002666
Contact number: 0717227521",Rejection Fee Dispute,1.0,Outcome pending – DB check required.
1784378,J  ,12/23/2025 13:59,210.06,0.0,ACC,,The customer is disputing the rejection fee and late payment interest because they were incorrectly charged.,Rejection Fee Dispute,0.99,Outcome pending – DB check required.
1785167,R  ,12/30/2025 11:49,202.7,0.0,ACC,,"Please assist to credit customer amount of R202.70 as customer had funds on 29/11/2025 when telkom debited.

Kind Regards,
Alex Claassen",Rejection Fee Dispute,0.97,Outcome pending – DB check required.
1776936,J  ,12/9/2025 18:56,206.83,0.0,ACC,," Good Day

Please kindly assist.
Client is disputing Payment rejection fee that was charged in November.
there was no attempt to debit and the end of september (29th) however debit was rejected on the 2nd of October. Based on the bank statement there were sufficient funds on the account R202.70 Rejection fee + R4.13 (206.83)

Affected Number:0684579964
Contact Number:0727671912
Customers Name:Thabile Sithole
FA ID:509959317
BAR ID:344945886

Please see attached bank statements

Kind Regards",Rejection Fee Dispute,1.0,Outcome pending – DB check required.
1777670,R  ,12/11/2025 12:38,202.7,0.0,ACC,,Backout fee 202.70,Rejection Fee Dispute,0.95,Outcome pending – DB check required.
1790186,J  ,1/8/2026 9:44,202.7,0.0,ACC,,"Cust disputed the Dt order rejection fees on teh account, as amou8nt went off before the due date. Due date last day of mointh, dt went off 27th. Cost reversed",Rejection Fee Dispute,0.97,Outcome pending – DB check required.
1790193,R  ,1/8/2026 12:38,202.7,0.0,ACC,,the customer was charged a payment rejection fee while they had money in their account .,Rejection Fee Dispute,0.95,Outcome pending – DB check required.
1792080,J  ,1/12/2026 18:14,202.7,0.0,ACC,,"Hi 
Please credit the Following Rejection Fees
incorrect Easy Pay ref was used when customer paid at Checkers 
Delayed payment and debit rejected 
Regards ",Rejection Fee Dispute,0.97,Outcome pending – DB check required.
1803147,J  ,1/28/2026 15:55,202.7,0.0,ACC,,"Good Day 

please note, customer was debited before his due date which is the 31st 
but account went of on the 29th of November, he is disputing the rejection Fee.

consulted TL and confirmed i can credit.

amount to credit is 202.70

thank you",Rejection Fee Dispute,1.0,Outcome pending – DB check required.
1806635,J  ,2/4/2026 14:05,202.7,0.0,ACC,,"Customer had incurred rejection fee billed due to the incorrect information given when last payment was done 12/8/2025 r2571.02,was advised will then have a clear account,hence paid r800 as reflecting 1/20/2025.
and her new invoice was shortpaid r512.57 which had her incur a rejection.Customer adamant to pay the incurred service fee.",Rejection Fee Dispute,0.95,Outcome pending – DB check required.
1789275,R  ,1/7/2026 9:22,202.7,0.0,ACC,,"Good day,

Please assist with customer that was charged with rejection fee however, customer requested banking details to be updated and it was not done so byt the agent at the time resulting in the payment rejecting and customer being charged with the penalty fee. Customerwould like the fee to removed from current bill.

Kind Regards,",Rejection Fee Dispute,0.95,Outcome pending – DB check required.
1776057,R  ,12/7/2025 15:18,225.31,0.0,ACC,,"225.31 (debit order rejection fees )
387.19 ( november insurance fees ) insurance fees as customer requested her insurance to be cancelled when she did  a renewal which was in September 2025 last bill was supposed to be end october 2025 
1360 ( October and november device obligations ) customer did a renewal in September 2025 as her contract was due for renewal then however she is nowe dcharged device obligation which she was notr supposed to be charged. end of september she was supposed to charged last invoice on the old contract and end of october she was supposed to be charged the invoice for the new contract without device obligations and then the customer budgeted for the devit order of the new contract but still on the october bill still showed charges for cancelled insurance and device obligations 

now this customer is complainng that we failing to finx this she will escalate this to the CEO as her husband plays cold with the CEO

supporting documents attached on crm  

regards ",Rejection Fee Dispute,0.99,Outcome pending – DB check required.
1776509,J  ,12/9/2025 9:18,202.7,0.0,ACC,,The customer is disputing the rejection fee because they are incorrectly charged.,Rejection Fee Dispute,0.99,Outcome pending – DB check required.
1791410,J  ,1/10/2026 9:11,405.4,0.0,ACC,,"Billing Case
 
Affected Number:
 0814814226
Alternative Number:
 0763184509
Customers Name:
 Portia Sindiswa Mthethwa
ID Number:
 9102050607089
Billing Arrangement:(If Applicable)
 339428910
FA ID Number:(If Applicable)
 504483705
What have you tried:
 customer was not debited on the 8/30/2025 and the 12/31/2025 and customer had funds in her account and now customer wants to dispute the two penalty fee charged on the account as 202.70 multiply by 2=405.4

the amount of R405.4 is what should be disputed as the bank statement is also attached as proof that customer had funds in her account ",Rejection Fee Dispute,0.95,Outcome pending – DB check required.
1791532,J  ,1/10/2026 10:06,682.7,0.0,ACC,,"From: Aston Pillay <Aston.Pillay@rewards.co.za> 
Sent: Monday, January 5, 2026 11:44 AM
To: Nande Siphika (N) <SiphikN@telkom.co.za>; Alley Manikum (A) <RaghunA1@telkom.co.za>; Emily Makondo (E) <Makonde@telkom.co.za>; Joseph Lebepe <joseph@globalmobile.co.za>; Lizzy Kutumela <lizzy@globalmobile.co.za>
Cc: Nthabiseng Phasha (N) <PhashaMN@telkom.co.za>; Winifred Motsele (W) <motselw@telkom.co.za>; Tokozani Nqezo (T) <NqezoT@telkom.co.za>; Lucky Hlophe <LuckyH@rewards.co.za>
Subject: Re: Case: 89752876

EXTERNAL EMAIL: Do not click any links or open any attachments, unless you trust the sender and know that the content is safe.
 

________________________________________
Hi Nande,

The collection was done.

Kindly note that when devices are collected from customers the team at DLM do not provide us with updates.

View Case: 89752876
------------------------------------------------

Device Obligation / Carryover: 20.00x3 = R60
Device Obligation / Carryover: R420.00
Backout payment: R202.70
Total: R682.70",Rejection Fee Dispute,0.88,Outcome pending – DB check required.
1779407,R  ,12/15/2025 9:16,202.7,0.0,ACC,,Disputing the rejection fee because customer paid and was debited again after the payment had reflected,Rejection Fee Dispute,0.99,Outcome pending – DB check required.
1776435,J  ,12/8/2025 16:06,202.7,0.0,ACC,,"Affected Number:  0815996681

Alternative Number:  0763092718

Customers Name:  BONOLO  SEITLHEKO 

ID Number: 9904071420081

Billing Arrangement:(If Applicable) 345289203

FA ID Number:(If Applicable)  510302160

What have you tried: Customer had enough funds to her account

Additional information:  Customer would like to dispute rejection fee for September 2025 because she had enough funds to her account",Rejection Fee Dispute,0.95,Outcome pending – DB check required.
1776962,J  ,12/9/2025 18:13,202.7,0.0,ACC,,"affected number: 0676694200
SHAQEELAH KING
9704110798087
shaqeelah11@gmail.com
0621347464
30 CROWLEY ST, BLANCO, 

customer called to cancel contract, reason was overcharged in March ... probed what happened customer says submitted bank statement at branch, had funds in account then but incurred unpaid debit order fees resulted in high billing ... also did not understand why was charged for the other months .... advised was suspended from using the service but billing doe snot stop ... advised to send me bank statement from March to-date so we can log disputes in that regard 

>>>>>
customer sent bank statement shows had funds available at the time of debit order, it did not collect on the system shows returned unpaid as such incurred unpaid debit order fees .. reversing charge Backout payment  202.70 Period:4/1/2025-4/30/2025

Late payment Interest 0.41 Period: Period:

same applied in May Backout payment 202.70 and Late payment Interest 20.47 Period: 6/1/2025-6/30/2025

Late payment Interest 25.73 Period:7/1/2025-7/31/2025

Late payment Interest 27.51 Period: 8/1/2025-8/31/2025

Late payment Interest 25.79 Period: 9/1/2025-9/30/2025

also Oct funds werw available but deduction returned unpaid Backout payment 202.70 and Late payment Interest 4.51 Period: 11/1/2025-11/30/2025",Rejection Fee Dispute,0.95,Outcome pending – DB check required.
1804578,J  ,1/31/2026 9:51,202.7,0.0,ACC,,"the customer would like to cancel the contract , the reason for canceling is the billing offered to credit the customer rejection fee to retain her and changin her package because she was not told of the packaging that it is an open plan offered her the downgrade 
= the person that offered her the package promoised to call her but did not call her and the prime vedio was not advised to the customer ",Rejection Fee Dispute,0.95,Outcome pending – DB check required.
1778920,R  ,12/12/2025 15:51,202.7,0.0,ACC,,"Good Day

May you assist with bill dispute as customer clamis they had funds on their bank account, end of Octomer 

Dispute amount R 202.70
FA: 504367245
Ban: 0768097831

Regards
Telkom Howick",Rejection Fee Dispute,0.85,Outcome pending – DB check required.
1780888,J  ,12/17/2025 15:40,241.59,0.0,ACC,,The customer is disputing the rejection fee and late payment interest because they were incorrectly charged,Rejection Fee Dispute,0.99,Outcome pending – DB check required.
1791872,J  ,1/12/2026 12:35,202.7,0.0,ACC,,"affected number: B250027622
contact number: 0842638249
ID: 9102050088082
FA: 509786127
BAR: 344772541
more info: The customer was charged a rejection fee when she had funds on the account.
- BS attached",Rejection Fee Dispute,0.95,Outcome pending – DB check required.
1795510,J  ,1/15/2026 13:57,210.75,0.0,ACC,,customer debit rejected as they were charged event billing that they were not aware of and was credited and now they were charged late payemnt and rejection fee,Rejection Fee Dispute,0.95,Outcome pending – DB check required.
1776703,J  ,12/9/2025 12:58,405.4,0.0,ACC,,"345204869
TIN4103518
reececonsulting@telkomsa.net

Customer is requesting to cancel the mailbox due to unpleasant events that occured on this account regarding billing of the  account.

Customer states that apparently the agent who assisted her with opening this account had put in bank details that dont belong to her wich resulted to account payment  rejected and account accumulated extra charges due to debit orders not going through.

Apparently the problem was resolved on the 25th of September 25 with credit passed on the aacount and correct bank details updated and confirmed. Customer never received any debit mandate therefore  account continued being billed for debit rejections and reconnection fees which the customer is disputing. The customer is supposed to be billed : R15.82 for the mailbox account  but she is being more because of penalty fees.

Payment Rejection fee 182159401 03 Oct 25 R 202.70
Payment Rejection fee 182159401 04 Nov 25 R 202.70",Rejection Fee Dispute,0.97,Outcome pending – DB check required.
1804947,J  ,2/2/2026 11:01,202.7,0.0,ACC,,customer called to dispute their bill in november the account was debited on the 29 which is not their payment date customer is disputing the debit order rejection fee of R202.70 on their bill ,Rejection Fee Dispute,1.0,Outcome pending – DB check required.
1786132,R  ,12/29/2025 10:28,202.7,0.0,ACC,,R202.70 incorectly charged as telkom debited money on the wrong date as customers bank account did have money at time of debit,Rejection Fee Dispute,0.97,Outcome pending – DB check required.
1789326,R  ,1/7/2026 9:55,1.0,0.0,ACC,,"Good day 
Customer would like to dispute the amount of R202.70 her account was debited on the 20th December successfully however there was second attempt on the 27th December which was returned back due to funds 
Billing Arrangement 344273387
Financial Account 509287961
",Rejection Fee Dispute,0.97,Outcome pending – DB check required.
1784799,R  ,12/24/2025 13:25,202.7,0.0,ACC,,"Customer was supposed to be debited on 31 October 2025, had sufficent balance on her bank account to cover the debit amount which did not occur, resulting in a payment rejection fee of R202.70 in which the customer requests a refund of ",Rejection Fee Dispute,1.0,Outcome pending – DB check required.
1790247,J  ,1/8/2026 9:04,202.7,0.0,ACC,,"
Billing Template
Affected Number:0751360695
Alternative Number: 0823615853
Customers Name: NYELETI MAKHOBA
ID Number:9502090281086
Billing Arrangement:345014727
FA ID Number:510027848
What have you tried: checked the profile
Additional Information: the customer disputes the rejection fee R202.70

The rejection fee of R202.70 of June (29/11/2025)",Rejection Fee Dispute,1.0,Outcome pending – DB check required.
1791538,R  ,1/10/2026 10:46,202.7,0.0,ACC,,"Good day

Kindly assist customer was advised to make a manual payment on the 29/10/25 and she made the payment but the debit order also went through which she reversed becaseuse she already made a payment customer was charged rejection fee and she wants the charges to be reversed",Rejection Fee Dispute,0.97,Outcome pending – DB check required.
1791695,J  ,1/12/2026 9:26,202.7,0.0,ACC,,"Customer made the payment on the account before the debit order date , but it was not 10days before it was withinn the 10 days , please assist with crediting the customer the 202.70",Rejection Fee Dispute,0.95,Outcome pending – DB check required.
1791890,R  ,1/12/2026 13:06,202.7,0.0,ACC,,"Good day
Kindly assist to clawback rejection fee charged. The debit order was rejected for and there were funds  in the account. Please see the attached bank statement",Rejection Fee Dispute,0.97,Outcome pending – DB check required.
1792602,R  ,1/13/2026 15:46,202.0,0.0,ACC,,kindly assist with debit rejection fees as customer was charged R202 on her account however there was money in the account.,Rejection Fee Dispute,0.97,Outcome pending – DB check required.
1798890,R  ,1/22/2026 11:04,1000.0,0.0,ACC,,"Payment arrangement.
 
Customer Query :
Customer would like a payment arrangement.
Affected Number:
 0691034305
Alternative Number:
 0713402171
Customers Name:
 Zanoxolo Malova
ID Number:
 7709185653085
Billing Arrangement:
 343720674
FA ID Number:
 508735876
Status of account:
Suspended, active and the account is in collection 
Amount in Collection:
 R5,667.57
Additional Information:
Customer did not agree on the plan, customer can only afford to pay R 1000. inclusive of the subscription fee.
Customer agreed on the plan (30/30/40):
No",Rejection Fee Dispute,0.95,Outcome pending – DB check required.
1803733,J  ,1/30/2026 9:31,202.7,0.0,ACC,,"Billing Case
Affected Number:
0704781122
Alternative Number:
0827681245
Customers Name:
josephine masenya
ID Number:
6604010099086
Billing Arrangement:
344788378
FA ID Number:
509801964
What have you tried:
Customer is disputing the rejection fee of 202.70 as they had enough fund on their account on  29/11/25",Rejection Fee Dispute,1.0,Outcome pending – DB check required.
1777085,J  ,12/10/2025 11:16,202.7,0.0,ACC,,"customer is disputing the rejection fee which is charged on his current invoice since he paid manually due to the change of banking details and was debited on an old account 
which caused debit to bounce ",Rejection Fee Dispute,0.99,Outcome pending – DB check required.
1779279,J  ,12/14/2025 15:03,202.7,0.0,ACC,,"The customer was charged a Rejection Fee for a cancelled account however 
the customer has already made all necessary payments,
therefore the Rejection Fee had to be credited.",Rejection Fee Dispute,0.95,Outcome pending – DB check required.
1779805,J  ,12/17/2025 8:43,176.26,26.44,DEB,DCK,"Customer was billed a rejection fee, customer had already payed extra to cover for rejection fee, customer is desputing rejection fee",Rejection Fee Dispute,0.95,Outcome pending – DB check required.
1796907,R  ,1/20/2026 14:09,202.7,0.0,ACC,,Please assist as customer dispute R202.70 for payment rejection fee as she says her money was in the account on the 15th and that it is not her fault that Telkom did not get the money and she had to do manual payment,Rejection Fee Dispute,1.0,Outcome pending – DB check required.
1776735,J  ,12/9/2025 14:17,226.11,0.0,ACC,,"View case 75429708 - credit was approved/Fraud:

Late payment Interest - 01 Dec 23: R23.41
Payment Rejection fee - 03 Jan 24: R 202.70 
Total: R226.11",Rejection Fee Dispute,0.97,Outcome pending – DB check required.
1795668,R  ,1/15/2026 15:29,202.7,0.0,ACC,,BACKOUT FEE - 202.70,Rejection Fee Dispute,0.95,Outcome pending – DB check required.
1797226,J  ,1/18/2026 12:53,216.06,0.0,ACC,,"Billing Case
 
Affected Number:
0812162060
Alternative Number:
0812162060
Customers Name:
Pulane  Gladys  Seokoma
ID Number:
7211150943088
Billing Arrangement:(If Applicable)
336523305
FA ID Number:(If Applicable)
502676609
What have you tried:

Additional Information:
Customer was charged a rejection fee of 202.70 but they had sufficient funds in the account 

POP sent to TM SOC Billing:
Bank statement attached 

Account subscriptions & once-off R 216.06




",Rejection Fee Dispute,0.97,Outcome pending – DB check required.
1799721,R  ,1/24/2026 9:16,202.7,0.0,ACC,,"Good Day 

Please Assist  with credit R 202.70 as customer had funds availible  on the 25th please see bankstatments attached but telkom did not debit then customer made mannuel payment  on the 05 01 2026 when he realized payment was not debeted ",Rejection Fee Dispute,0.95,Outcome pending – DB check required.
1777576,J  ,12/11/2025 13:56,202.7,0.0,ACC,,customer would like to dispute 202.70 payment rejection fee for august backout as debit date was captured incorrectly to the last day of the month whereas customer requested date to be the 20th ,Rejection Fee Dispute,0.97,Outcome pending – DB check required.
1791182,R  ,1/9/2026 9:49,202.7,0.0,ACC,,"Rejection Fee

Dispute Group: Subscription
Credit Reason: Subscription – FA 

Billing Template	 
Affected Number:	 0694894113
Alternative Number: 0828984660
Customers Name:	 LUNGILE SIMELANE
ID Number : 9205010199087
Billing Arrangement: 340415986	 
FA ID Number:	 505470779
What have you tried: I went to check on the customers statement saw that yes, she did make a payment on the 31st as said I have asked the customer to send me proof that invoice was sent on the ten od December along with the statement customer forwarded the whole email 
Additional Information: customer says she didn't receive her statement in time for November so she says she only received her statement in November stating that she was supposed to pay on the 29 November while else she made a payment on the 31 of November because she saw that Telkom was not debiting her so she is disputing the rejection fee because she didn't get the invoice on time stating that she will be debited on the 29th",Rejection Fee Dispute,0.99,Outcome pending – DB check required.
1791839,J  ,1/12/2026 11:39,202.7,0.0,ACC,,"The customer went to make a payment of R150.00 and used the incorrect reference number which reads - 9202114177005042452. This payment was made on the 26/11/25 reason was because he wanted to be debited less on the 15/12, customer came to rectify the issues sent pop to documents but the payemnt was alloacted late

customer want to dispute the rejection fee as he sent the pop to documents but payment was not allocated in time",Rejection Fee Dispute,1.0,Outcome pending – DB check required.
1793969,R  ,1/14/2026 12:10,202.7,0.0,ACC,,"Hi,

Kindly assist with debit order rejection fee of 31 Oct 2025 & 31 December 2025, customer was wrongfully charge and want an accredit on her account. Customer was billed based on subsciption and customer only had the money that she though telkom is going to deduct their accredit the subcription on her account but not debit order rejection please assist.",Rejection Fee Dispute,0.97,Outcome pending – DB check required.
1797082,J  ,1/17/2026 11:58,202.7,0.0,ACC,,cx says she wants to dispute the rejection fee of 202.70,Rejection Fee Dispute,1.0,Outcome pending – DB check required.
1804708,R  ,2/1/2026 9:53,202.7,0.0,ACC,,"Good day 

customer was charged 202.70 rjection fee and he had money in his account but he was never debited ",Rejection Fee Dispute,0.95,Outcome pending – DB check required.
1791966,J  ,1/12/2026 14:33,202.7,0.0,ACC,,"The customer was originally subscribed to the Uncapped LTE 20Mbps plan at R449 per month. In September, the customer was offered a migration to the Uncapped LTE 10Mbps plan at R299 per month. However, instead of migrating the existing contract, the agent processed a new provide, resulting in an additional service being created in error.

Findings 06/10/2025:
The original 20Mbps uncapped plan (Service Number: 067 211 4480) was cancelled.
Order Number: 2650773528A

25/10/2025: Telkom attempted to debit R449 from account 345395770.
The debit was unsuccessful; however, the customer subsequently made a manual payment of R658.

As per Case 90793759, a credit of R449 rental (due to no usage) was applied, including interest and the debit order rejection fee.
The remaining credit balance of R658.56 was transferred from FA 510408728 to FA 510627621.

Account 510627621:
A debit order of R299 dated 31/10/2025 was unpaid.",Rejection Fee Dispute,0.97,Outcome pending – DB check required.
1791975,J  ,1/12/2026 14:49,260.21,0.0,ACC,,"7502130284084
0768872059
molatelo moabelo
7 GRABOUW RD 
NELLMAPIUS 0122 

was only meant to pay R409.00 but she was debited the full amount and as a result the debit order rejected, customer wants a credit.
now the customer keeps on geeting panalty fees 
R260.21
R202.70 
R9.11",Rejection Fee Dispute,0.88,Outcome pending – DB check required.
1798759,R  ,1/21/2026 17:38,20270.0,0.0,ACC,,"Affected Number:0815181868
Alternative Number:0792700660
Customers Name:PROFFESSOR MTSHALI
ID Number:9902036388088
Billing Arrangement:340767614
FA ID Number:505822405 
Customer changed his banking details on beginning of  Novermber 
and was told they will be effective on the end of november, but that did not happen and on December 
he was charged the rejection fee because he was not debited on the new banking details.
",Rejection Fee Dispute,0.95,Outcome pending – DB check required.
1783575,J  ,12/19/2025 18:08,202.7,0.0,ACC,,"Affected Number: 0814360199   
Customers Name:  thinawanga andrea ramagoma
ID Number: 9003130890085
Billing Arrangement: 340936767
FA ID Number: 505991558


Customer is disputing rejection fee for October debit she had funds in her bank account 
Proof of payment provided ",Rejection Fee Dispute,0.95,Outcome pending – DB check required.
1784050,J  ,12/22/2025 11:25,202.7,0.0,ACC,,"Billing Template
 
Affected Number:
0680413931
Alternative Number:
0732544151
Customers Name:
THOMPHO MUDAVHI
ID Number:
9203180642085
Billing Arrangement:(If Applicable)
344248510
FA ID Number:(If Applicable)
509263248
What have you tried:
customer is disputing the rejection fees charged on Dec because they had enough funds on their account on the 15th of Nov",Rejection Fee Dispute,1.0,Outcome pending – DB check required.
1793843,R  ,1/14/2026 10:10,202.7,0.0,ACC,,customer is disputing a rejection fee which is wrongfully billed since she agreed to be debited on the 15th and was debited on the last day of the month,Rejection Fee Dispute,0.95,Outcome pending – DB check required.
1795293,J  ,1/16/2026 9:17,209.34,0.0,ACC,,"kindlybe advised that customer was rejection fee mean while they were given wrong information from the store and call center customer requested an amount to be paid on the 29/12/2025 but they were advised that they must not pay cause invoice shows -R1 and also invoice shows -R1 so customer is disputing that rejection fee of R209.34 ,also checked if customer called in they did on the 29/12/2025 please also listen to the call recording 

GIFT NYIKO
2047 house no 
MESSINA 0900 
MUSINA 
LIMPOPO 
SOUTH AFRICA 
0721586207
dpa passed
hlophet4
customer wanted the balance
RETENTION PURPOSE",Rejection Fee Dispute,0.99,Outcome pending – DB check required.
1795300,J  ,1/16/2026 10:27,52.88,0.0,ACC,,"customer was short credited by system 
credited R176.26 instead of R202.70
and left behind 26.44*2",Rejection Fee Dispute,0.88,Outcome pending – DB check required.
1796545,J  ,1/16/2026 14:41,202.7,0.0,ACC,,"Customer advise that she went to the telkom store to change the banking but she was not advise on the effective of the banking detalis which result to a backout 

Credit amount is 202.70 ",Rejection Fee Dispute,0.95,Outcome pending – DB check required.
1797960,J  ,1/20/2026 12:00,202.7,0.0,ACC,,"Customer was supposed to be billed on 31 October 2025, had more than sufficient balance for Telkom to deduct even though the deduction did not take place, resulting in a debit order rejection fee.",Rejection Fee Dispute,0.97,Outcome pending – DB check required.
1805229,O  ,2/3/2026 14:40,202.7,0.0,ACC,,"Greetings 

Please kindly assist with waving of rejection fee charges as customer changed banking details in november and paid manually before debit date.

Kind Regards",Rejection Fee Dispute,0.95,Outcome pending – DB check required.
1778467,J  ,12/11/2025 17:32,477.56,0.0,ACC,,"DAVID SIKONDE
Customer requested to remove the debit order, and was provided with ref: 10575250. He is requesting the service fees chrges be leared as has been paying manually.

Passed dpa 
wanted to remove debit order as the person who is laible to pay the account is no longer working the there is no money that will come through on the bank acccount customer would like for debit order to be closed therewill make manual payment. maphunp4

logged IT 10575350

Reconnection Fees 29 Nov 25 R 260.21
Payment Rejection fee 250752762 02 Dec 25 R 202.70Late payment Interest 345319673 09 Dec 25 R 14.65*
Tota=R477.56",Rejection Fee Dispute,0.97,Outcome pending – DB check required.
1796923,J  ,1/21/2026 9:17,206.85,0.0,ACC,,"
Billing case
 
Affected Number:
0614489207
Alternative Number:
0781311056
Customers Name:
Nthuthuzelo Vundla 
ID Number:
8811095545085
Billing Arrangement:(If Applicable)
339920414
FA ID Number:(If Applicable)
504975208
What have you tried:
Customer was charged a rejection fee but they had enough funds in the account 
Additional Information:

Description Service/No Reference Date/Period Payment Rejection fee 104031483 02 Dec 25 R 202.70Late payment Interest 339920414 01 Jan 26 R 4.15* Subtotal R 206.85
POP sent to TM SOC Billing:
Bank statement attached 
",Rejection Fee Dispute,0.97,Outcome pending – DB check required.
1793638,J  ,1/13/2026 15:21,176.26,26.44,DEB,DCK,"Affected Number: 0751188648 & 0752209086
Alternative Number: 0631512179
Customers Name: PHUTI NGOEPE
ID Number: 9703240431080


Additional Information: Customer state that she advised that her debit order should be on the 20th, but it was placed on last day of the month. The customer has been penalized a rejection fee which he is disputing. 

Advised the customer that the charge will be credited due to the store agent's mistake.",Rejection Fee Dispute,0.95,Outcome pending – DB check required.
1795407,J  ,1/15/2026 15:13,202.7,0.0,ACC,,Customer is disputing the rejection fee charged for the month of December ,Rejection Fee Dispute,1.0,Outcome pending – DB check required.
1789131,J  ,1/6/2026 13:14,202.7,0.0,ACC,,"Billing Template
 
Affected Number:
 0692712329
Alternative Number:
 0765433382
Customers Name:
 ANTHEA JEFTHAS
ID Number:
 8711220085082
Billing Arrangement:(If Applicable)
 339891378
FA ID Number:(If Applicable)
 504946172
What have you tried:
 Checked customer's account and confirmed that customer had sufficient funds on account to be debited 
Additional Information:
Customer is disputing rejection fee",Rejection Fee Dispute,0.95,Outcome pending – DB check required.
1800973,J  ,1/28/2026 13:54,908.41,0.0,ACC,,"customer debit orde rejected from october,november and december but on the bank statement it shows the was funds on the account 
customer is disputing debit rejection fees, late payment and reconnection fees 
3x 202.70=608.10   + 1x 260.21 + 22.36+7.46+10.28= R908,41",Rejection Fee Dispute,0.99,Outcome pending – DB check required.
1806400,O  ,2/4/2026 9:25,202.7,0.0,ACC,,"Please assist with creditng customer R202.70, customer's debit order date is set for the last day of the month but customer was debit on the 25th of january and when the debit order was rejected she was charged the rejection fee, please no that the customer only gets paid on the 26th of the month hence the debit order date is the last day of the month",Rejection Fee Dispute,0.99,Outcome pending – DB check required.
1786338,J  ,12/31/2025 14:58,203.75,0.0,ACC,,"Billing Template
 
Affected Number:
0658611233
Alternative Number:
0746710684
Customers Name:
Thato Matshabisa
ID Number:
9009241348087
Billing Arrangement:(If Applicable)
343763832
FA ID Number:(If Applicable)
508779034
What have you tried:
customer is disputing the rejection fee due to it being charged for wrongful charge of susbscription
Additional Information:
customer is disputing rejection fee",Rejection Fee Dispute,0.99,Outcome pending – DB check required.
1799306,J  ,1/23/2026 10:16,202.7,0.0,ACC,,"CX would like to dispute rejection fee 

customer says he was not advised about late debit for Dec",Rejection Fee Dispute,0.95,Outcome pending – DB check required.
1784583,J  ,12/23/2025 14:12,462.91,0.0,ACC,,"On the 7th of november 2025 the customer called to change the payment date from 25 to the 31st assisted by phumzile msimango and the customer was not alerted that there will start debiting from the following month
On the 14 of november 2025 the same agent credited the customer 467.75 and where else i cannot figure out the reason

Quoted are the case logged and credit applied

Activity    Create Date    Login Name    Additional Information    
Incoming call
Contact Phone: +27682792893

Notes: GETRUDE RAMORWANE TLADI
Customer said has been told she is owing R500 and wants to know ehere it comes from. I checked on the system and she was charged for the reconnection and rejection fees, she is getting paid on the same day as of the debit order, said telkom debited before the salary was deposited by her employer. Customer is requesting the date be changed to the 31st.

Reconnection Fees 25 Sep 25 R 260.21
Payment Rejection fee 194164276 27 Sep 25 R 202.70Late payment Interest 343871055 04 Oct 25 R 4.84*
Total= R467.75                

Activity    Create Date    Login Name    Additional Information    
Incoming call

Notes: customer called in disputing the extra charges on their account because they had called in to change their debit date from the 25th to the last day of the month,
but the agent that was assisting them did not mention that the changes will take effect the following month and now they are charged late payment interesty and reconnection fees which they are disputing. 
    
she credited the customer the wrong amount        

As the customer was not given the right information the customer is not  liable to pay for the charges in the Billing Invoice 12/5/2025 which are Reconnection Fees 260.21+202.70=462.91",Rejection Fee Dispute,0.99,Outcome pending – DB check required.
1786725,J  ,12/31/2025 10:21,202.7,0.0,ACC,,"LOPANG  VIVIAN GANTANA
Customer wants to double check whether it is eflecting. Money is reflecing that paid on the 12/12/2025, but debit order went off with R202.70. Customer made a payment last month on time. She is requwesting the penalty charges be cleared.

Payment Rejection fee 223968339 03 Dec 25 R 202.70",Rejection Fee Dispute,0.99,Outcome pending – DB check required.
1787879,J  ,1/5/2026 16:27,201.75,0.0,ACC,,"Debit order rejection fees: 202.70
SIM and Connection Fee 31 Dec 25 R 201.75",Rejection Fee Dispute,1.0,Outcome pending – DB check required.
1786156,J  ,12/29/2025 10:52,176.26,26.44,DEB,DCK,"Customer had problems with their bank and made a manual payment, customer is desputing rejection fee",Rejection Fee Dispute,0.95,Outcome pending – DB check required.
1786417,J  ,1/6/2026 16:04,202.7,0.0,ACC,,"customer called to cancel, reason due to billing .... had requested the 2nd as the payment date only recently was told no option for the 2nd as a payment date and his payment date was set to the 5th ... due to the miscommunicatoon incured unpaid debit order fee as a result 

says has spoken to multiple people in this regard and has not received any help last resort would be to cancel .. as this has affecte dthe following month's billing and so forth resulting in multiple unpaid debit order being charged and feels unfair refusesd to be held liable as now contributes to high billing ,,, in an effort to retain reversed charges Backout payment 202.70Period: 11/1/2025-11/30/2025
",Rejection Fee Dispute,0.85,Outcome pending – DB check required.
1799192,J  ,1/22/2026 16:47,202.7,0.0,ACC,,"
 
Affected Number:
0753285032
Alternative Number:
0695491906
Customers Name:
SAMKELISIWE SHEZI
ID Number:
9509261226089
Billing Arrangement:(If Applicable)
344797617
FA ID Number:(If Applicable)
509811203
What have you tried:
Checked Customers FA id 
Additional Information:
Customer called in to dispute rejection fee.

I advised the customer we would not be able to dispute as payment was not made 10 working days prior.

Customer requested escalation as she was told to make manual payment by agent",Rejection Fee Dispute,0.95,Outcome pending – DB check required.
1803218,J  ,1/29/2026 8:33,202.7,0.0,ACC,,"the customer was charged a debit rejection fee where as she made a manual payment 10days before the payment date
the customers payment date is on the last day of the month and the cusomer made a payment on 15/12/2025",Rejection Fee Dispute,0.95,Outcome pending – DB check required.
1777668,J  ,12/11/2025 12:18,227.21,0.0,ACC,,"
Customer dispute charge cos was bill on the incorrect debit order date 

Payment Rejection Fee 109796161 03Oct 25 202.70
Late Payment Interest 335064007 01 Nov 25 R24.51
SubTotal: R227.21",Rejection Fee Dispute,0.97,Outcome pending – DB check required.
1777669,J  ,12/11/2025 12:21,210.67,0.0,ACC,,"Billing Case
 
Affected Number:
0677353948
Alternative Number:
0677353948
Customers Name:
Soomaya  Mlumbwa
ID Number:
9101270094086
Billing Arrangement:(If Applicable)
344028319
FA ID Number:(If Applicable)
509043324
What have you tried:
Customer was charged a rejection fee but had sufficient funds 
Additional Information:
Payment Rejection fee 199213027 28 Oct 25 R 202.70Late payment Interest 344028319 01 Nov 25 R 7.97* Subtotal R 210.67
POP sent to TM SOC Billing:
Bank statement attached
",Rejection Fee Dispute,0.97,Outcome pending – DB check required.
1794375,R  ,1/15/2026 9:55,205.22,0.0,ACC,,"The customer was incorrectly billed of a R400 and credited of the very same amount R410. 
And she's being penalised of the rejection fees of R205.22 becuase of that  amount. ",Rejection Fee Dispute,0.97,Outcome pending – DB check required.
1789160,R  ,1/6/2026 14:54,202.7,0.0,ACC,,Backout fee - 202.70,Rejection Fee Dispute,0.95,Outcome pending – DB check required.
1790469,R  ,1/8/2026 12:20,202.7,0.0,ACC,,"On the 27th of December, customer had an amount of R776.05 on her bank account and telkom attempted to debit an amount of RR599.00 which backedout.

Therefore, i am disputing the rejection fee as customer had more than enough for telkom to debit.",Rejection Fee Dispute,1.0,Outcome pending – DB check required.
1790503,R  ,1/8/2026 12:39,202.7,0.0,ACC,,"Good day 

Kindly assist with disputing debit order rejection fee as customer has been trying to update her banking details on the website as well as in store however it gives an error 

Kind regards ",Rejection Fee Dispute,0.99,Outcome pending – DB check required.
1791869,J  ,1/12/2026 12:30,610.59,0.0,ACC,,"Billing Case
 
Affected Number:
0691012646
Alternative Number:
0607976049
Customers Name:
Julenda Ntsokgolo
ID Number:
9609280489088
Billing Arrangement:(If Applicable)
345138906
FA ID Number:(If Applicable)
510151953
What have you tried:
Additional Information:
Customer was charged a rejection fee of 202.70 but they had sufficient funds in the account 
POP sent to TM SOC Billing:
Bank statement attached 


",Rejection Fee Dispute,0.97,Outcome pending – DB check required.
1792472,J  ,1/13/2026 10:46,202.91,0.0,ACC,,"Name:TYLER ALEXANDER TROMP
ID:0402166224087
Contact No:0750975757
Affected No: 0684218150
FA ID:509896006
Bill Arr:344882420
Customer had enough finds to be debited an amount of R392.56 on the 29th of November 
Th rejection fee that had been disputed on the 5th of December had been done to disoute the rejection fee the cx had been charged for the backout on the 1st of November 
Bank statement attached  ",Rejection Fee Dispute,0.95,Outcome pending – DB check required.
1791497,J  ,1/9/2026 17:31,202.7,0.0,ACC,,"Good Day 

Customer was debit on the 29 Nov and the was money on his account and the debit said  Eft Debit Order Insufficient Funds Fee please waive the R202.70 as the was money on his account when telkom was debiting ",Rejection Fee Dispute,0.97,Outcome pending – DB check required.
1803346,J  ,1/29/2026 17:45,202.7,0.0,ACC,,"Customer wants to know when their payment date is , advised that the payment date is the last day of the month

The customer states that they being billed backout fees

Customer states that they are tired of the backout fees as they can't afford it. Customer very irate. Credit of 202.70 will be passed",Rejection Fee Dispute,0.95,Outcome pending – DB check required.
1797401,J  ,1/19/2026 11:56,202.7,0.0,ACC,,customer disputing payment rejection fees because they debit him on the wrong date ,Rejection Fee Dispute,0.97,Outcome pending – DB check required.
1787335,J  ,1/3/2026 13:20,202.7,0.0,ACC,,Customer was debited on 31 October 2025 an amount of R209 with a balance of R2210.83 in her account from which telkom did not deduct resulting in a payment rejection fee of R202.70 to be added on her bill on 31 December 2025. please see attached bank statement fo reference,Rejection Fee Dispute,1.0,Outcome pending – DB check required.
1798795,J  ,1/22/2026 8:23,202.7,0.0,ACC,,"Good day 
from the begining of the contract the debit order date was suppose to be on the 25th 
customer is disputing the rejection debit order fee",Rejection Fee Dispute,0.95,Outcome pending – DB check required.
1803352,R  ,1/30/2026 9:49,202.7,0.0,ACC,,Good day customer is disputing the 202.70 charged as they had funds in their account towards their debit date.Please assist with waiving t he charges in the account. Please find attached customers bank statement,Rejection Fee Dispute,0.95,Outcome pending – DB check required.
1791570,R  ,1/10/2026 13:16,202.7,0.0,ACC,,"Good day

Please assist as customer was advised to reverse her debit order of R2,389.85 from the call centre as Telkom billed her incorrectly so she cant be held liable for the rejeection fee of R202.70.

Regards
Shanae",Rejection Fee Dispute,0.88,Outcome pending – DB check required.
1793802,J  ,1/14/2026 13:59,202.7,0.0,ACC,,Cusntomer paid and was debited same day. Disputing the rejection fee,Rejection Fee Dispute,0.99,Outcome pending – DB check required.
1797131,R  ,1/17/2026 14:00,338.7,0.0,ACC,,"Good day 

Customer has been paying account on time however debit order still goes off and now charging rejection fees. attached payment of R136 hasnt reflected yet rejection fee was changer can you please credit customer account as payments are doen and debits arent consistent therefore customer pays in store ",Rejection Fee Dispute,0.97,Outcome pending – DB check required.
1798379,R  ,1/20/2026 14:19,1.0,0.0,ACC,,"Payment Agreement

 

Customer Query :

Customer would like a payment agreement

Affected Number:

 0670402596

Alternative Number:

 0670402596

Customers Name:

 Lethabo Maakamedi


ID Number:

 0203115549081

Billing Arrangement:

 345311624

FA ID Number:

 510324581

Status of account:

Out Of Collection - on Trial

Amount in Collection:

 0.00

Additional Information:

Customer agree on the plan, Customer can to pay R500inclusive of the subscription fee.

Customer agreed on the plan (30/30/40):

 No",Rejection Fee Dispute,0.95,Outcome pending – DB check required.
1798421,J  ,1/20/2026 16:00,202.7,0.0,ACC,,Customer missed apayment for the first tim advised i will credit the rejection fee but next time he needs to call advise what is happening ,Rejection Fee Dispute,0.95,Outcome pending – DB check required.
1782796,J  ,12/22/2025 14:22,405.4,0.0,ACC,,"client was billed for a Payment Rejection fee 173762980 02 Dec 25 R 202.70 and was not advised about the rejection fees
and was told abount the rejection fees 
Payment Rejection fee 173762980 02 Nov 25 R 202.70
Payment Rejection fee 173762980 02 Dec 25 R 202.70
",Rejection Fee Dispute,0.99,Outcome pending – DB check required.
1782802,R  ,12/22/2025 16:37,608.1,0.0,ACC,,"Customer changed banking details from Capitec to FNB and she went Ballito with proof of banking details , customer was given incorrect information that it will done in few months and she can pay cash for now .
I have changed banking details today and this customer has been charged R202.70 X 3 months already September , October and November 2025",Rejection Fee Dispute,0.97,Outcome pending – DB check required.
1792008,J  ,1/12/2026 14:52,9.11,0.0,ACC,,"7502130284084
0768872059
molatelo moabelo
7 GRABOUW RD 
NELLMAPIUS 0122 

was only meant to pay R409.00 but she was debited the full amount and as a result the debit order rejected, customer wants a credit.
now the customer keeps on geeting panalty fees 
R260.21
R202.70 
R9.11
",Rejection Fee Dispute,0.88,Outcome pending – DB check required.
1792092,J  ,1/13/2026 8:24,260.21,0.0,ACC,,Customer is a pensioner and they had a problem in December with the credit limit advised i will credit since also they are pensioners out of discretion ,Rejection Fee Dispute,0.95,Outcome pending – DB check required.
1796769,R  ,1/16/2026 17:14,202.7,0.0,ACC,,Customer was charged twice for R202.70 Debit rejection 1/3/2026 ,Rejection Fee Dispute,0.97,Outcome pending – DB check required.
1803329,J  ,1/29/2026 13:13,211.96,0.0,ACC,,Customer came to the store to update new paymeans. It was created but not linked to the BAR as a result debit order failed. Credit the 202.70 plus 9.26 interest.,Rejection Fee Dispute,0.95,Outcome pending – DB check required.
1803358,R  ,1/30/2026 13:15,202.7,0.0,ACC,,"Affected Number: 0750849720
 
Alternative Number: 0687862562
 
Customers Name: GASTIGO ISAAC COSSA
 
ID Number: 8210025641082
 
Billing Arrangement:345218762
 
FA ID Number:510231719
 
What have you tried: cx called in saying he was charged 202.70 penalty fee charge while he had money in his account
 
Additional Information: i checked his bank statement and the was money in his account",Rejection Fee Dispute,0.95,Outcome pending – DB check required.
1806492,O  ,2/4/2026 10:26,202.7,0.0,ACC,,"The customer activated the contract on 25 November 2025 was supposed to be debited on the 15 December 2025 R488, However, Telkom deducted R488 on the 31 December 2025 when customer had an insufficient balance resulting in a late payment rejection fee of R202.70 which will be due on 15 Febuary 2026",Rejection Fee Dispute,1.0,Outcome pending – DB check required.
1789399,J  ,1/7/2026 13:15,202.7,0.0,ACC,,"Spoke to VUYISILE MAGUBANE, cell number 0844419423 _ The customer is disputing the account for credits to be passed onto the account, for the service fee charged for payment rejection fee, cost R202.70, on the Dec 2025 invoice, and the customer does not feel it's fair, as the customer debit order only went off for R406.42, due to debit order backout delayed and the customer already paid manually, as a once-off and courtesy and warning to the customer I am waivering / crediting the service fee ",Rejection Fee Dispute,0.99,Outcome pending – DB check required.
1784924,J  ,12/25/2025 11:27,202.7,0.0,ACC,,"Billing Case
 
Affected Number:
 0684003269
Alternative Number:
 0849957662
Customers Name:
 Palesa Pam  Libertina Madoa
ID Number:
 9106160311086
Billing Arrangement:(If Applicable)
 339491555
FA ID Number:(If Applicable)
 504546350
What have you tried:
 Customer is disputing the rejection fee 11/1/2025 back out fee customer says they had money in their account when the debit order took place but still the debit order backed out, I have requested the cx to sent their bank statement to check if there were funds in the cxs account . 

Additional Information:
 
POP sent to TM SOC Billing:
e.g. Yes or No",Rejection Fee Dispute,0.99,Outcome pending – DB check required.
1791096,J  ,1/8/2026 15:55,202.7,0.0,ACC,,customer changed debit date and then made a manual payment after she was not debited. reversed 202.70,Rejection Fee Dispute,0.95,Outcome pending – DB check required.
1791511,R  ,1/10/2026 8:46,202.7,0.0,ACC,,"Affected Number :0697030212
Alternative Number : 0693470353
Customers Name :dorothy tsatsi
ID Number : 7510210637089
Billing Arrangement :345577363
FA ID Number: 510590320

Additional Information : customer has payment bounced in november, customer says she had funds in her account and its not her fault so she is disputing rejection fee

investigated bank statement shows customer did have funds in her account",Rejection Fee Dispute,0.95,Outcome pending – DB check required.
1791690,J  ,1/12/2026 9:19,176.26,26.44,DEB,DCK,"Customer already made a payment

customer was still debited, customer is desputing rejection fee

",Rejection Fee Dispute,0.95,Outcome pending – DB check required.
1784035,R  ,12/22/2025 15:20,202.7,0.0,ACC,,"Good day

Please assist with justifying rejection fee as client always has money in her account and this is the second time that her account was not debitted and she had to make manual payments which results in rejection fees.
For both October and  November .",Rejection Fee Dispute,0.99,Outcome pending – DB check required.
1803572,J  ,1/29/2026 15:17,202.7,0.0,ACC,,Customer is a new customer and has incurred a rejection fee advised him next timne he wioll be liable so he must take it as a lesson ,Rejection Fee Dispute,0.95,Outcome pending – DB check required.
1805088,J  ,2/2/2026 14:26,202.7,0.0,ACC,,"Customer was billed for a contract on this account that is also billed on the account 503936156
Device fee was billed and debited on this account and subscription on the other account 
Customer credited the rejection fee of R202.70",Rejection Fee Dispute,1.0,Outcome pending – DB check required.
1782597,R  ,12/18/2025 13:47,470.91,0.0,ACC,,"ongoing disoute with billing , escalation sent multple times case 90710835 was closed yesterday with below notes 

General customer comment

Notes: Called customer on 0611107689 and advsie that they were credit 529 for the last month extra charge and we apologise for that and also advis ethat i have credited 202.70
telkom will debit 2,688.61
jan invoice without extar charges 2544",Rejection Fee Dispute,0.85,Outcome pending – DB check required.
1787342,J  ,1/3/2026 13:43,202.7,0.0,ACC,,"Customer states she was debited on the wrong account 
she states she came in store to update bank details but they were not updated 
when I check 
I did advise the customer to come in store to dispute the rejection fee

rejection fee she is disputing it is for the month of November that backed out ",Rejection Fee Dispute,0.99,Outcome pending – DB check required.
1791125,J  ,1/9/2026 7:54,207.87,0.0,ACC,,"Affected Number:0614238541
Alternative Number:0714208607

Customers Name:  Paseka Mqinebe

ID Number:  8604166316084

Billing Arrangement:340173540

FA ID Number:505228333

What have you tried:Checked on customer FA and BA , he has been charged
with rejection fee and late payment fee

Additional Information:Payment was made prior than debit day and it reflected
but he has been charged with rejection fee .

POP sent to TM SOC Billing:N/A",Rejection Fee Dispute,0.95,Outcome pending – DB check required.
1795738,J  ,1/15/2026 17:38,405.4,0.0,ACC,,Credit rejection fee due to the banking details being changed by an agent that was upgrading customers account changed the banking details without the customers permittion,Rejection Fee Dispute,0.95,Outcome pending – DB check required.
1798910,R  ,1/22/2026 11:18,202.7,0.0,ACC,,"Good Day 

Please kindly assit with a rejection fee the customer was charged for on the 15th of November 2025, he had money in his account howver the debit order was rejected.
Kindly credit the customers account.",Rejection Fee Dispute,0.95,Outcome pending – DB check required.
1800356,J  ,1/27/2026 17:14,202.7,0.0,ACC,,R202.70,Rejection Fee Dispute,0.97,Outcome pending – DB check required.
1800363,J  ,1/28/2026 9:57,405.4,0.0,ACC,,"Customer would like telkom to dispute rejection fee 
customer had funds on account August and October 
Statement attached 

Telkom keeps on rejecting debit from capitec",Rejection Fee Dispute,0.95,Outcome pending – DB check required.
1797010,J  ,1/17/2026 9:39,202.7,0.0,ACC,,"Billing Case

Affected Number: 0752291544
Alternative Number: 0784158742
Customers Name: Mr SIYASANGA GULWA
ID Number: 8707106002084
Billing Arrangement: 344468445
FA ID Number:509482753
What have you tried: Customer was debited on the 20/12/2025 R665.58 and it was rejected on the 23/12/2025, Customer was charged : Rejection fee 209973694 23 Dec 25 R 202.70 and it is customers first time getting rejected. 
Additional Information: customer is disputing the debit order rejection fee, will credit the customer rejection fee ",Rejection Fee Dispute,1.0,Outcome pending – DB check required.
1798069,J  ,1/20/2026 8:17,176.26,26.44,DEB,DCK,"Customer missed a payment, mandate was not done, customer is desputing rejection fee",Rejection Fee Dispute,0.95,Outcome pending – DB check required.
1777249,R  ,12/10/2025 16:14,202.7,0.0,ACC,,Disputing the rejection fee as the cx had funds on her account and was not debited,Rejection Fee Dispute,1.0,Outcome pending – DB check required.
1781548,R  ,12/16/2025 10:15,405.4,0.0,ACC,,"Good day

Please kindly assist with removing the penalty fees that have been added to the customer's account since October. In September, the debit order was successful but then in October she was billed a rejection fee which increased her debit order to 471.70. This amount was debited but then Telkom put the money back in the account, even though there was more than enough on the account. The same thing happened again in November, there was money in the account but the debit orders were not successful. I have attached the bank statement for to this case ",Rejection Fee Dispute,0.95,Outcome pending – DB check required.
1781599,R  ,12/17/2025 9:10,46291.0,0.0,ACC,,"client was billed for Payment Rejection fee 245377682 30 Nov 25 R 202.70
Reconnection Fees 29 Nov 25 R 260.21 and the billed was wrong from our side from the start of the  contract ",Rejection Fee Dispute,0.97,Outcome pending – DB check required.
1784909,J  ,12/25/2025 7:37,259.7,0.0,ACC,,customer was not debt and funds were in customers account rejection fee disputed ,Rejection Fee Dispute,0.95,Outcome pending – DB check required.
1785000,R  ,12/26/2025 15:54,202.7,0.0,ACC,,"Good day

Please assist with dispute of the R202.70 on the current invoice , the customers debit order was unsuccesful but he paid the following morning and he was advised that if he makes payment in less than 3 days prior to the debit order he can dispute the rejection fee.

kind regards
Surprise",Rejection Fee Dispute,1.0,Outcome pending – DB check required.
1786959,J  ,12/31/2025 16:03,202.7,0.0,ACC,,"Customer changed the banking details and he didnt received any mandate from telkom and now the cx is charged for the debit rejection fee amount.

disputed amount is R202.70",Rejection Fee Dispute,0.99,Outcome pending – DB check required.
1789464,J  ,1/7/2026 17:23,202.72,0.0,ACC,,rejection fee,Rejection Fee Dispute,0.95,Outcome pending – DB check required.
1799349,R  ,1/23/2026 13:42,202.7,0.0,ACC,,"Good day
Kindly assist with crditting debit rejection fee. Customer had enough amount to be debited
Bank statemet attached",Rejection Fee Dispute,0.95,Outcome pending – DB check required.
1799708,R  ,1/23/2026 16:10,202.7,0.0,ACC,,"Good day.

Kindly assist with disputing a rejection fee that was added to a customers bill in October. Customer provided a bankstatement that shows customer had funds in their account yet Telkom did not deduct, which let the customer to pay a rejection fee. Customer would appriciate if the rejection fee can be credited to the Telkom account.

Kind Regards",Rejection Fee Dispute,0.95,Outcome pending – DB check required.
1779689,J  ,12/15/2025 13:31,254.68,0.0,ACC,,Debit order rejection fees to be waived. Agent inserted incorrect amount.,Rejection Fee Dispute,0.99,Outcome pending – DB check required.
1781882,J  ,12/17/2025 11:42,202.7,0.0,ACC,,"Customer disputing the payment rejection fee that was charged , customer did did send the proof of account proving that account had funds when we attempting to debit.",Rejection Fee Dispute,0.95,Outcome pending – DB check required.
1787420,R  ,1/4/2026 11:18,202.7,0.0,ACC,,"Customers debit date is on the 25th of November 2025 , she had sufficent balance but she was not debited resulting to the 202.70 rejection fee ",Rejection Fee Dispute,0.97,Outcome pending – DB check required.
1789163,J  ,1/6/2026 15:17,176.26,26.44,DEB,DCK,"Affected Number: 0751343406
Alternative Number: 0631956907
Customers Name: Banele Bantu Teya
ID Number: 9803295938086
Billing Arrangement: 345616373
FA ID Number: 510629330

Additional Information: Customer is disputing the rejection fee as he advises that he was never advised on the rejection fee when the debit order has failed. But in this case, there is no attempt to debit the account on the customer's bank statement at all on the 05/11/2025. 

Charges to be credited.
",Rejection Fee Dispute,1.0,Outcome pending – DB check required.
1786421,R  ,12/29/2025 16:32,209.56,0.0,ACC,," Good day 

Can you please assist, the following customer has been charged an amount of R209.56 for a debit rejection fee that occured in October after she had changed her bank information. The details were updated and the debit order went off the wrong account and she went to make a manual payment

FA ID: 510582093
Customer ID: 263612443
FA ID: 510582093

Thank you",Rejection Fee Dispute,0.95,Outcome pending – DB check required.
1787256,J  ,1/3/2026 10:13,202.7,0.0,ACC,,"Customer would like to dispute rejection fee of 202.70
customer had funds on her account 

statement attached ",Rejection Fee Dispute,0.97,Outcome pending – DB check required.
1799442,J  ,1/26/2026 9:38,405.4,0.0,ACC,,"customer disputes the Rejection fee as they were not advised that they will be charged rejection fee 
advised customer will credit the two of the Rejection payment of R202.70 = R405,40",Rejection Fee Dispute,1.0,Outcome pending – DB check required.
1776912,J  ,12/9/2025 19:37,202.7,0.0,ACC,,"Billing Template 	
Affected Number: 0699537482
Alternative Number: 0649784570
Customers Name:NTHABISE MAKGALE
ID Number: 9105180523084
Billing Arrangement:(If Applicable): 345504690
FA ID Number:(If Applicable):510517648
What have you tried:	Customer  debit date was captured incorrect 
Additional Information:	 Customer want the rejection fee disputed",Rejection Fee Dispute,0.95,Outcome pending – DB check required.
1799121,J  ,1/22/2026 15:37,202.7,0.0,ACC,,The customer was debited on an incorrect date now she was charged the debit order rehection fee of R202.70 for the November 2025 instalment,Rejection Fee Dispute,0.97,Outcome pending – DB check required.
1801634,R  ,1/28/2026 16:32,202.7,0.0,ACC,,"Good Day 

Please assist with the above, The customer was charged 2x for the rejection fee for December. Please assist in dispute one of the 202.70 Charged in the customer Bill.

217986794,Miss MOSENNGWA  PHALATSI,Consumer
FA: 509620059",Rejection Fee Dispute,0.97,Outcome pending – DB check required.
1776127,J  ,12/8/2025 8:44,202.7,0.0,ACC,,Customer is disputing debit order rejection after failed debit order of an casnceled debit order card ,Rejection Fee Dispute,0.95,Outcome pending – DB check required.
1779350,J  ,12/15/2025 12:42,202.7,0.0,ACC,,"Billing Case
 
Affected Number:
0678835702
Alternative Number:
0682836293
Customers Name:
TANIA GOLIATH
ID Number:
7805230196086
Billing Arrangement:(If Applicable)
341386014
FA ID Number:(If Applicable)
506437546
What have you tried:
Customer was charged a rejection fee but they had sufficient funds 
Additional Information:
Account is cancelled 
POP sent to TM SOC Billing:

",Rejection Fee Dispute,0.95,Outcome pending – DB check required.
1796827,R  ,1/17/2026 12:32,202.7,0.0,ACC,,"Hi 
Customer was chargerd rejection fee for December but he had money on his bank account ,Telkom debited and credited money back on his account .
Bank statement attached.
",Rejection Fee Dispute,0.95,Outcome pending – DB check required.
1796836,J  ,1/18/2026 12:08,202.7,0.0,ACC,,Customer encountered multiple penalty charges because of the activation fee that was not explained to her and she reversed te first bill which then caused the first backout and the 2nd backout was caused by the 1st backout which was disputed by the agent at the call centre and i am also crediting back the 202.70 however i advised the customer she will be liable to pay the monthly subscription of january and the last bill of february which will have the penalty too and she will be ;iable for it ..customer understood but was not happy that the number is ceased with an order number of 2735907238A as she cannot use the remaining data she is left with ,Rejection Fee Dispute,0.95,Outcome pending – DB check required.
1798525,R  ,1/21/2026 9:51,202.7,0.0,ACC,,Customer disputes R202.70 charged on her account as she paid the account manually before debit order date.,Rejection Fee Dispute,0.97,Outcome pending – DB check required.
1806488,J  ,2/4/2026 10:19,202.7,0.0,ACC,,customer called in to dispute debit rejection fee R202.70 which an amount of R488.99 was debited on the 27th and customer had enough funds into the account bank statement attached as proof .,Rejection Fee Dispute,1.0,Outcome pending – DB check required.
1776212,R  ,12/8/2025 11:17,968.0,0.0,ACC,,customer made a payment the customer is getting billed for a invouce of 968 but customer made a pament for 679 and 202.70 is added,Rejection Fee Dispute,0.95,Outcome pending – DB check required.
1791200,J  ,1/9/2026 9:40,405.4,0.0,ACC,,"Good day,

The customer was charged a back-out fee in October due to a failed debit order on 30/09/2025. She then made a manual payment under the impression that the account was on a prepaid contract.

In December, the customer was charged again for a debit order rejection, after which she made another manual payment.

I am crediting the account, as the customer was not aware that she has been on a contract for the past three years and has had no previous debit order rejections.

The customer has now been informed of the contract terms and understands the billing process. She has committed to making payments at least 10 days in advance going forward.

Please note that late payment fees will apply if payments are not made on time",Rejection Fee Dispute,0.95,Outcome pending – DB check required.
1792035,J  ,1/12/2026 15:19,176.26,26.44,DEB,DCK,"Customer was not awere of amount that was going to be debited, customer made a manual payment ,  customer is desputing rejection fee",Rejection Fee Dispute,0.95,Outcome pending – DB check required.
1792073,R  ,1/12/2026 17:27,202.7,0.0,ACC,,"Good Day

Customer is disputing Backout payment 202.70 as customer made payment and Telkom still debitted account

Regards",Rejection Fee Dispute,0.95,Outcome pending – DB check required.
1776028,R  ,12/7/2025 12:42,202.7,0.0,ACC,,Customer was billed on 31 September 2025 in which the debit order did not take place resulting in debit order rejection fee of R202.70,Rejection Fee Dispute,1.0,Outcome pending – DB check required.
1781695,J  ,12/16/2025 15:25,5914.79,0.0,ACC,,"Good day, kindly assist with the below. 

The customer was billed for devices he never received or applied for and fraud case was logged and approved
View Case: 88607981

The customer was credited however there was further billing on his account (termination penalty and rejection fee) and currently has a balance of R5,914.79

Kindly assist with crediting the customer for the remaining charges as they are from the same fraudulent contract.",Rejection Fee Dispute,0.95,Outcome pending – DB check required.
1800139,R  ,1/26/2026 11:52,0.87,0.0,DEB,DCK,"Billing Case
 
Affected Number:
 0752412042/0659657736
Alternative Number:
 0679765938
Customers Name:
 NOTHANDO KHWELA
ID Number:
 9210160709081
Billing Arrangement:(If Applicable)
 344092483
FA ID Number:(If Applicable)
 509107545
What have you tried:
 
Additional Information:
 Customer was charge R202.70 which she is disputing the charges....customer wasn't debited ",Rejection Fee Dispute,0.97,Outcome pending – DB check required.
1799926,R  ,1/24/2026 13:39,202.7,0.0,ACC,,"Hi,

Kindly assist with debit order rejection fee on 30 Sep 2025. The was money in the client account however payment rejected.

Bankstatement attached on CRM.",Rejection Fee Dispute,0.97,Outcome pending – DB check required.
1800124,J  ,1/26/2026 10:34,202.7,0.0,ACC,,"

Customer is disputing the Rejection fee of the amount of R202.70 and the customer is on EFT.
Customer removed the banking details on November.



Customer is disputing the Debit order that she has been charged for each and every month the amount of R202.70n while she is not on debit order anymore.

Customer wanted this to be resolved as soon as possible as the invoice states that she will be debited the amount of R1525.68 on the 10/02/2026.

Acc:344102869
FA ID:509118575",Rejection Fee Dispute,1.0,Outcome pending – DB check required.
1800131,J  ,1/26/2026 10:58,202.7,0.0,ACC,,REJECTION FEE,Rejection Fee Dispute,0.95,Outcome pending – DB check required.
1782401,R  ,12/18/2025 11:10,404.0,0.0,ACC,,"good day 

please assist with customer dispute of R404 , customer had money on her account but they did not debit , now the customer is charged a rejection fee",Rejection Fee Dispute,0.95,Outcome pending – DB check required.
1783789,R  ,12/20/2025 11:53,1.0,0.0,ACC,,"Payment arrangement.

Customer Query : Customer would like a payment arrangement.
Affected Number:0817166023
Alternative Number:0817166023
Customers Name:CHRISTIAAN POTGIETER
ID Number:9101225107082
Billing Arrangement:334936374
FA ID Number:501588303
Status of account: Suspended and the account is in collection .
Amount in Collection:2,124.95 
Additional Information: 40 percent was paid
Customer did not agree on the plan, Customer can only afford to pay R -4,500.00inclusive of the subscription fee.
Customer agreed on the plan (30/30/40): Yes 
",Rejection Fee Dispute,0.95,Outcome pending – DB check required.
1799043,R  ,1/22/2026 12:24,202.7,0.0,ACC,,"Rejection Fee

Dispute Group: Subscription
Credit Reason: Subscription – FA 

Billing Template	 
Affected Number: 0751339038
Alternative Number:  0601374805
Customers Name:	Thendo Nemakhavhani 
ID Number: 9810140501084	 
Billing Arrangement:344296284	 
FA ID Number:509310858 
What have you tried: I have gone on the customer's account saw that money was update on the 28 November and on the 29 of November  Telkom tried to debit her and in December the was backout for November but back out was putted in the Januarys invoice so customer is disputing that amount.
Additional Information: customer is disputing the back out for November she saying she made a payment before the debit date and payment was allocated on the 11/28/2025 on her but still on the 29th she was still debited so she is disputing the 202,70 	",Rejection Fee Dispute,0.95,Outcome pending – DB check required.
1799711,R  ,1/23/2026 16:14,619.5,0.0,ACC,,"Good day,

Please assist.  Customer is disputing this amount as she says Telkom is deducting on the wrong dates when she asked for the debit order to off on the 5th yet the debit order dates are random. Customer then gets charged rejection fee as when the  debit order goes off there is no funds available. Customer would like for the debit order to be reinstated and penalties waived.

Kind Regards",Rejection Fee Dispute,0.99,Outcome pending – DB check required.
1800165,J  ,1/26/2026 13:19,202.7,0.0,ACC,,the customer was charged a payment rejection fee while they had funds on their account ,Rejection Fee Dispute,0.95,Outcome pending – DB check required.
1800166,R  ,1/26/2026 13:34,202.7,0.0,ACC,,"Good Day 

Kindly Please do assist customer states that he had money in the account however debit was reversed customer would like to dispurte the rejection fee 

identity number 0001285688089
affected number 0695120822
customers name mahlori mathebula


12/30/2025     Backout -603.00

Please find bank statement on Crm attached ",Rejection Fee Dispute,0.95,Outcome pending – DB check required.
1803485,J  ,1/29/2026 13:26,202.7,0.0,ACC,,"Esther Motaung
Customer said she made the maual payment and she is requesting the rejection fee charges be cleared. It is reflecting on the system, the payment she made.

Account subscriptions & once-off R 202.70Once-off charges
Description Service/No Reference Date/Period
Payment Rejection fee 129949878 02 Dec 25 R 202.70",Rejection Fee Dispute,0.97,Outcome pending – DB check required.
1804629,J  ,1/31/2026 12:41,202.7,0.0,ACC,,"Affected Number:0817274655

 

Alternative Number:0671074189

 

Customers Name:XOLILE ZAZINI

 

ID Number:8609216236083

 

Billing Arrangement:343927863

 

FA ID Number:508943006

 

What have you tried:Checked FA ID

 

Additional Information:Customer disputes rejection fee

",Rejection Fee Dispute,0.95,Outcome pending – DB check required.
1800268,R  ,1/27/2026 15:32,202.7,0.0,ACC,,"Good day

Please kindly credit the customer with the amount of R202.70 as she was want supposed to be charged beacause on her attached bank statement here on CRM , it shows that the debit ordr for December was successful.

please see the attached, on CRM",Rejection Fee Dispute,0.97,Outcome pending – DB check required.
1781894,J  ,12/17/2025 12:42,202.7,0.0,ACC,,"Natasha MARIMUTHOO 0785003472 
customer called in to dispute the rejection amount she was  informed by the last agent that she spoke too, to wait for the next invoice for her to dispute the rejection because she was not informed that if she make a payment on the 12/3/2025 we still gone debit the whole of R-1,809.41 that was due on the 12/5/2025 ",Rejection Fee Dispute,0.95,Outcome pending – DB check required.
1799367,J  ,1/23/2026 11:12,202.7,0.0,ACC,,"Maureen Mavimbela
Customer was not debited for Dec 2025. When I checked on the system it was rejected for Dec 2025 invoice, but in Nov 2025, she made a manual payment as well the debit order went off. She is requesting for the credit. 

Account subscriptions & once-off R 202.70Once-off charges
Description Service/No Reference Date/Period
Payment Rejection fee 197834988 09 Dec 25 R 202.70",Rejection Fee Dispute,0.97,Outcome pending – DB check required.
1802660,J  ,1/28/2026 9:39,202.7,0.0,ACC,,rejection fee,Rejection Fee Dispute,0.95,Outcome pending – DB check required.
1797155,R  ,1/17/2026 16:00,202.7,0.0,ACC,,"Good day

lease kindly assist with customers rejection fee for december the payment didnt go through 
but there was enough funds in the accouct.
Bank statement attached on crm.",Rejection Fee Dispute,0.95,Outcome pending – DB check required.
1802734,R  ,1/27/2026 14:34,374.28,0.0,ACC,,"Good day

Please assist with following the customer FA. customer was charged for missing the payment for December wich is R169 wich was payed on 18.01.2026 reflected on the 2026.01.20 customer was supposed to be billled R169 for 25.01.2026  for january customer was charged rejection fee but have funds assist with disputing R169 and R202.70

Best regards ",Rejection Fee Dispute,1.0,Outcome pending – DB check required.
1787130,J  ,1/2/2026 13:50,202.7,0.0,ACC,,"
The customer never had a active mandate which affected her bill

Rejection Fee was credited
",Rejection Fee Dispute,0.95,Outcome pending – DB check required.
1777299,J  ,12/10/2025 18:01,202.7,0.0,ACC,,"affected number: 0814330440
katleho SIBIYA
0111290086086
katlehosibiya7@gmail.com
0814330440
33 KARABO STREET, TOKOZA, GAUTENG, 



customer called to cancel contract, wanted to check settlement amount ... probed reason why customer syas due to billing ... says in Oct was not debited yet system charged unpaid debit order fees .... advised can send bank statement so we log disputes on behalf .... 

bank statement sent, attacjhed on crm ... customer had funds available but debit order returned unpaid , in an effort to retain logged dispute to reverse amount

Backout payment 202.70 Period: 11/1/2025-11/30/2025:",Rejection Fee Dispute,0.95,Outcome pending – DB check required.
1778125,J  ,12/11/2025 14:42,2837.8,0.0,ACC,,"i advised the customer that the he was charged debit rejection fees, late payments as well as reconnection fees
customer explained that the banking details that are captured on the system does not belong to him
i checked on easy avs and those are not his banking details and the customer has been paying manually every month and the customer was not even aware that they are debit on this account 62594533773which does not belong to him
backout R202.70x 14=2 837,8",Rejection Fee Dispute,1.0,Outcome pending – DB check required.
1778359,J  ,12/12/2025 12:14,202.7,0.0,ACC,,Rejection Fee Dispute,Rejection Fee Dispute,0.95,Outcome pending – DB check required.
1781747,J  ,12/17/2025 9:21,462.91,0.0,ACC,,"client was billed for Payment Rejection fee 245377682 30 Nov 25 R 202.70
Reconnection Fees 29 Nov 25 R 260.21 and the billing was wrong on our side from the first bill
202.70+260.21
=462.91",Rejection Fee Dispute,0.97,Outcome pending – DB check required.
1793869,R  ,1/14/2026 10:34,202.7,0.0,ACC,,"Good day

Please assist with customer with being charged with rejection fee were customer had money in her account on the day of the debit.",Rejection Fee Dispute,0.95,Outcome pending – DB check required.
1783479,J  ,12/19/2025 12:47,202.7,0.0,ACC,,"client says that the debit order was sappose to go off the 1st but instead it went of the 29 November and got backed out and 
now client is being billed for a Payment Rejection fee 265362468 02 Dec 25 R 202.70",Rejection Fee Dispute,0.97,Outcome pending – DB check required.
1785113,J  ,12/27/2025 18:07,202.7,0.0,ACC,,"Good day 

kindly assist customer has been charged on the wrong account since April . He has been charge debit other reject fees every month please assist crediting back that debit order rejection fees for the last 9 months ",Rejection Fee Dispute,0.99,Outcome pending – DB check required.
1803414,J  ,1/29/2026 11:09,202.7,0.0,ACC,,"Customer cancelled the account and the final invoice was generated and they were charging him the debit rejection fee amount was debited end of Dec and again in Jan Cx is being charged for another rejection fee amount.

Customer to be disputed the incorrect charges amount of R202.70.",Rejection Fee Dispute,0.99,Outcome pending – DB check required.
1803878,R  ,2/2/2026 10:05,1.0,0.0,ACC,,customer account was cancelled beacuse of none payment and made payment of the remaining about of R202.70 customer would like to receive a paid up letter on thus account mstoltz.stoltz413@gmail.com,Rejection Fee Dispute,0.97,Outcome pending – DB check required.
1782691,R  ,12/19/2025 8:56,405.4,0.0,ACC,,"Good day i hope all is well 

Kindly assist with disputing R405.40 as customer requested to have his banking details changed last month but was not changed customer was not aware that his details was not changed and when his came into store a few days before his debit date he found out that the debit would still go off on the old account customers banking detail was then changed and telkom will debit the new account next month but customer wants his rejection fee credited as this was not his mistake.

Regards",Rejection Fee Dispute,0.95,Outcome pending – DB check required.
1779340,R  ,12/15/2025 9:52,202.7,0.0,ACC,,Penalty fee R202.70,Rejection Fee Dispute,0.99,Outcome pending – DB check required.
1779274,R  ,12/14/2025 14:09,1.0,0.0,ACC,,"Good day 
I trsut you are well, 

Kindly assist with the following customer account.
Customer was double debited on 8/30/2025 for R1077.00 and origional contract fee is R598.00.
Thereafter the customer was then given a dispute however the money was taken from the R1077.00.

Please assist to urgently rectify

FA: 510037883
Thank you ",Rejection Fee Dispute,0.95,Outcome pending – DB check required.
1781769,R  ,12/17/2025 9:40,498.0,0.0,ACC,,"Affected Number: 0703750154

Alternative Number: 0795531176

Customers Name: nqoba mlangeni

ID Number: 9303266201085

Billing Arrangement:(If Applicable) 345694060

FA ID Number:(If Applicable) 510707017

What have you tried: Commitment period Start date 11/29/2025 3:32 PM,, Subscription & usage for 0703750154 Telkom FlexOn 2 Deal R 498.00Subscription services
Description Period
Device Subscription Fee 01 Dec 25 - 31 Dec 25 R 260.00Telkom FlexOn 2 01 Dec 25 - 31 Dec 25 R 139.00Deal Discount Wireless Activation Fee 29 Nov 25 -R 102.75Wireless Activation Fee 29 Nov 25 R 201.75Subtotal R 498.00Total (Charges for Nov 2025) R 1,017.51

Additional Information: Customer would like to dispute the December invoice the amount R498.00 she took the contract on the 29th of November 2025 his first payment was going to be in January 2026",Rejection Fee Dispute,0.95,Outcome pending – DB check required.
1787801,J  ,1/7/2026 8:11,202.7,0.0,ACC,,"
Billing Template
Affected Number:0692008476
Alternative Number:0846620745
Customers Name:LONDIWE DLAMINI
ID Number:9803120123086
Billing Arrangement:(If Applicable)340659223
FA ID Number:(If Applicable)505714014
What have you tried:Checked on FA
Additional Information:Customer would like to dispute rejection fee charged for the 29th of November as she was wrongfully advised that she will be debited on the 1 ",Rejection Fee Dispute,0.97,Outcome pending – DB check required.
1787817,J  ,1/7/2026 12:50,201.7,0.0,ACC,,"Incoming call
Contact Phone: 0814863635

Notes: 

Incoming call contact tel. no. 0814863635
Notes:
Name:FRANKLIN CULLIS
ID NO:8701205174084
Email address:frankie.cullis@gmail.com
338405958
503660515

cx request to be credited rejection feeR202.70 charge as he was not aware of instruction sent in 10 working days 

cx changed banking details in September  and we debited on the old account ",Rejection Fee Dispute,0.9,Outcome pending – DB check required.
1798934,J  ,1/22/2026 16:46,202.7,0.0,ACC,,"Rejection fee dispute for retain purposes 

Aff no:0752608056
id no:9611110237083
name:TIISETSO MOLAKENG
bar id:344273387
fa id:509287961",Rejection Fee Dispute,0.95,Outcome pending – DB check required.
1802738,R  ,1/27/2026 16:00,202.7,0.0,ACC,,"Affected Number:0676300279
Alternative Number:0815520215

Customers Name:Boitumelo Ndimande

ID Number:9601290345087
 
Billing Arrangement:344936314
 

FA ID Number:509949777

What have you tried:Checked on customer FA and BA account is in aareas with R421.70 .

Additional Information:Customer has been paying for her account manually from when her contract 
started . Customer was making payments prior than debit date . There was attempt of debit 
order on 10/31/2025 for R219 which was rejected but payment of same amount reflected on 
10/28/2025. Customer was then charged with rejection fee on November billing invoice .
Customer wants to dispute rejection fee charged on account.

POP sent to TM SOC Billing:No",Rejection Fee Dispute,0.97,Outcome pending – DB check required.
